/* SPDX-License-Identifier: GPL-2.0-only */
/* Generated by scripts/generate-no-signal-asset.sh; do not edit. */
static const u8 gc570d_no_signal_yuyv[] = {
  0x1e, 0x85, 0x1e, 0x7b, 0x1e, 0x85, 0x1e, 0x7b, 0x1e, 0x85, 0x1e, 0x7b,
  0x1e, 0x85, 0x1e, 0x7b, 0x1e, 0x85, 0x1e, 0x7b, 0x1e, 0x85, 0x1e, 0x7b,
  0x1e, 0x85, 0x1e, 0x7b, 0x1e, 0x85, 0x1e, 0x7b, 0x1e, 0x85, 0x1e, 0x7b,
  0x1e, 0x85, 0x1e, 0x7b, 0x1e, 0x85, 0x1e, 0x7b, 0x1e, 0x85, 0x1e, 0x7b,
  0x1e, 0x85, 0x1e, 0x7b, 0x1e, 0x85, 0x1e, 0x7b, 0x1e, 0x85, 0x1e, 0x7b,
  0x1e, 0x85, 0x1f, 0x7b, 0x1e, 0x85, 0x1f, 0x7b, 0x1f, 0x85, 0x1f, 0x7b,
  0x1f, 0x85, 0x1f, 0x7b, 0x1f, 0x85, 0x1f, 0x7b, 0x1f, 0x85, 0x1e, 0x7b,
  0x1e, 0x85, 0x1f, 0x7b, 0x1e, 0x85, 0x1f, 0x7b, 0x1e, 0x85, 0x1e, 0x7b,
  0x1f, 0x85, 0x1e, 0x7b, 0x1f, 0x85, 0x1f, 0x7b, 0x1e, 0x85, 0x1e, 0x7b,
  0x1e, 0x85, 0x1f, 0x7b, 0x1f, 0x85, 0x1f, 0x7b, 0x1f, 0x85, 0x1f, 0x7b,
  0x1f, 0x85, 0x1f, 0x7b, 0x1f, 0x85, 0x1f, 0x7b, 0x1f, 0x85, 0x1f, 0x7b,
  0x1e, 0x85, 0x1e, 0x7b, 0x1f, 0x85, 0x1e, 0x7b, 0x1e, 0x85, 0x1f, 0x7b,
  0x1f, 0x85, 0x1f, 0x7b, 0x1f, 0x85, 0x1f, 0x7b, 0x20, 0x85, 0x20, 0x7b,
  0x20, 0x85, 0x20, 0x7b, 0x20, 0x85, 0x20, 0x7b, 0x20, 0x85, 0x1f, 0x7b,
  0x1f, 0x85, 0x20, 0x7b, 0x20, 0x85, 0x20, 0x7b, 0x20, 0x85, 0x20, 0x7b,
  0x20, 0x85, 0x20, 0x7b, 0x20, 0x85, 0x20, 0x7b, 0x20, 0x86, 0x20, 0x7b,
  0x20, 0x85, 0x20, 0x7b, 0x20, 0x86, 0x21, 0x7b, 0x21, 0x86, 0x21, 0x7b,
  0x21, 0x86, 0x21, 0x7b, 0x21, 0x85, 0x21, 0x7b, 0x21, 0x86, 0x21, 0x7b,
  0x21, 0x86, 0x21, 0x7b, 0x21, 0x86, 0x21, 0x7b, 0x22, 0x86, 0x21, 0x7b,
  0x21, 0x86, 0x21, 0x7b, 0x22, 0x86, 0x22, 0x7b, 0x22, 0x86, 0x22, 0x7b,
  0x21, 0x86, 0x21, 0x7b, 0x22, 0x86, 0x22, 0x7b, 0x22, 0x86, 0x22, 0x7b,
  0x22, 0x86, 0x22, 0x7b, 0x23, 0x86, 0x23, 0x7b, 0x23, 0x86, 0x22, 0x7b,
  0x22, 0x86, 0x22, 0x7b, 0x22, 0x86, 0x23, 0x7b, 0x22, 0x86, 0x22, 0x7a,
  0x23, 0x86, 0x23, 0x7b, 0x23, 0x86, 0x23, 0x7b, 0x23, 0x86, 0x23, 0x7a,
  0x23, 0x86, 0x23, 0x7b, 0x23, 0x86, 0x23, 0x7a, 0x23, 0x86, 0x23, 0x7a,
  0x23, 0x86, 0x23, 0x7b, 0x23, 0x86, 0x23, 0x7b, 0x23, 0x86, 0x23, 0x7b,
  0x23, 0x86, 0x23, 0x7a, 0x23, 0x86, 0x23, 0x7a, 0x23, 0x86, 0x23, 0x7a,
  0x23, 0x86, 0x23, 0x7b, 0x24, 0x86, 0x23, 0x7a, 0x23, 0x86, 0x23, 0x7a,
  0x23, 0x86, 0x23, 0x7b, 0x24, 0x86, 0x23, 0x7a, 0x23, 0x86, 0x24, 0x7b,
  0x23, 0x86, 0x23, 0x7a, 0x23, 0x86, 0x23, 0x7a, 0x23, 0x86, 0x22, 0x7a,
  0x22, 0x86, 0x22, 0x7a, 0x22, 0x86, 0x22, 0x7b, 0x22, 0x86, 0x22, 0x7a,
  0x22, 0x86, 0x23, 0x7a, 0x23, 0x86, 0x23, 0x7b, 0x23, 0x86, 0x23, 0x7b,
  0x22, 0x86, 0x22, 0x7a, 0x22, 0x86, 0x22, 0x7a, 0x22, 0x86, 0x21, 0x7b,
  0x21, 0x86, 0x22, 0x7b, 0x22, 0x86, 0x22, 0x7b, 0x22, 0x86, 0x22, 0x7b,
  0x22, 0x86, 0x22, 0x7b, 0x22, 0x86, 0x22, 0x7b, 0x22, 0x86, 0x21, 0x7b,
  0x22, 0x86, 0x22, 0x7b, 0x21, 0x85, 0x21, 0x7b, 0x21, 0x85, 0x21, 0x7b,
  0x21, 0x86, 0x21, 0x7b, 0x21, 0x86, 0x21, 0x7b, 0x21, 0x85, 0x21, 0x7b,
  0x21, 0x85, 0x21, 0x7b, 0x21, 0x85, 0x21, 0x7b, 0x21, 0x85, 0x21, 0x7b,
  0x21, 0x85, 0x21, 0x7b, 0x20, 0x85, 0x20, 0x7b, 0x20, 0x85, 0x20, 0x7b,
  0x1f, 0x85, 0x20, 0x7b, 0x20, 0x85, 0x1f, 0x7b, 0x20, 0x85, 0x1f, 0x7b,
  0x20, 0x85, 0x20, 0x7b, 0x20, 0x85, 0x20, 0x7b, 0x20, 0x85, 0x1f, 0x7b,
  0x1f, 0x85, 0x1f, 0x7b, 0x1f, 0x85, 0x1f, 0x7b, 0x1f, 0x85, 0x1f, 0x7b,
  0x1f, 0x85, 0x1f, 0x7b, 0x1f, 0x85, 0x1f, 0x7b, 0x1f, 0x85, 0x1f, 0x7b,
  0x1f, 0x85, 0x1f, 0x7b, 0x1f, 0x85, 0x1f, 0x7b, 0x1f, 0x85, 0x1f, 0x7b,
  0x1e, 0x85, 0x1e, 0x7b, 0x1e, 0x85, 0x1e, 0x7b, 0x1e, 0x85, 0x1e, 0x7b,
  0x1e, 0x85, 0x1f, 0x7b, 0x1e, 0x85, 0x1f, 0x7b, 0x1f, 0x85, 0x1f, 0x7b,
  0x1e, 0x85, 0x1e, 0x7b, 0x1e, 0x85, 0x1e, 0x7b, 0x1e, 0x85, 0x1e, 0x7b,
  0x1e, 0x85, 0x1e, 0x7b, 0x1e, 0x85, 0x1e, 0x7b, 0x1e, 0x85, 0x1e, 0x7b,
  0x1e, 0x85, 0x1e, 0x7b, 0x1f, 0x85, 0x1e, 0x7b, 0x1e, 0x85, 0x1e, 0x7b,
  0x1e, 0x85, 0x1e, 0x7b, 0x1e, 0x85, 0x1e, 0x7b, 0x1e, 0x85, 0x1e, 0x7b,
  0x1e, 0x85, 0x1e, 0x7b, 0x1e, 0x85, 0x1e, 0x7b, 0x1e, 0x85, 0x1e, 0x7b,
  0x1e, 0x85, 0x1e, 0x7b, 0x1e, 0x85, 0x1e, 0x7b, 0x1e, 0x85, 0x1e, 0x7b,
  0x1e, 0x85, 0x1e, 0x7b, 0x1e, 0x85, 0x1e, 0x7b, 0x1e, 0x85, 0x1e, 0x7b,
  0x1e, 0x85, 0x1e, 0x7b, 0x1d, 0x85, 0x1e, 0x7b, 0x1e, 0x85, 0x1e, 0x7b,
  0x1e, 0x85, 0x1e, 0x7b, 0x1e, 0x85, 0x1e, 0x7b, 0x1e, 0x84, 0x1e, 0x7b,
  0x1e, 0x84, 0x1e, 0x7b, 0x1e, 0x85, 0x1e, 0x7b, 0x1e, 0x85, 0x1e, 0x7b,
  0x1e, 0x85, 0x1e, 0x7b, 0x1e, 0x85, 0x1e, 0x7b, 0x1e, 0x84, 0x1e, 0x7b,
  0x1e, 0x85, 0x1e, 0x7b, 0x1e, 0x85, 0x1e, 0x7b, 0x1e, 0x85, 0x1e, 0x7b,
  0x1e, 0x85, 0x1e, 0x7b, 0x1e, 0x85, 0x1e, 0x7b, 0x1f, 0x85, 0x1f, 0x7b,
  0x1f, 0x85, 0x1f, 0x7b, 0x1e, 0x85, 0x1f, 0x7b, 0x1f, 0x85, 0x1f, 0x7b,
  0x1e, 0x85, 0x1e, 0x7b, 0x1e, 0x85, 0x1e, 0x7b, 0x1f, 0x85, 0x1f, 0x7b,
  0x1e, 0x85, 0x1e, 0x7b, 0x1f, 0x85, 0x1f, 0x7b, 0x1f, 0x85, 0x1f, 0x7b,
  0x1f, 0x85, 0x1f, 0x7b, 0x1f, 0x85, 0x1f, 0x7b, 0x1f, 0x85, 0x1f, 0x7b,
  0x1f, 0x85, 0x1e, 0x7b, 0x1e, 0x85, 0x1e, 0x7b, 0x1f, 0x85, 0x1f, 0x7b,
  0x1f, 0x85, 0x1f, 0x7b, 0x1f, 0x85, 0x1f, 0x7b, 0x1f, 0x85, 0x1f, 0x7b,
  0x1f, 0x85, 0x1f, 0x7b, 0x1f, 0x85, 0x1f, 0x7b, 0x1f, 0x85, 0x20, 0x7b,
  0x20, 0x85, 0x1f, 0x7b, 0x20, 0x85, 0x1f, 0x7b, 0x1f, 0x85, 0x20, 0x7b,
  0x1f, 0x85, 0x1f, 0x7b, 0x20, 0x85, 0x1f, 0x7b, 0x1f, 0x85, 0x1f, 0x7b,
  0x20, 0x85, 0x20, 0x7b, 0x20, 0x85, 0x20, 0x7b, 0x1f, 0x85, 0x20, 0x7b,
  0x20, 0x86, 0x20, 0x7b, 0x20, 0x86, 0x20, 0x7b, 0x20, 0x85, 0x20, 0x7a,
  0x20, 0x85, 0x20, 0x7a, 0x21, 0x85, 0x20, 0x7a, 0x21, 0x86, 0x20, 0x7a,
  0x20, 0x85, 0x21, 0x7a, 0x21, 0x86, 0x21, 0x7a, 0x21, 0x86, 0x21, 0x7a,
  0x21, 0x86, 0x21, 0x7a, 0x21, 0x86, 0x21, 0x7a, 0x21, 0x85, 0x21, 0x7a,
  0x21, 0x86, 0x21, 0x7a, 0x21, 0x86, 0x21, 0x7a, 0x21, 0x86, 0x21, 0x7a,
  0x22, 0x86, 0x22, 0x7a, 0x22, 0x85, 0x22, 0x7a, 0x22, 0x86, 0x22, 0x7a,
  0x22, 0x86, 0x22, 0x7a, 0x22, 0x86, 0x22, 0x7a, 0x21, 0x86, 0x22, 0x7a,
  0x22, 0x86, 0x22, 0x7a, 0x23, 0x86, 0x23, 0x7a, 0x22, 0x86, 0x22, 0x7a,
  0x22, 0x86, 0x23, 0x7a, 0x22, 0x86, 0x22, 0x7a, 0x22, 0x86, 0x22, 0x7a,
  0x22, 0x86, 0x22, 0x7a, 0x23, 0x86, 0x23, 0x7a, 0x23, 0x86, 0x23, 0x7a,
  0x23, 0x86, 0x23, 0x7a, 0x22, 0x86, 0x22, 0x7a, 0x22, 0x86, 0x22, 0x7a,
  0x22, 0x86, 0x22, 0x7a, 0x22, 0x86, 0x22, 0x7a, 0x22, 0x86, 0x23, 0x7a,
  0x23, 0x86, 0x23, 0x7a, 0x23, 0x86, 0x23, 0x7a, 0x23, 0x86, 0x23, 0x7a,
  0x23, 0x86, 0x23, 0x7a, 0x23, 0x86, 0x23, 0x7a, 0x23, 0x86, 0x22, 0x7a,
  0x22, 0x86, 0x22, 0x7a, 0x22, 0x86, 0x22, 0x7a, 0x22, 0x86, 0x22, 0x7a,
  0x22, 0x86, 0x22, 0x7a, 0x22, 0x86, 0x22, 0x7a, 0x22, 0x86, 0x23, 0x7a,
  0x23, 0x86, 0x22, 0x7a, 0x22, 0x86, 0x22, 0x7a, 0x22, 0x86, 0x22, 0x7a,
  0x22, 0x86, 0x21, 0x7a, 0x21, 0x86, 0x21, 0x7a, 0x21, 0x85, 0x22, 0x7a,
  0x21, 0x86, 0x21, 0x7a, 0x21, 0x85, 0x21, 0x7a, 0x21, 0x85, 0x21, 0x7a,
  0x21, 0x85, 0x21, 0x7a, 0x21, 0x85, 0x21, 0x7a, 0x21, 0x85, 0x21, 0x7a,
  0x20, 0x85, 0x20, 0x7a, 0x21, 0x85, 0x20, 0x7a, 0x20, 0x85, 0x20, 0x7a,
  0x20, 0x85, 0x20, 0x7a, 0x20, 0x85, 0x20, 0x7b, 0x20, 0x85, 0x20, 0x7b,
  0x20, 0x85, 0x20, 0x7b, 0x20, 0x85, 0x20, 0x7b, 0x20, 0x85, 0x20, 0x7b,
  0x20, 0x85, 0x20, 0x7b, 0x1f, 0x85, 0x1f, 0x7b, 0x1f, 0x85, 0x1f, 0x7b,
  0x20, 0x85, 0x1f, 0x7b, 0x20, 0x85, 0x20, 0x7b, 0x1f, 0x85, 0x20, 0x7b,
  0x20, 0x85, 0x20, 0x7b, 0x1f, 0x85, 0x1f, 0x7b, 0x1f, 0x85, 0x1f, 0x7b,
  0x1f, 0x85, 0x1f, 0x7b, 0x1f, 0x85, 0x1f, 0x7b, 0x1f, 0x85, 0x1f, 0x7b,
  0x1f, 0x85, 0x1f, 0x7b, 0x1f, 0x85, 0x1f, 0x7a, 0x1f, 0x85, 0x1f, 0x7b,
  0x1f, 0x85, 0x1f, 0x7b, 0x1f, 0x85, 0x1f, 0x7b, 0x1e, 0x85, 0x1e, 0x7b,
  0x1e, 0x85, 0x1f, 0x7b, 0x1e, 0x85, 0x1e, 0x7b, 0x1f, 0x85, 0x1f, 0x7b,
  0x1f, 0x85, 0x1f, 0x7b, 0x1f, 0x85, 0x1e, 0x7b, 0x1e, 0x85, 0x1f, 0x7b,
  0x1e, 0x85, 0x1e, 0x7b, 0x1e, 0x85, 0x1f, 0x7b, 0x1e, 0x85, 0x1e, 0x7b,
  0x1e, 0x85, 0x1e, 0x7b, 0x1e, 0x85, 0x1e, 0x7b, 0x1f, 0x85, 0x1f, 0x7b,
  0x1e, 0x85, 0x1e, 0x7b, 0x1e, 0x85, 0x1e, 0x7b, 0x1e, 0x85, 0x1e, 0x7b,
  0x1e, 0x85, 0x1e, 0x7b, 0x1e, 0x85, 0x1e, 0x7b, 0x1e, 0x85, 0x1e, 0x7b,
  0x1e, 0x85, 0x1e, 0x7b, 0x1e, 0x84, 0x1e, 0x7b, 0x1e, 0x85, 0x1e, 0x7b,
  0x1e, 0x85, 0x1e, 0x7b, 0x1e, 0x85, 0x1e, 0x7b, 0x1d, 0x84, 0x1e, 0x7b,
  0x1e, 0x85, 0x1e, 0x7b, 0x1e, 0x84, 0x1e, 0x7b, 0x1d, 0x85, 0x1d, 0x7b,
  0x1d, 0x85, 0x1d, 0x7b, 0x1d, 0x85, 0x1d, 0x7b, 0x1e, 0x84, 0x1d, 0x7b,
  0x1e, 0x84, 0x1d, 0x7b, 0x1d, 0x84, 0x1e, 0x7b, 0x1e, 0x84, 0x1e, 0x7b,
  0x1d, 0x84, 0x1d, 0x7b, 0x1d, 0x85, 0x1d, 0x7b, 0x1d, 0x85, 0x1d, 0x7b,
  0x1d, 0x85, 0x1d, 0x7b, 0x1e, 0x84, 0x1e, 0x7b, 0x1e, 0x84, 0x1e, 0x7b,
  0x1e, 0x85, 0x1e, 0x7b, 0x1e, 0x85, 0x1e, 0x7b, 0x1e, 0x85, 0x1e, 0x7b,
  0x1e, 0x85, 0x1e, 0x7b, 0x1e, 0x85, 0x1e, 0x7b, 0x1e, 0x85, 0x1e, 0x7b,
  0x1e, 0x85, 0x1e, 0x7b, 0x1e, 0x85, 0x1e, 0x7b, 0x1e, 0x85, 0x1e, 0x7b,
  0x1e, 0x85, 0x1e, 0x7b, 0x1e, 0x85, 0x1e, 0x7b, 0x1e, 0x85, 0x1e, 0x7b,
  0x1e, 0x85, 0x1e, 0x7b, 0x1e, 0x85, 0x1e, 0x7b, 0x1e, 0x85, 0x1e, 0x7b,
  0x1e, 0x85, 0x1f, 0x7b, 0x1e, 0x85, 0x1e, 0x7b, 0x1e, 0x85, 0x1e, 0x7b,
  0x1e, 0x85, 0x1e, 0x7b, 0x1e, 0x85, 0x1e, 0x7b, 0x1f, 0x85, 0x1e, 0x7b,
  0x1f, 0x85, 0x1f, 0x7b, 0x1f, 0x85, 0x1f, 0x7b, 0x1f, 0x85, 0x1f, 0x7b,
  0x1f, 0x85, 0x1f, 0x7b, 0x20, 0x85, 0x1f, 0x7b, 0x1f, 0x85, 0x1f, 0x7b,
  0x1f, 0x85, 0x1f, 0x7b, 0x1f, 0x85, 0x1f, 0x7b, 0x1f, 0x85, 0x1f, 0x7b,
  0x20, 0x85, 0x1f, 0x7b, 0x1f, 0x85, 0x1f, 0x7a, 0x20, 0x85, 0x20, 0x7b,
  0x20, 0x85, 0x20, 0x7a, 0x20, 0x85, 0x20, 0x7a, 0x20, 0x85, 0x20, 0x7a,
  0x20, 0x85, 0x20, 0x7a, 0x20, 0x85, 0x20, 0x7a, 0x20, 0x85, 0x21, 0x7a,
  0x21, 0x85, 0x21, 0x7a, 0x21, 0x85, 0x21, 0x7a, 0x21, 0x85, 0x21, 0x7a,
  0x21, 0x85, 0x21, 0x7a, 0x21, 0x85, 0x21, 0x7a, 0x21, 0x85, 0x21, 0x7a,
  0x21, 0x85, 0x21, 0x7a, 0x22, 0x85, 0x21, 0x7a, 0x22, 0x86, 0x22, 0x7a,
  0x22, 0x86, 0x22, 0x7a, 0x22, 0x86, 0x22, 0x7a, 0x22, 0x85, 0x22, 0x7a,
  0x22, 0x86, 0x22, 0x7a, 0x22, 0x86, 0x22, 0x7a, 0x21, 0x86, 0x22, 0x7a,
  0x22, 0x86, 0x22, 0x7a, 0x22, 0x86, 0x22, 0x7a, 0x22, 0x86, 0x22, 0x7a,
  0x22, 0x86, 0x22, 0x7a, 0x22, 0x86, 0x22, 0x79, 0x23, 0x86, 0x22, 0x7a,
  0x22, 0x86, 0x22, 0x7a, 0x22, 0x86, 0x22, 0x7a, 0x22, 0x86, 0x22, 0x7a,
  0x22, 0x86, 0x22, 0x7a, 0x22, 0x86, 0x23, 0x7a, 0x23, 0x86, 0x23, 0x7a,
  0x23, 0x86, 0x22, 0x7a, 0x22, 0x86, 0x22, 0x7a, 0x22, 0x86, 0x22, 0x7a,
  0x22, 0x86, 0x22, 0x7a, 0x23, 0x86, 0x23, 0x7a, 0x23, 0x86, 0x22, 0x7a,
  0x23, 0x86, 0x23, 0x7a, 0x23, 0x86, 0x23, 0x79, 0x23, 0x86, 0x23, 0x7a,
  0x23, 0x86, 0x22, 0x7a, 0x22, 0x86, 0x22, 0x7a, 0x22, 0x86, 0x22, 0x7a,
  0x22, 0x86, 0x22, 0x7a, 0x22, 0x86, 0x22, 0x7a, 0x22, 0x86, 0x22, 0x7a,
  0x22, 0x86, 0x22, 0x7a, 0x22, 0x86, 0x22, 0x7a, 0x23, 0x86, 0x22, 0x7a,
  0x22, 0x86, 0x22, 0x7a, 0x22, 0x86, 0x22, 0x7a, 0x22, 0x86, 0x21, 0x7a,
  0x21, 0x86, 0x21, 0x7a, 0x21, 0x86, 0x21, 0x7a, 0x22, 0x85, 0x21, 0x7a,
  0x21, 0x85, 0x21, 0x7a, 0x21, 0x85, 0x21, 0x7a, 0x21, 0x85, 0x21, 0x7a,
  0x21, 0x85, 0x21, 0x7a, 0x21, 0x85, 0x21, 0x7a, 0x21, 0x86, 0x21, 0x7a,
  0x20, 0x85, 0x20, 0x7a, 0x20, 0x85, 0x20, 0x7a, 0x20, 0x85, 0x20, 0x7b,
  0x20, 0x85, 0x20, 0x7a, 0x20, 0x85, 0x20, 0x7b, 0x20, 0x85, 0x20, 0x7b,
  0x20, 0x85, 0x20, 0x7b, 0x20, 0x85, 0x20, 0x7b, 0x20, 0x85, 0x1f, 0x7b,
  0x1f, 0x85, 0x1f, 0x7b, 0x1f, 0x85, 0x1f, 0x7b, 0x1f, 0x85, 0x20, 0x7b,
  0x1f, 0x85, 0x20, 0x7b, 0x1f, 0x85, 0x1f, 0x7b, 0x1f, 0x85, 0x1f, 0x7b,
  0x1f, 0x85, 0x1e, 0x7b, 0x1f, 0x85, 0x1f, 0x7b, 0x1f, 0x85, 0x1f, 0x7b,
  0x1f, 0x85, 0x1e, 0x7b, 0x1e, 0x85, 0x1f, 0x7b, 0x1f, 0x85, 0x1e, 0x7a,
  0x1e, 0x85, 0x1e, 0x7a, 0x1e, 0x85, 0x1e, 0x7b, 0x1e, 0x85, 0x1e, 0x7b,
  0x1e, 0x85, 0x1e, 0x7b, 0x1e, 0x85, 0x1e, 0x7b, 0x1e, 0x85, 0x1e, 0x7b,
  0x1e, 0x85, 0x1e, 0x7b, 0x1e, 0x85, 0x1e, 0x7b, 0x1e, 0x85, 0x1e, 0x7b,
  0x1e, 0x85, 0x1e, 0x7b, 0x1e, 0x85, 0x1d, 0x7b, 0x1d, 0x85, 0x1e, 0x7b,
  0x1e, 0x85, 0x1e, 0x7b, 0x1e, 0x85, 0x1e, 0x7b, 0x1e, 0x85, 0x1e, 0x7b,
  0x1d, 0x85, 0x1e, 0x7b, 0x1e, 0x85, 0x1e, 0x7b, 0x1e, 0x84, 0x1d, 0x7b,
  0x1e, 0x85, 0x1d, 0x7b, 0x1d, 0x85, 0x1d, 0x7b, 0x1e, 0x84, 0x1e, 0x7b,
  0x1e, 0x85, 0x1e, 0x7b, 0x1e, 0x84, 0x1e, 0x7b, 0x1e, 0x85, 0x1d, 0x7b,
  0x1d, 0x84, 0x1d, 0x7b, 0x1e, 0x84, 0x1d, 0x7b, 0x1d, 0x84, 0x1d, 0x7b,
  0x1d, 0x85, 0x1d, 0x7b, 0x1d, 0x85, 0x1d, 0x7b, 0x1d, 0x84, 0x1d, 0x7b,
  0x1d, 0x84, 0x1d, 0x7b, 0x1d, 0x84, 0x1d, 0x7b, 0x1e, 0x84, 0x1d, 0x7b,
  0x1d, 0x84, 0x1d, 0x7b, 0x1d, 0x84, 0x1e, 0x7b, 0x1d, 0x83, 0x1e, 0x7b,
  0x1e, 0x84, 0x1d, 0x7b, 0x1d, 0x84, 0x1d, 0x7b, 0x1d, 0x84, 0x1d, 0x7a,
  0x1e, 0x84, 0x1d, 0x7b, 0x1d, 0x84, 0x1d, 0x7b, 0x1d, 0x84, 0x1e, 0x7b,
  0x1e, 0x84, 0x1e, 0x7b, 0x1e, 0x84, 0x1e, 0x7b, 0x1e, 0x84, 0x1e, 0x7a,
  0x1e, 0x84, 0x1e, 0x7b, 0x1e, 0x84, 0x1e, 0x7b, 0x1e, 0x84, 0x1e, 0x7b,
  0x1e, 0x84, 0x1e, 0x7b, 0x1e, 0x84, 0x1e, 0x7b, 0x1e, 0x84, 0x1e, 0x7b,
  0x1e, 0x84, 0x1e, 0x7b, 0x1e, 0x84, 0x1e, 0x7b, 0x1f, 0x84, 0x1e, 0x7b,
  0x1e, 0x84, 0x1e, 0x7b, 0x1e, 0x84, 0x1e, 0x7b, 0x1e, 0x84, 0x1e, 0x7b,
  0x1e, 0x84, 0x1e, 0x7b, 0x1f, 0x84, 0x1e, 0x7b, 0x1e, 0x84, 0x1e, 0x7b,
  0x1e, 0x84, 0x1e, 0x7b, 0x1f, 0x84, 0x1e, 0x7b, 0x1e, 0x84, 0x1f, 0x7a,
  0x1f, 0x84, 0x1f, 0x7b, 0x1f, 0x84, 0x1f, 0x7b, 0x1f, 0x84, 0x1f, 0x7b,
  0x1f, 0x84, 0x1f, 0x7b, 0x1f, 0x84, 0x1f, 0x7a, 0x1f, 0x84, 0x1f, 0x7b,
  0x1f, 0x84, 0x20, 0x7b, 0x1f, 0x84, 0x1f, 0x7a, 0x1f, 0x84, 0x1f, 0x7b,
  0x1f, 0x84, 0x1f, 0x7b, 0x1f, 0x84, 0x20, 0x7a, 0x20, 0x84, 0x1f, 0x7a,
  0x1f, 0x84, 0x20, 0x7a, 0x20, 0x85, 0x20, 0x7a, 0x20, 0x85, 0x20, 0x7a,
  0x20, 0x85, 0x20, 0x7a, 0x20, 0x85, 0x20, 0x7a, 0x20, 0x85, 0x20, 0x7a,
  0x20, 0x85, 0x21, 0x7a, 0x21, 0x85, 0x21, 0x7a, 0x20, 0x85, 0x21, 0x7a,
  0x21, 0x85, 0x21, 0x7a, 0x21, 0x85, 0x21, 0x7a, 0x21, 0x85, 0x21, 0x7a,
  0x21, 0x85, 0x21, 0x7a, 0x21, 0x85, 0x21, 0x7a, 0x22, 0x85, 0x22, 0x7a,
  0x22, 0x85, 0x22, 0x7a, 0x21, 0x85, 0x22, 0x7a, 0x22, 0x85, 0x22, 0x7a,
  0x22, 0x85, 0x22, 0x7a, 0x22, 0x85, 0x22, 0x7a, 0x22, 0x85, 0x22, 0x7a,
  0x22, 0x85, 0x22, 0x7a, 0x22, 0x85, 0x22, 0x7a, 0x22, 0x85, 0x23, 0x7a,
  0x23, 0x85, 0x23, 0x7a, 0x23, 0x85, 0x23, 0x7a, 0x22, 0x85, 0x22, 0x7a,
  0x22, 0x85, 0x22, 0x7a, 0x23, 0x85, 0x23, 0x7a, 0x22, 0x85, 0x23, 0x7a,
  0x23, 0x85, 0x23, 0x7a, 0x22, 0x85, 0x23, 0x7a, 0x23, 0x85, 0x23, 0x7a,
  0x23, 0x85, 0x23, 0x7a, 0x23, 0x85, 0x23, 0x7a, 0x22, 0x85, 0x22, 0x7a,
  0x23, 0x85, 0x23, 0x7a, 0x23, 0x85, 0x23, 0x7a, 0x23, 0x85, 0x23, 0x7a,
  0x23, 0x85, 0x23, 0x7a, 0x23, 0x85, 0x24, 0x7a, 0x23, 0x85, 0x24, 0x7a,
  0x23, 0x85, 0x23, 0x7a, 0x23, 0x85, 0x22, 0x7a, 0x22, 0x85, 0x22, 0x7a,
  0x22, 0x85, 0x22, 0x7a, 0x22, 0x85, 0x22, 0x7a, 0x23, 0x85, 0x22, 0x7a,
  0x22, 0x85, 0x22, 0x7a, 0x22, 0x85, 0x22, 0x7a, 0x23, 0x85, 0x22, 0x7a,
  0x22, 0x85, 0x22, 0x7a, 0x22, 0x85, 0x22, 0x7a, 0x22, 0x85, 0x22, 0x7a,
  0x22, 0x85, 0x21, 0x7a, 0x22, 0x85, 0x21, 0x7a, 0x21, 0x85, 0x21, 0x7a,
  0x21, 0x85, 0x21, 0x7a, 0x21, 0x85, 0x21, 0x7a, 0x21, 0x85, 0x21, 0x7a,
  0x21, 0x85, 0x20, 0x7a, 0x21, 0x85, 0x21, 0x7a, 0x21, 0x85, 0x21, 0x7a,
  0x20, 0x85, 0x20, 0x7a, 0x20, 0x85, 0x20, 0x7a, 0x20, 0x85, 0x20, 0x7a,
  0x20, 0x84, 0x20, 0x7a, 0x20, 0x84, 0x20, 0x7a, 0x20, 0x84, 0x20, 0x7b,
  0x20, 0x84, 0x20, 0x7a, 0x20, 0x84, 0x1f, 0x7b, 0x1f, 0x84, 0x20, 0x7a,
  0x20, 0x84, 0x1f, 0x7b, 0x20, 0x84, 0x1f, 0x7a, 0x1f, 0x84, 0x1f, 0x7b,
  0x1f, 0x84, 0x20, 0x7a, 0x1f, 0x84, 0x20, 0x7b, 0x1f, 0x84, 0x20, 0x7a,
  0x1f, 0x84, 0x1f, 0x7a, 0x1f, 0x84, 0x1f, 0x7b, 0x1f, 0x84, 0x1f, 0x7b,
  0x1f, 0x84, 0x1f, 0x7a, 0x1f, 0x84, 0x1f, 0x7b, 0x1f, 0x84, 0x1f, 0x7b,
  0x1f, 0x84, 0x1f, 0x7b, 0x1e, 0x84, 0x1f, 0x7b, 0x1e, 0x84, 0x1e, 0x7b,
  0x1f, 0x84, 0x1e, 0x7b, 0x1f, 0x84, 0x1e, 0x7a, 0x1e, 0x84, 0x1e, 0x7b,
  0x1e, 0x84, 0x1e, 0x7a, 0x1e, 0x84, 0x1e, 0x7b, 0x1e, 0x84, 0x1f, 0x7b,
  0x1e, 0x84, 0x1e, 0x7a, 0x1e, 0x84, 0x1e, 0x7b, 0x1e, 0x84, 0x1e, 0x7b,
  0x1e, 0x84, 0x1e, 0x7b, 0x1e, 0x84, 0x1e, 0x7b, 0x1e, 0x84, 0x1e, 0x7b,
  0x1e, 0x84, 0x1e, 0x7a, 0x1e, 0x84, 0x1e, 0x7b, 0x1e, 0x84, 0x1e, 0x7b,
  0x1e, 0x84, 0x1d, 0x7b, 0x1e, 0x84, 0x1d, 0x7b, 0x1d, 0x84, 0x1e, 0x7b,
  0x1d, 0x84, 0x1d, 0x7b, 0x1e, 0x84, 0x1e, 0x7b, 0x1e, 0x84, 0x1d, 0x7a,
  0x1d, 0x84, 0x1d, 0x7b, 0x1d, 0x84, 0x1d, 0x7b, 0x1d, 0x84, 0x1d, 0x7b,
  0x1d, 0x84, 0x1d, 0x7b, 0x1d, 0x84, 0x1d, 0x7b, 0x1d, 0x84, 0x1d, 0x7b,
  0x1d, 0x84, 0x1d, 0x7b, 0x1d, 0x84, 0x1d, 0x7b, 0x1d, 0x84, 0x1d, 0x7b,
  0x1d, 0x84, 0x1d, 0x7b, 0x1d, 0x84, 0x1e, 0x7b, 0x1d, 0x84, 0x1d, 0x7b,
  0x1e, 0x85, 0x1e, 0x7b, 0x1d, 0x84, 0x1e, 0x7b, 0x1e, 0x84, 0x1e, 0x7b,
  0x1e, 0x84, 0x1e, 0x7b, 0x1d, 0x84, 0x1e, 0x7b, 0x1e, 0x84, 0x1e, 0x7b,
  0x1d, 0x84, 0x1e, 0x7b, 0x1e, 0x84, 0x1e, 0x7b, 0x1e, 0x84, 0x1e, 0x7b,
  0x1e, 0x85, 0x1e, 0x7b, 0x1e, 0x84, 0x1e, 0x7b, 0x1e, 0x85, 0x1e, 0x7b,
  0x1e, 0x85, 0x1e, 0x7b, 0x1e, 0x84, 0x1e, 0x7b, 0x1e, 0x85, 0x1e, 0x7b,
  0x1e, 0x84, 0x1e, 0x7b, 0x1e, 0x84, 0x1e, 0x7b, 0x1e, 0x85, 0x1e, 0x7b,
  0x1f, 0x84, 0x1e, 0x7b, 0x1e, 0x85, 0x1e, 0x7b, 0x1e, 0x85, 0x1f, 0x7b,
  0x1e, 0x85, 0x1e, 0x7b, 0x1e, 0x84, 0x1e, 0x7b, 0x1f, 0x85, 0x1e, 0x7a,
  0x1e, 0x85, 0x1e, 0x7b, 0x1e, 0x85, 0x1e, 0x7b, 0x1f, 0x85, 0x1f, 0x7b,
  0x1f, 0x84, 0x1f, 0x7b, 0x1f, 0x84, 0x1f, 0x7b, 0x1f, 0x84, 0x1f, 0x7b,
  0x1f, 0x85, 0x1f, 0x7b, 0x1f, 0x85, 0x1f, 0x7a, 0x1f, 0x85, 0x1f, 0x7b,
  0x1f, 0x85, 0x1f, 0x7a, 0x1f, 0x85, 0x1f, 0x7a, 0x1f, 0x85, 0x1f, 0x7b,
  0x1f, 0x85, 0x20, 0x7b, 0x1f, 0x85, 0x20, 0x7b, 0x1f, 0x85, 0x1f, 0x7b,
  0x20, 0x85, 0x20, 0x7b, 0x20, 0x85, 0x20, 0x7a, 0x20, 0x85, 0x20, 0x7a,
  0x20, 0x85, 0x20, 0x7a, 0x20, 0x85, 0x20, 0x7a, 0x20, 0x85, 0x20, 0x7a,
  0x20, 0x85, 0x20, 0x7a, 0x21, 0x85, 0x21, 0x7a, 0x21, 0x85, 0x21, 0x7a,
  0x21, 0x85, 0x20, 0x7a, 0x21, 0x85, 0x21, 0x7a, 0x21, 0x85, 0x21, 0x7a,
  0x20, 0x85, 0x21, 0x7a, 0x21, 0x85, 0x21, 0x7a, 0x21, 0x85, 0x21, 0x7a,
  0x22, 0x85, 0x22, 0x7a, 0x22, 0x85, 0x22, 0x7a, 0x22, 0x85, 0x22, 0x7a,
  0x22, 0x85, 0x22, 0x7a, 0x22, 0x86, 0x21, 0x7a, 0x22, 0x86, 0x22, 0x7a,
  0x22, 0x85, 0x22, 0x7a, 0x22, 0x85, 0x22, 0x7a, 0x22, 0x85, 0x23, 0x7a,
  0x22, 0x85, 0x23, 0x7a, 0x22, 0x85, 0x22, 0x7a, 0x22, 0x85, 0x22, 0x7a,
  0x23, 0x86, 0x23, 0x79, 0x22, 0x86, 0x22, 0x7a, 0x23, 0x86, 0x22, 0x7a,
  0x22, 0x85, 0x22, 0x7a, 0x22, 0x86, 0x22, 0x7a, 0x22, 0x85, 0x23, 0x7a,
  0x23, 0x86, 0x22, 0x7a, 0x22, 0x86, 0x22, 0x7a, 0x22, 0x85, 0x22, 0x7a,
  0x22, 0x86, 0x22, 0x7a, 0x22, 0x85, 0x22, 0x7a, 0x23, 0x86, 0x23, 0x7a,
  0x23, 0x86, 0x23, 0x7a, 0x23, 0x86, 0x23, 0x7a, 0x23, 0x86, 0x23, 0x79,
  0x23, 0x86, 0x23, 0x7a, 0x23, 0x85, 0x23, 0x7a, 0x23, 0x85, 0x23, 0x7a,
  0x22, 0x85, 0x22, 0x7a, 0x22, 0x85, 0x22, 0x7a, 0x22, 0x86, 0x22, 0x7a,
  0x22, 0x85, 0x22, 0x7a, 0x23, 0x85, 0x23, 0x7a, 0x23, 0x85, 0x23, 0x7a,
  0x22, 0x85, 0x22, 0x7a, 0x22, 0x86, 0x22, 0x7a, 0x22, 0x86, 0x22, 0x7a,
  0x22, 0x85, 0x22, 0x7a, 0x21, 0x86, 0x21, 0x7a, 0x21, 0x85, 0x21, 0x7a,
  0x21, 0x85, 0x21, 0x7a, 0x21, 0x85, 0x21, 0x7a, 0x21, 0x85, 0x21, 0x7a,
  0x21, 0x85, 0x21, 0x7a, 0x20, 0x85, 0x21, 0x7a, 0x20, 0x85, 0x21, 0x7a,
  0x20, 0x85, 0x20, 0x7a, 0x20, 0x85, 0x20, 0x7a, 0x20, 0x85, 0x20, 0x7a,
  0x20, 0x85, 0x20, 0x7a, 0x20, 0x85, 0x20, 0x7a, 0x20, 0x85, 0x20, 0x7a,
  0x20, 0x85, 0x20, 0x7b, 0x20, 0x85, 0x20, 0x7a, 0x20, 0x85, 0x20, 0x7a,
  0x1f, 0x85, 0x1f, 0x7b, 0x1f, 0x85, 0x1f, 0x7b, 0x1f, 0x85, 0x20, 0x7a,
  0x20, 0x85, 0x1f, 0x7b, 0x20, 0x85, 0x1f, 0x7b, 0x1f, 0x85, 0x1f, 0x7a,
  0x20, 0x85, 0x20, 0x7b, 0x20, 0x84, 0x20, 0x7b, 0x1f, 0x85, 0x1f, 0x7b,
  0x1f, 0x85, 0x1f, 0x7b, 0x1f, 0x85, 0x1f, 0x7b, 0x1f, 0x85, 0x1f, 0x7b,
  0x1f, 0x85, 0x1f, 0x7b, 0x1f, 0x85, 0x1f, 0x7b, 0x1f, 0x84, 0x1f, 0x7b,
  0x1f, 0x85, 0x1f, 0x7b, 0x1f, 0x85, 0x1f, 0x7b, 0x1e, 0x85, 0x1e, 0x7a,
  0x1e, 0x84, 0x1e, 0x7b, 0x1e, 0x85, 0x1e, 0x7b, 0x1e, 0x85, 0x1e, 0x7b,
  0x1e, 0x85, 0x1e, 0x7b, 0x1e, 0x85, 0x1e, 0x7b, 0x1e, 0x85, 0x1e, 0x7b,
  0x1e, 0x85, 0x1e, 0x7b, 0x1e, 0x85, 0x1d, 0x7b, 0x1e, 0x85, 0x1e, 0x7b,
  0x1e, 0x85, 0x1e, 0x7b, 0x1e, 0x84, 0x1e, 0x7b, 0x1e, 0x84, 0x1e, 0x7b,
  0x1e, 0x84, 0x1d, 0x7b, 0x1e, 0x84, 0x1e, 0x7b, 0x1d, 0x84, 0x1d, 0x7b,
  0x1e, 0x84, 0x1d, 0x7b, 0x1d, 0x84, 0x1e, 0x7b, 0x1e, 0x85, 0x1e, 0x7b,
  0x1e, 0x84, 0x1d, 0x7b, 0x1d, 0x84, 0x1d, 0x7b, 0x1e, 0x85, 0x1d, 0x7b,
  0x1d, 0x85, 0x1d, 0x7b, 0x1d, 0x84, 0x1d, 0x7b, 0x1d, 0x84, 0x1d, 0x7b,
  0x1d, 0x84, 0x1d, 0x7b, 0x1d, 0x84, 0x1d, 0x7b, 0x1d, 0x84, 0x1d, 0x7b,
  0x1d, 0x84, 0x1d, 0x7b, 0x1e, 0x84, 0x1e, 0x7b, 0x1e, 0x84, 0x1e, 0x7b,
  0x1e, 0x84, 0x1d, 0x7b, 0x1e, 0x84, 0x1e, 0x7b, 0x1e, 0x84, 0x1e, 0x7b,
  0x1e, 0x84, 0x1e, 0x7b, 0x1e, 0x84, 0x1e, 0x7b, 0x1e, 0x84, 0x1e, 0x7b,
  0x1e, 0x84, 0x1e, 0x7b, 0x1e, 0x84, 0x1e, 0x7b, 0x1e, 0x84, 0x1f, 0x7b,
  0x1e, 0x84, 0x1e, 0x7b, 0x1e, 0x84, 0x1e, 0x7b, 0x1e, 0x84, 0x1e, 0x7b,
  0x1e, 0x84, 0x1e, 0x7b, 0x1e, 0x84, 0x1f, 0x7b, 0x1e, 0x84, 0x1e, 0x7b,
  0x1e, 0x84, 0x1e, 0x7b, 0x1f, 0x84, 0x1e, 0x7b, 0x1e, 0x84, 0x1e, 0x7b,
  0x1f, 0x84, 0x1f, 0x7b, 0x1f, 0x84, 0x1f, 0x7b, 0x1f, 0x84, 0x1e, 0x7b,
  0x1e, 0x84, 0x1e, 0x7b, 0x1e, 0x84, 0x1f, 0x7b, 0x1e, 0x84, 0x1f, 0x7b,
  0x1e, 0x84, 0x1f, 0x7b, 0x1f, 0x84, 0x1f, 0x7b, 0x1f, 0x84, 0x1f, 0x7b,
  0x1f, 0x84, 0x1f, 0x7b, 0x1f, 0x84, 0x1f, 0x7b, 0x1f, 0x84, 0x1f, 0x7b,
  0x1f, 0x84, 0x1f, 0x7b, 0x1f, 0x84, 0x1f, 0x7b, 0x1f, 0x84, 0x1f, 0x7a,
  0x1f, 0x84, 0x1f, 0x7b, 0x1f, 0x85, 0x1f, 0x7a, 0x1f, 0x85, 0x1f, 0x7a,
  0x1f, 0x85, 0x1f, 0x7b, 0x1f, 0x85, 0x1f, 0x7b, 0x1f, 0x84, 0x1f, 0x7b,
  0x1f, 0x85, 0x20, 0x7b, 0x20, 0x85, 0x20, 0x7a, 0x20, 0x85, 0x20, 0x7a,
  0x20, 0x85, 0x20, 0x7a, 0x20, 0x85, 0x20, 0x7a, 0x20, 0x85, 0x20, 0x7a,
  0x21, 0x85, 0x20, 0x7a, 0x20, 0x85, 0x20, 0x7a, 0x21, 0x85, 0x21, 0x7a,
  0x21, 0x85, 0x21, 0x7a, 0x21, 0x85, 0x21, 0x7a, 0x21, 0x85, 0x21, 0x7a,
  0x22, 0x85, 0x22, 0x7a, 0x21, 0x85, 0x21, 0x7a, 0x21, 0x85, 0x21, 0x7a,
  0x21, 0x85, 0x21, 0x7a, 0x22, 0x85, 0x22, 0x7a, 0x22, 0x85, 0x22, 0x7a,
  0x22, 0x86, 0x22, 0x7a, 0x22, 0x86, 0x22, 0x7a, 0x22, 0x86, 0x22, 0x7a,
  0x22, 0x86, 0x23, 0x7a, 0x22, 0x85, 0x22, 0x7a, 0x22, 0x85, 0x23, 0x7a,
  0x22, 0x85, 0x23, 0x7a, 0x22, 0x86, 0x23, 0x7a, 0x22, 0x86, 0x23, 0x7a,
  0x23, 0x86, 0x23, 0x7a, 0x23, 0x86, 0x23, 0x7a, 0x23, 0x86, 0x23, 0x7a,
  0x23, 0x86, 0x23, 0x7a, 0x23, 0x86, 0x22, 0x7a, 0x22, 0x85, 0x22, 0x7a,
  0x22, 0x85, 0x22, 0x7a, 0x22, 0x85, 0x23, 0x7a, 0x23, 0x86, 0x23, 0x7a,
  0x23, 0x86, 0x23, 0x7a, 0x23, 0x85, 0x23, 0x7a, 0x22, 0x85, 0x23, 0x7a,
  0x23, 0x86, 0x23, 0x7a, 0x23, 0x86, 0x23, 0x7a, 0x23, 0x86, 0x24, 0x7a,
  0x23, 0x86, 0x23, 0x7a, 0x23, 0x86, 0x23, 0x7a, 0x23, 0x86, 0x23, 0x7a,
  0x23, 0x86, 0x23, 0x7a, 0x23, 0x86, 0x23, 0x7a, 0x23, 0x85, 0x23, 0x7a,
  0x23, 0x85, 0x23, 0x7a, 0x23, 0x86, 0x23, 0x7a, 0x23, 0x85, 0x23, 0x7a,
  0x22, 0x85, 0x23, 0x7a, 0x23, 0x85, 0x22, 0x7a, 0x22, 0x85, 0x22, 0x7a,
  0x22, 0x85, 0x22, 0x7a, 0x22, 0x86, 0x22, 0x7a, 0x22, 0x85, 0x22, 0x7a,
  0x22, 0x85, 0x21, 0x7a, 0x22, 0x85, 0x22, 0x7a, 0x21, 0x85, 0x21, 0x7a,
  0x21, 0x85, 0x22, 0x7a, 0x22, 0x85, 0x21, 0x7a, 0x21, 0x85, 0x21, 0x7a,
  0x21, 0x85, 0x21, 0x7a, 0x21, 0x85, 0x20, 0x7a, 0x20, 0x85, 0x20, 0x7a,
  0x21, 0x85, 0x20, 0x7a, 0x20, 0x85, 0x20, 0x7b, 0x20, 0x85, 0x20, 0x7a,
  0x20, 0x85, 0x20, 0x7b, 0x20, 0x85, 0x20, 0x7a, 0x20, 0x84, 0x20, 0x7b,
  0x20, 0x85, 0x20, 0x7b, 0x1f, 0x84, 0x20, 0x7b, 0x20, 0x85, 0x20, 0x7b,
  0x20, 0x84, 0x20, 0x7b, 0x1f, 0x85, 0x20, 0x7b, 0x1f, 0x85, 0x1f, 0x7b,
  0x1f, 0x85, 0x20, 0x7b, 0x1f, 0x84, 0x1f, 0x7b, 0x1f, 0x84, 0x1f, 0x7b,
  0x20, 0x84, 0x20, 0x7b, 0x1f, 0x85, 0x1f, 0x7b, 0x1f, 0x84, 0x1f, 0x7b,
  0x1f, 0x84, 0x1f, 0x7a, 0x1f, 0x84, 0x1f, 0x7a, 0x1f, 0x85, 0x1f, 0x7b,
  0x1f, 0x84, 0x1f, 0x7b, 0x1f, 0x84, 0x1f, 0x7b, 0x1f, 0x84, 0x1f, 0x7b,
  0x1f, 0x84, 0x1f, 0x7b, 0x1e, 0x84, 0x1e, 0x7b, 0x1f, 0x84, 0x1f, 0x7b,
  0x1e, 0x84, 0x1f, 0x7b, 0x1f, 0x84, 0x1e, 0x7b, 0x1e, 0x84, 0x1e, 0x7b,
  0x1e, 0x84, 0x1e, 0x7b, 0x1e, 0x84, 0x1e, 0x7b, 0x1e, 0x84, 0x1e, 0x7b,
  0x1e, 0x84, 0x1e, 0x7b, 0x1e, 0x84, 0x1e, 0x7b, 0x1e, 0x84, 0x1e, 0x7b,
  0x1e, 0x84, 0x1e, 0x7b, 0x1e, 0x84, 0x1e, 0x7b, 0x1e, 0x84, 0x1e, 0x7b,
  0x1e, 0x84, 0x1e, 0x7b, 0x1e, 0x84, 0x1e, 0x7b, 0x1e, 0x84, 0x1e, 0x7b,
  0x1e, 0x84, 0x1e, 0x7b, 0x1e, 0x84, 0x1e, 0x7b, 0x1e, 0x84, 0x1e, 0x7b,
  0x1e, 0x84, 0x1d, 0x7b, 0x1e, 0x84, 0x1d, 0x7b, 0x1d, 0x84, 0x1d, 0x7b,
  0x1e, 0x84, 0x1e, 0x7b, 0x1d, 0x84, 0x1d, 0x7b, 0x1d, 0x84, 0x1e, 0x7b,
  0x1d, 0x84, 0x1d, 0x7b, 0x1d, 0x84, 0x1d, 0x7b, 0x1d, 0x84, 0x1d, 0x7b,
  0x1d, 0x84, 0x1d, 0x7b, 0x1d, 0x84, 0x1d, 0x7b, 0x1d, 0x84, 0x1e, 0x7b,
  0x1e, 0x84, 0x1e, 0x7b, 0x1e, 0x84, 0x1e, 0x7b, 0x1d, 0x84, 0x1e, 0x7b,
  0x1e, 0x84, 0x1e, 0x7b, 0x1e, 0x84, 0x1d, 0x7b, 0x1e, 0x84, 0x1d, 0x7b,
  0x1e, 0x84, 0x1e, 0x7b, 0x1e, 0x84, 0x1e, 0x7b, 0x1e, 0x84, 0x1e, 0x7b,
  0x1e, 0x85, 0x1e, 0x7b, 0x1e, 0x84, 0x1d, 0x7b, 0x1e, 0x84, 0x1e, 0x7a,
  0x1e, 0x84, 0x1e, 0x7b, 0x1e, 0x84, 0x1e, 0x7b, 0x1e, 0x85, 0x1e, 0x7b,
  0x1e, 0x85, 0x1e, 0x7b, 0x1e, 0x84, 0x1e, 0x7b, 0x1e, 0x84, 0x1e, 0x7b,
  0x1e, 0x85, 0x1e, 0x7b, 0x1e, 0x84, 0x1e, 0x7b, 0x1e, 0x84, 0x1e, 0x7a,
  0x1e, 0x85, 0x1e, 0x7b, 0x1e, 0x85, 0x1e, 0x7b, 0x1e, 0x85, 0x1e, 0x7b,
  0x1e, 0x85, 0x1e, 0x7b, 0x1e, 0x85, 0x1f, 0x7b, 0x1f, 0x85, 0x1f, 0x7a,
  0x1f, 0x85, 0x1f, 0x7b, 0x1f, 0x85, 0x1f, 0x7b, 0x20, 0x85, 0x1f, 0x7b,
  0x20, 0x85, 0x1f, 0x7b, 0x1f, 0x85, 0x1f, 0x7a, 0x1f, 0x85, 0x1f, 0x7a,
  0x1f, 0x85, 0x1f, 0x7a, 0x1f, 0x85, 0x1f, 0x7a, 0x1f, 0x85, 0x1f, 0x7a,
  0x20, 0x85, 0x20, 0x7a, 0x20, 0x85, 0x20, 0x7a, 0x20, 0x85, 0x20, 0x7a,
  0x20, 0x85, 0x20, 0x7a, 0x20, 0x85, 0x20, 0x7a, 0x20, 0x85, 0x20, 0x7a,
  0x20, 0x85, 0x20, 0x7a, 0x21, 0x85, 0x21, 0x7a, 0x21, 0x85, 0x21, 0x7a,
  0x21, 0x85, 0x21, 0x7a, 0x21, 0x85, 0x21, 0x7a, 0x21, 0x85, 0x21, 0x7a,
  0x22, 0x85, 0x21, 0x7a, 0x22, 0x85, 0x22, 0x7a, 0x22, 0x85, 0x21, 0x7a,
  0x21, 0x86, 0x21, 0x7a, 0x22, 0x86, 0x22, 0x7a, 0x22, 0x86, 0x22, 0x7a,
  0x22, 0x86, 0x22, 0x7a, 0x22, 0x86, 0x22, 0x7a, 0x22, 0x86, 0x22, 0x7a,
  0x23, 0x86, 0x23, 0x7a, 0x23, 0x86, 0x23, 0x7a, 0x22, 0x86, 0x23, 0x7a,
  0x22, 0x86, 0x23, 0x7a, 0x23, 0x86, 0x23, 0x7a, 0x24, 0x86, 0x23, 0x7a,
  0x23, 0x86, 0x23, 0x7a, 0x23, 0x86, 0x24, 0x7a, 0x24, 0x86, 0x23, 0x79,
  0x23, 0x86, 0x23, 0x7a, 0x23, 0x86, 0x23, 0x7a, 0x23, 0x86, 0x23, 0x7a,
  0x23, 0x86, 0x23, 0x7a, 0x22, 0x86, 0x23, 0x7a, 0x23, 0x86, 0x23, 0x7a,
  0x23, 0x86, 0x23, 0x7a, 0x23, 0x86, 0x23, 0x79, 0x23, 0x86, 0x23, 0x7a,
  0x23, 0x86, 0x23, 0x7a, 0x24, 0x86, 0x24, 0x79, 0x24, 0x86, 0x24, 0x79,
  0x24, 0x86, 0x24, 0x79, 0x24, 0x86, 0x24, 0x79, 0x24, 0x86, 0x24, 0x7a,
  0x24, 0x86, 0x23, 0x7a, 0x23, 0x86, 0x23, 0x7a, 0x23, 0x86, 0x23, 0x7a,
  0x23, 0x86, 0x23, 0x7a, 0x23, 0x86, 0x23, 0x7a, 0x23, 0x86, 0x23, 0x7a,
  0x23, 0x86, 0x23, 0x7a, 0x23, 0x86, 0x23, 0x7a, 0x23, 0x86, 0x22, 0x7a,
  0x23, 0x85, 0x22, 0x7a, 0x22, 0x86, 0x23, 0x7a, 0x22, 0x86, 0x22, 0x7a,
  0x22, 0x86, 0x22, 0x79, 0x22, 0x86, 0x22, 0x7a, 0x22, 0x86, 0x22, 0x7a,
  0x22, 0x86, 0x22, 0x7a, 0x22, 0x85, 0x22, 0x7a, 0x22, 0x86, 0x22, 0x7a,
  0x22, 0x86, 0x20, 0x7a, 0x21, 0x85, 0x21, 0x7a, 0x21, 0x86, 0x20, 0x7a,
  0x21, 0x86, 0x20, 0x7a, 0x20, 0x85, 0x20, 0x7a, 0x20, 0x85, 0x20, 0x7a,
  0x20, 0x85, 0x20, 0x7a, 0x21, 0x85, 0x20, 0x7a, 0x20, 0x85, 0x20, 0x7a,
  0x20, 0x85, 0x20, 0x7a, 0x20, 0x85, 0x20, 0x7b, 0x20, 0x85, 0x20, 0x7a,
  0x20, 0x85, 0x20, 0x7a, 0x20, 0x85, 0x20, 0x7a, 0x20, 0x85, 0x20, 0x7a,
  0x1f, 0x85, 0x20, 0x7a, 0x20, 0x85, 0x20, 0x7a, 0x1f, 0x85, 0x20, 0x7a,
  0x20, 0x85, 0x20, 0x7b, 0x20, 0x85, 0x20, 0x7b, 0x20, 0x85, 0x1f, 0x7a,
  0x1f, 0x85, 0x1f, 0x7b, 0x1f, 0x85, 0x1f, 0x7b, 0x1f, 0x85, 0x1f, 0x7a,
  0x1f, 0x85, 0x1f, 0x7a, 0x1f, 0x85, 0x1e, 0x7b, 0x1e, 0x85, 0x1e, 0x7a,
  0x1e, 0x85, 0x1e, 0x7b, 0x1e, 0x85, 0x1e, 0x7a, 0x1e, 0x85, 0x1e, 0x7b,
  0x1e, 0x85, 0x1e, 0x7b, 0x1e, 0x85, 0x1e, 0x7b, 0x1e, 0x85, 0x1e, 0x7b,
  0x1e, 0x85, 0x1e, 0x7a, 0x1e, 0x84, 0x1e, 0x7b, 0x1e, 0x85, 0x1e, 0x7b,
  0x1e, 0x84, 0x1e, 0x7b, 0x1e, 0x84, 0x1d, 0x7b, 0x1e, 0x84, 0x1e, 0x7b,
  0x1e, 0x85, 0x1e, 0x7b, 0x1e, 0x84, 0x1e, 0x7b, 0x1e, 0x84, 0x1e, 0x7b,
  0x1e, 0x85, 0x1d, 0x7b, 0x1d, 0x84, 0x1e, 0x7b, 0x1e, 0x84, 0x1e, 0x7b,
  0x1e, 0x84, 0x1e, 0x7b, 0x1e, 0x84, 0x1d, 0x7a, 0x1e, 0x84, 0x1d, 0x7b,
  0x1d, 0x84, 0x1e, 0x7b, 0x1e, 0x84, 0x1e, 0x7b, 0x1e, 0x84, 0x1e, 0x7b,
  0x1d, 0x84, 0x1d, 0x7b, 0x1e, 0x84, 0x1d, 0x7b, 0x1d, 0x84, 0x1d, 0x7b,
  0x1d, 0x84, 0x1d, 0x7b, 0x1d, 0x84, 0x1d, 0x7b, 0x1d, 0x84, 0x1d, 0x7a,
  0x1d, 0x84, 0x1e, 0x7a, 0x1d, 0x84, 0x1d, 0x7a, 0x1e, 0x84, 0x1d, 0x7b,
  0x1d, 0x84, 0x1e, 0x7b, 0x1e, 0x84, 0x1e, 0x7a, 0x1e, 0x84, 0x1e, 0x7b,
  0x1e, 0x84, 0x1e, 0x7a, 0x1e, 0x84, 0x1e, 0x7b, 0x1e, 0x84, 0x1e, 0x7b,
  0x1e, 0x84, 0x1e, 0x7a, 0x1e, 0x84, 0x1e, 0x7b, 0x1e, 0x84, 0x1e, 0x7b,
  0x1e, 0x84, 0x1e, 0x7b, 0x1e, 0x84, 0x1e, 0x7b, 0x1e, 0x84, 0x1e, 0x7b,
  0x1e, 0x84, 0x1e, 0x7a, 0x1e, 0x84, 0x1e, 0x7a, 0x1e, 0x84, 0x1e, 0x7b,
  0x1e, 0x84, 0x1f, 0x7a, 0x1e, 0x84, 0x1e, 0x7a, 0x1e, 0x84, 0x1e, 0x7a,
  0x1f, 0x84, 0x1f, 0x7a, 0x1e, 0x85, 0x1f, 0x7a, 0x1f, 0x84, 0x1f, 0x7a,
  0x1f, 0x84, 0x1f, 0x7a, 0x1e, 0x84, 0x1f, 0x7a, 0x1f, 0x84, 0x1f, 0x7a,
  0x1f, 0x84, 0x1e, 0x7b, 0x1f, 0x84, 0x1f, 0x7a, 0x1f, 0x84, 0x1f, 0x7a,
  0x1f, 0x85, 0x1f, 0x7a, 0x1f, 0x84, 0x1f, 0x7a, 0x1f, 0x84, 0x20, 0x7a,
  0x20, 0x84, 0x20, 0x7a, 0x20, 0x85, 0x20, 0x7a, 0x1f, 0x85, 0x1f, 0x7a,
  0x1f, 0x85, 0x20, 0x7a, 0x20, 0x85, 0x1f, 0x7a, 0x1f, 0x85, 0x1f, 0x7a,
  0x1f, 0x85, 0x1f, 0x7a, 0x20, 0x85, 0x20, 0x7a, 0x20, 0x85, 0x20, 0x7a,
  0x20, 0x85, 0x20, 0x7a, 0x20, 0x85, 0x20, 0x7a, 0x20, 0x85, 0x20, 0x7a,
  0x20, 0x85, 0x20, 0x7a, 0x20, 0x85, 0x20, 0x7a, 0x20, 0x85, 0x21, 0x7a,
  0x21, 0x85, 0x21, 0x7a, 0x21, 0x85, 0x21, 0x7a, 0x21, 0x85, 0x21, 0x7a,
  0x21, 0x85, 0x21, 0x7a, 0x21, 0x85, 0x21, 0x7a, 0x22, 0x85, 0x22, 0x7a,
  0x21, 0x85, 0x21, 0x7a, 0x21, 0x85, 0x22, 0x7a, 0x22, 0x85, 0x22, 0x7a,
  0x23, 0x85, 0x22, 0x7a, 0x22, 0x85, 0x22, 0x7a, 0x22, 0x86, 0x23, 0x7a,
  0x22, 0x85, 0x22, 0x7a, 0x23, 0x85, 0x23, 0x7a, 0x23, 0x85, 0x23, 0x79,
  0x23, 0x86, 0x23, 0x79, 0x23, 0x86, 0x23, 0x7a, 0x23, 0x85, 0x24, 0x7a,
  0x24, 0x86, 0x24, 0x79, 0x24, 0x85, 0x23, 0x7a, 0x24, 0x85, 0x24, 0x79,
  0x24, 0x85, 0x24, 0x79, 0x23, 0x85, 0x23, 0x7a, 0x23, 0x85, 0x23, 0x7a,
  0x23, 0x85, 0x24, 0x79, 0x23, 0x85, 0x23, 0x7a, 0x23, 0x85, 0x23, 0x7a,
  0x23, 0x85, 0x23, 0x7a, 0x23, 0x85, 0x23, 0x7a, 0x23, 0x85, 0x23, 0x7a,
  0x23, 0x85, 0x23, 0x7a, 0x23, 0x86, 0x24, 0x7a, 0x24, 0x86, 0x24, 0x7a,
  0x24, 0x86, 0x24, 0x7a, 0x24, 0x86, 0x24, 0x79, 0x24, 0x85, 0x24, 0x7a,
  0x24, 0x86, 0x24, 0x79, 0x24, 0x86, 0x23, 0x79, 0x24, 0x86, 0x23, 0x7a,
  0x23, 0x86, 0x23, 0x7a, 0x23, 0x86, 0x23, 0x7a, 0x23, 0x85, 0x23, 0x7a,
  0x24, 0x85, 0x24, 0x79, 0x23, 0x85, 0x23, 0x7a, 0x23, 0x85, 0x23, 0x7a,
  0x23, 0x86, 0x23, 0x7a, 0x23, 0x85, 0x23, 0x7a, 0x23, 0x85, 0x22, 0x7a,
  0x22, 0x85, 0x22, 0x7a, 0x22, 0x86, 0x22, 0x7a, 0x22, 0x85, 0x22, 0x7a,
  0x22, 0x85, 0x22, 0x7a, 0x22, 0x85, 0x22, 0x7a, 0x22, 0x85, 0x21, 0x7a,
  0x21, 0x85, 0x21, 0x7a, 0x21, 0x85, 0x21, 0x7a, 0x21, 0x86, 0x21, 0x7a,
  0x21, 0x85, 0x21, 0x7a, 0x21, 0x85, 0x20, 0x7a, 0x20, 0x85, 0x20, 0x7a,
  0x20, 0x85, 0x20, 0x7a, 0x20, 0x85, 0x20, 0x7a, 0x20, 0x85, 0x20, 0x7a,
  0x20, 0x85, 0x20, 0x7a, 0x20, 0x85, 0x20, 0x7a, 0x20, 0x84, 0x20, 0x7a,
  0x20, 0x85, 0x20, 0x7a, 0x20, 0x84, 0x20, 0x7a, 0x20, 0x85, 0x20, 0x7a,
  0x20, 0x85, 0x20, 0x7a, 0x20, 0x85, 0x20, 0x7a, 0x20, 0x85, 0x20, 0x7a,
  0x20, 0x85, 0x20, 0x7a, 0x20, 0x85, 0x20, 0x7a, 0x20, 0x84, 0x20, 0x7a,
  0x20, 0x84, 0x1f, 0x7a, 0x1f, 0x84, 0x1f, 0x7a, 0x1f, 0x84, 0x1f, 0x7a,
  0x20, 0x84, 0x1f, 0x7a, 0x20, 0x85, 0x1f, 0x7a, 0x1f, 0x84, 0x1f, 0x7a,
  0x1f, 0x85, 0x1f, 0x7a, 0x1f, 0x85, 0x1e, 0x7b, 0x1f, 0x84, 0x1f, 0x7a,
  0x1f, 0x84, 0x1e, 0x7a, 0x1f, 0x84, 0x1e, 0x7b, 0x1e, 0x84, 0x1e, 0x7a,
  0x1e, 0x84, 0x1e, 0x7a, 0x1e, 0x84, 0x1e, 0x7a, 0x1e, 0x84, 0x1e, 0x7a,
  0x1e, 0x84, 0x1e, 0x7a, 0x1e, 0x84, 0x1e, 0x7b, 0x1e, 0x84, 0x1e, 0x7b,
  0x1e, 0x84, 0x1e, 0x7a, 0x1e, 0x84, 0x1e, 0x7b, 0x1e, 0x84, 0x1e, 0x7b,
  0x1e, 0x84, 0x1e, 0x7a, 0x1e, 0x84, 0x1e, 0x7b, 0x1e, 0x84, 0x1d, 0x7b,
  0x1e, 0x84, 0x1e, 0x7a, 0x1d, 0x84, 0x1e, 0x7b, 0x1e, 0x84, 0x1e, 0x7b,
  0x1e, 0x84, 0x1e, 0x7a, 0x1e, 0x84, 0x1d, 0x7a, 0x1e, 0x84, 0x1d, 0x7b,
  0x1d, 0x84, 0x1d, 0x7b, 0x1d, 0x84, 0x1d, 0x7a, 0x1d, 0x84, 0x1e, 0x7a,
  0x1d, 0x84, 0x1d, 0x7b, 0x1e, 0x84, 0x1e, 0x7b, 0x1d, 0x85, 0x1d, 0x7a,
  0x1d, 0x84, 0x1d, 0x7b, 0x1d, 0x84, 0x1d, 0x7b, 0x1d, 0x85, 0x1d, 0x7a,
  0x1e, 0x85, 0x1d, 0x7b, 0x1d, 0x84, 0x1d, 0x7a, 0x1e, 0x85, 0x1e, 0x7b,
  0x1e, 0x84, 0x1e, 0x7a, 0x1e, 0x85, 0x1e, 0x7a, 0x1e, 0x85, 0x1e, 0x7a,
  0x1e, 0x85, 0x1e, 0x7b, 0x1e, 0x85, 0x1d, 0x7a, 0x1e, 0x85, 0x1e, 0x7a,
  0x1e, 0x85, 0x1e, 0x7a, 0x1e, 0x85, 0x1e, 0x7b, 0x1e, 0x85, 0x1e, 0x7b,
  0x1e, 0x85, 0x1e, 0x7a, 0x1e, 0x85, 0x1e, 0x7a, 0x1e, 0x85, 0x1e, 0x7a,
  0x1e, 0x85, 0x1e, 0x7a, 0x1e, 0x85, 0x1e, 0x7b, 0x1e, 0x85, 0x1e, 0x7b,
  0x1e, 0x85, 0x1f, 0x7a, 0x1e, 0x85, 0x1e, 0x7a, 0x1e, 0x85, 0x1f, 0x7a,
  0x1e, 0x85, 0x1e, 0x7a, 0x1e, 0x85, 0x1e, 0x7a, 0x1e, 0x85, 0x1f, 0x7a,
  0x1e, 0x85, 0x1e, 0x7a, 0x1f, 0x85, 0x1f, 0x7a, 0x1f, 0x85, 0x1f, 0x7a,
  0x1f, 0x85, 0x1f, 0x7a, 0x1f, 0x85, 0x1f, 0x7a, 0x1f, 0x85, 0x1f, 0x7a,
  0x1f, 0x85, 0x1f, 0x7a, 0x20, 0x85, 0x20, 0x7a, 0x1f, 0x85, 0x1f, 0x7a,
  0x1f, 0x85, 0x1f, 0x7a, 0x1f, 0x85, 0x20, 0x7a, 0x20, 0x85, 0x1f, 0x7a,
  0x1f, 0x85, 0x1f, 0x7a, 0x20, 0x85, 0x1f, 0x7a, 0x20, 0x85, 0x20, 0x7a,
  0x20, 0x85, 0x20, 0x7a, 0x20, 0x85, 0x20, 0x7a, 0x20, 0x85, 0x20, 0x7a,
  0x20, 0x85, 0x20, 0x7a, 0x20, 0x85, 0x20, 0x7a, 0x20, 0x85, 0x20, 0x7a,
  0x20, 0x85, 0x21, 0x7a, 0x21, 0x85, 0x21, 0x7a, 0x21, 0x85, 0x21, 0x7a,
  0x21, 0x85, 0x21, 0x7a, 0x22, 0x85, 0x22, 0x7a, 0x22, 0x85, 0x21, 0x7a,
  0x21, 0x85, 0x21, 0x7a, 0x22, 0x85, 0x22, 0x7a, 0x22, 0x86, 0x22, 0x7a,
  0x21, 0x86, 0x22, 0x7a, 0x22, 0x86, 0x22, 0x7a, 0x22, 0x85, 0x22, 0x7a,
  0x22, 0x85, 0x22, 0x7a, 0x22, 0x86, 0x22, 0x79, 0x23, 0x86, 0x23, 0x7a,
  0x23, 0x86, 0x23, 0x7a, 0x23, 0x86, 0x22, 0x7a, 0x22, 0x86, 0x23, 0x7a,
  0x23, 0x86, 0x24, 0x7a, 0x24, 0x86, 0x24, 0x7a, 0x24, 0x86, 0x24, 0x7a,
  0x23, 0x86, 0x24, 0x7a, 0x24, 0x86, 0x23, 0x7a, 0x23, 0x86, 0x22, 0x7a,
  0x23, 0x86, 0x23, 0x7a, 0x23, 0x86, 0x23, 0x7a, 0x22, 0x86, 0x23, 0x7a,
  0x22, 0x86, 0x22, 0x7a, 0x23, 0x86, 0x23, 0x7a, 0x23, 0x86, 0x23, 0x7a,
  0x23, 0x86, 0x23, 0x7a, 0x23, 0x86, 0x23, 0x7a, 0x24, 0x86, 0x24, 0x7a,
  0x23, 0x86, 0x24, 0x79, 0x24, 0x86, 0x24, 0x7a, 0x24, 0x86, 0x24, 0x7a,
  0x24, 0x86, 0x24, 0x79, 0x24, 0x86, 0x24, 0x7a, 0x24, 0x86, 0x24, 0x79,
  0x23, 0x86, 0x23, 0x79, 0x23, 0x86, 0x23, 0x79, 0x23, 0x86, 0x23, 0x79,
  0x23, 0x86, 0x23, 0x7a, 0x24, 0x86, 0x24, 0x79, 0x24, 0x86, 0x23, 0x79,
  0x23, 0x86, 0x23, 0x79, 0x22, 0x86, 0x23, 0x79, 0x22, 0x86, 0x22, 0x79,
  0x22, 0x86, 0x22, 0x7a, 0x22, 0x86, 0x22, 0x79, 0x22, 0x86, 0x22, 0x79,
  0x22, 0x86, 0x22, 0x7a, 0x22, 0x86, 0x22, 0x7a, 0x22, 0x85, 0x22, 0x7a,
  0x22, 0x86, 0x22, 0x7a, 0x22, 0x86, 0x21, 0x7a, 0x21, 0x85, 0x21, 0x7a,
  0x21, 0x85, 0x22, 0x7a, 0x22, 0x85, 0x21, 0x7a, 0x21, 0x85, 0x21, 0x7a,
  0x21, 0x85, 0x21, 0x7a, 0x21, 0x85, 0x21, 0x7a, 0x21, 0x85, 0x20, 0x7a,
  0x20, 0x85, 0x20, 0x7a, 0x20, 0x85, 0x20, 0x7a, 0x20, 0x85, 0x20, 0x7a,
  0x20, 0x85, 0x20, 0x7a, 0x20, 0x85, 0x20, 0x7a, 0x20, 0x85, 0x20, 0x7a,
  0x20, 0x85, 0x20, 0x7a, 0x20, 0x85, 0x20, 0x7a, 0x20, 0x85, 0x20, 0x7a,
  0x20, 0x85, 0x20, 0x7a, 0x20, 0x85, 0x20, 0x7a, 0x20, 0x85, 0x20, 0x7a,
  0x20, 0x85, 0x20, 0x7a, 0x20, 0x85, 0x20, 0x7a, 0x20, 0x85, 0x20, 0x7a,
  0x20, 0x85, 0x20, 0x7a, 0x20, 0x85, 0x1f, 0x7a, 0x1f, 0x85, 0x1f, 0x7a,
  0x1f, 0x85, 0x1f, 0x7a, 0x1f, 0x85, 0x1f, 0x7a, 0x1f, 0x85, 0x1e, 0x7a,
  0x1e, 0x85, 0x1f, 0x7a, 0x1f, 0x85, 0x1e, 0x7a, 0x1e, 0x85, 0x1e, 0x7a,
  0x1e, 0x85, 0x1e, 0x7a, 0x1e, 0x85, 0x1e, 0x7a, 0x1e, 0x85, 0x1e, 0x7a,
  0x1e, 0x85, 0x1e, 0x7a, 0x1e, 0x85, 0x1e, 0x7a, 0x1e, 0x85, 0x1e, 0x7a,
  0x1e, 0x85, 0x1e, 0x7a, 0x1d, 0x85, 0x1e, 0x7a, 0x1e, 0x85, 0x1e, 0x7a,
  0x1e, 0x85, 0x1e, 0x7a, 0x1e, 0x85, 0x1e, 0x7a, 0x1e, 0x84, 0x1e, 0x7a,
  0x1e, 0x84, 0x1d, 0x7a, 0x1e, 0x85, 0x1e, 0x7b, 0x1e, 0x85, 0x1d, 0x7a,
  0x1e, 0x85, 0x1e, 0x7a, 0x1e, 0x85, 0x1e, 0x7a, 0x1d, 0x85, 0x1d, 0x7a,
  0x1d, 0x84, 0x1d, 0x7a, 0x1d, 0x85, 0x1d, 0x7a, 0x1d, 0x85, 0x1e, 0x7b,
  0x1e, 0x85, 0x1e, 0x7b, 0x1e, 0x85, 0x1e, 0x7a, 0x1d, 0x84, 0x1e, 0x7a,
  0x1d, 0x84, 0x1d, 0x7a, 0x1d, 0x84, 0x1e, 0x7b, 0x1d, 0x84, 0x1d, 0x7a,
  0x1d, 0x84, 0x1e, 0x7a, 0x1e, 0x84, 0x1e, 0x7a, 0x1e, 0x84, 0x1e, 0x7a,
  0x1e, 0x84, 0x1e, 0x7a, 0x1e, 0x84, 0x1e, 0x7a, 0x1e, 0x84, 0x1e, 0x7b,
  0x1e, 0x84, 0x1e, 0x7a, 0x1e, 0x84, 0x1e, 0x7b, 0x1e, 0x84, 0x1e, 0x7b,
  0x1e, 0x84, 0x1e, 0x7a, 0x1e, 0x84, 0x1e, 0x7a, 0x1f, 0x84, 0x1e, 0x7b,
  0x1e, 0x84, 0x1e, 0x7b, 0x1e, 0x84, 0x1e, 0x7a, 0x1e, 0x84, 0x1e, 0x7a,
  0x1e, 0x84, 0x1e, 0x7a, 0x1e, 0x84, 0x1e, 0x7a, 0x1e, 0x84, 0x1e, 0x7a,
  0x1e, 0x84, 0x1e, 0x7a, 0x1f, 0x84, 0x1e, 0x7a, 0x1f, 0x84, 0x1f, 0x7a,
  0x1e, 0x84, 0x1f, 0x7a, 0x1f, 0x84, 0x1e, 0x7a, 0x1f, 0x84, 0x1f, 0x7a,
  0x1f, 0x84, 0x1f, 0x7a, 0x1f, 0x84, 0x1f, 0x7a, 0x1f, 0x84, 0x1f, 0x7a,
  0x1f, 0x84, 0x1f, 0x7a, 0x1f, 0x84, 0x1f, 0x7a, 0x1f, 0x84, 0x1f, 0x7a,
  0x1f, 0x84, 0x1f, 0x7b, 0x1f, 0x85, 0x20, 0x7a, 0x1f, 0x85, 0x1f, 0x7a,
  0x1f, 0x85, 0x1f, 0x7a, 0x1f, 0x85, 0x1f, 0x7a, 0x1f, 0x85, 0x20, 0x7a,
  0x20, 0x85, 0x20, 0x7a, 0x1f, 0x85, 0x1f, 0x7a, 0x20, 0x85, 0x1f, 0x7a,
  0x20, 0x85, 0x20, 0x7a, 0x20, 0x85, 0x20, 0x7a, 0x20, 0x85, 0x20, 0x7a,
  0x20, 0x85, 0x20, 0x7a, 0x20, 0x85, 0x20, 0x7a, 0x20, 0x85, 0x20, 0x7a,
  0x20, 0x85, 0x20, 0x7a, 0x20, 0x85, 0x20, 0x7a, 0x20, 0x85, 0x21, 0x7a,
  0x21, 0x85, 0x21, 0x7a, 0x21, 0x85, 0x21, 0x7a, 0x22, 0x85, 0x22, 0x7a,
  0x22, 0x85, 0x21, 0x7a, 0x22, 0x85, 0x22, 0x7a, 0x22, 0x85, 0x22, 0x79,
  0x22, 0x86, 0x22, 0x7a, 0x22, 0x86, 0x23, 0x79, 0x23, 0x86, 0x22, 0x79,
  0x22, 0x85, 0x22, 0x79, 0x22, 0x85, 0x22, 0x79, 0x23, 0x86, 0x23, 0x79,
  0x23, 0x86, 0x23, 0x7a, 0x23, 0x86, 0x23, 0x7a, 0x23, 0x86, 0x23, 0x79,
  0x23, 0x86, 0x24, 0x79, 0x24, 0x86, 0x23, 0x7a, 0x24, 0x86, 0x24, 0x79,
  0x24, 0x86, 0x24, 0x79, 0x24, 0x86, 0x23, 0x7a, 0x24, 0x86, 0x24, 0x79,
  0x23, 0x86, 0x23, 0x7a, 0x23, 0x86, 0x23, 0x7a, 0x23, 0x86, 0x23, 0x79,
  0x23, 0x86, 0x23, 0x79, 0x23, 0x86, 0x23, 0x7a, 0x23, 0x86, 0x23, 0x7a,
  0x23, 0x86, 0x23, 0x7a, 0x23, 0x86, 0x23, 0x79, 0x24, 0x86, 0x24, 0x79,
  0x24, 0x86, 0x24, 0x79, 0x24, 0x86, 0x25, 0x79, 0x24, 0x86, 0x25, 0x79,
  0x25, 0x86, 0x25, 0x7a, 0x25, 0x86, 0x24, 0x79, 0x24, 0x86, 0x24, 0x79,
  0x24, 0x86, 0x24, 0x79, 0x24, 0x86, 0x24, 0x79, 0x24, 0x86, 0x23, 0x79,
  0x24, 0x86, 0x24, 0x79, 0x24, 0x86, 0x24, 0x79, 0x24, 0x86, 0x24, 0x7a,
  0x24, 0x86, 0x23, 0x79, 0x23, 0x86, 0x23, 0x79, 0x23, 0x86, 0x23, 0x79,
  0x23, 0x86, 0x23, 0x79, 0x23, 0x86, 0x23, 0x7a, 0x23, 0x85, 0x23, 0x79,
  0x23, 0x86, 0x23, 0x7a, 0x22, 0x85, 0x22, 0x79, 0x22, 0x86, 0x22, 0x7a,
  0x22, 0x85, 0x21, 0x7a, 0x21, 0x86, 0x21, 0x7a, 0x21, 0x86, 0x21, 0x7a,
  0x22, 0x86, 0x21, 0x79, 0x22, 0x85, 0x22, 0x7a, 0x22, 0x85, 0x22, 0x7a,
  0x22, 0x85, 0x21, 0x7a, 0x21, 0x85, 0x21, 0x7a, 0x21, 0x85, 0x21, 0x7a,
  0x21, 0x85, 0x20, 0x7a, 0x20, 0x85, 0x20, 0x7a, 0x20, 0x85, 0x20, 0x7a,
  0x20, 0x85, 0x20, 0x7a, 0x20, 0x85, 0x20, 0x7a, 0x20, 0x85, 0x20, 0x7a,
  0x20, 0x84, 0x20, 0x7a, 0x20, 0x85, 0x20, 0x7a, 0x20, 0x85, 0x20, 0x7a,
  0x20, 0x84, 0x20, 0x7a, 0x20, 0x84, 0x1f, 0x7a, 0x20, 0x84, 0x20, 0x7a,
  0x20, 0x84, 0x20, 0x7a, 0x20, 0x85, 0x20, 0x7a, 0x20, 0x85, 0x20, 0x7a,
  0x20, 0x84, 0x20, 0x7a, 0x20, 0x84, 0x1f, 0x7a, 0x20, 0x84, 0x20, 0x7a,
  0x20, 0x84, 0x1f, 0x7a, 0x1f, 0x84, 0x1f, 0x7a, 0x1f, 0x85, 0x1f, 0x7a,
  0x1f, 0x84, 0x1f, 0x7a, 0x1f, 0x84, 0x1f, 0x7a, 0x1f, 0x84, 0x1f, 0x7a,
  0x1f, 0x84, 0x1e, 0x7a, 0x1e, 0x84, 0x1e, 0x7a, 0x1e, 0x84, 0x1e, 0x7a,
  0x1e, 0x84, 0x1e, 0x7a, 0x1f, 0x84, 0x1e, 0x7a, 0x1e, 0x84, 0x1e, 0x7a,
  0x1e, 0x84, 0x1e, 0x7b, 0x1e, 0x84, 0x1e, 0x7a, 0x1e, 0x84, 0x1e, 0x7a,
  0x1e, 0x84, 0x1e, 0x7b, 0x1e, 0x84, 0x1e, 0x7a, 0x1e, 0x84, 0x1e, 0x7a,
  0x1e, 0x84, 0x1e, 0x7b, 0x1e, 0x84, 0x1e, 0x7a, 0x1e, 0x84, 0x1e, 0x7a,
  0x1e, 0x84, 0x1e, 0x7a, 0x1e, 0x84, 0x1d, 0x7a, 0x1e, 0x84, 0x1e, 0x7a,
  0x1e, 0x84, 0x1e, 0x7a, 0x1e, 0x84, 0x1d, 0x7a, 0x1e, 0x84, 0x1e, 0x7b,
  0x1e, 0x84, 0x1e, 0x7a, 0x1e, 0x84, 0x1e, 0x7a, 0x1e, 0x84, 0x1e, 0x7b,
  0x1e, 0x84, 0x1e, 0x7a, 0x1d, 0x85, 0x1d, 0x7a, 0x1d, 0x84, 0x1d, 0x7b,
  0x1d, 0x85, 0x1d, 0x7a, 0x1d, 0x85, 0x1d, 0x7a, 0x1d, 0x85, 0x1d, 0x7a,
  0x1e, 0x85, 0x1e, 0x7b, 0x1e, 0x85, 0x1e, 0x7b, 0x1e, 0x84, 0x1e, 0x7a,
  0x1e, 0x84, 0x1e, 0x7a, 0x1d, 0x84, 0x1e, 0x7a, 0x1e, 0x84, 0x1e, 0x7a,
  0x1e, 0x85, 0x1e, 0x7a, 0x1e, 0x85, 0x1e, 0x7a, 0x1f, 0x85, 0x1e, 0x7a,
  0x1e, 0x85, 0x1e, 0x7a, 0x1e, 0x85, 0x1e, 0x7a, 0x1e, 0x84, 0x1e, 0x7a,
  0x1e, 0x85, 0x1e, 0x7b, 0x1d, 0x85, 0x1e, 0x7a, 0x1e, 0x85, 0x1e, 0x7a,
  0x1e, 0x85, 0x1e, 0x7a, 0x1f, 0x84, 0x1e, 0x7b, 0x1e, 0x85, 0x1e, 0x7a,
  0x1e, 0x85, 0x1e, 0x7a, 0x1e, 0x85, 0x1f, 0x7a, 0x1e, 0x85, 0x1e, 0x7a,
  0x1e, 0x85, 0x1e, 0x7a, 0x1e, 0x85, 0x1e, 0x7b, 0x1e, 0x85, 0x1f, 0x7a,
  0x1f, 0x85, 0x1f, 0x7b, 0x1f, 0x85, 0x1f, 0x7a, 0x1f, 0x85, 0x1f, 0x7a,
  0x1f, 0x85, 0x1f, 0x7a, 0x1f, 0x85, 0x1f, 0x7a, 0x1f, 0x84, 0x20, 0x7a,
  0x20, 0x84, 0x1f, 0x7a, 0x1f, 0x85, 0x1f, 0x7a, 0x1f, 0x85, 0x1f, 0x7a,
  0x20, 0x85, 0x20, 0x7a, 0x20, 0x85, 0x1f, 0x7a, 0x1f, 0x85, 0x1f, 0x7a,
  0x20, 0x85, 0x20, 0x7a, 0x1f, 0x85, 0x1f, 0x7a, 0x20, 0x85, 0x20, 0x7a,
  0x20, 0x85, 0x20, 0x7a, 0x21, 0x85, 0x20, 0x7a, 0x20, 0x85, 0x20, 0x7a,
  0x21, 0x85, 0x21, 0x7a, 0x20, 0x85, 0x20, 0x7a, 0x20, 0x85, 0x20, 0x7a,
  0x20, 0x85, 0x21, 0x7a, 0x21, 0x85, 0x21, 0x7a, 0x21, 0x85, 0x21, 0x7a,
  0x22, 0x85, 0x22, 0x7a, 0x22, 0x85, 0x22, 0x7a, 0x22, 0x85, 0x21, 0x7a,
  0x22, 0x85, 0x22, 0x7a, 0x22, 0x86, 0x22, 0x7a, 0x23, 0x85, 0x22, 0x7a,
  0x22, 0x85, 0x22, 0x7a, 0x23, 0x86, 0x22, 0x79, 0x22, 0x86, 0x23, 0x7a,
  0x23, 0x86, 0x23, 0x7a, 0x23, 0x86, 0x23, 0x7a, 0x23, 0x86, 0x23, 0x7a,
  0x23, 0x86, 0x24, 0x7a, 0x24, 0x86, 0x24, 0x7a, 0x24, 0x86, 0x24, 0x79,
  0x24, 0x86, 0x24, 0x79, 0x24, 0x86, 0x24, 0x79, 0x24, 0x86, 0x24, 0x79,
  0x24, 0x86, 0x24, 0x79, 0x24, 0x86, 0x24, 0x79, 0x23, 0x86, 0x23, 0x79,
  0x23, 0x86, 0x23, 0x79, 0x23, 0x86, 0x24, 0x79, 0x24, 0x86, 0x23, 0x7a,
  0x23, 0x86, 0x24, 0x7a, 0x24, 0x86, 0x23, 0x7a, 0x23, 0x86, 0x23, 0x7a,
  0x24, 0x86, 0x24, 0x79, 0x24, 0x86, 0x24, 0x7a, 0x24, 0x86, 0x24, 0x79,
  0x25, 0x86, 0x25, 0x79, 0x25, 0x86, 0x25, 0x79, 0x25, 0x86, 0x25, 0x79,
  0x25, 0x86, 0x24, 0x79, 0x24, 0x86, 0x24, 0x79, 0x24, 0x86, 0x24, 0x7a,
  0x24, 0x86, 0x24, 0x79, 0x24, 0x86, 0x24, 0x79, 0x24, 0x86, 0x24, 0x79,
  0x24, 0x86, 0x24, 0x79, 0x24, 0x86, 0x24, 0x7a, 0x24, 0x86, 0x23, 0x7a,
  0x23, 0x86, 0x23, 0x7a, 0x23, 0x86, 0x23, 0x79, 0x23, 0x86, 0x23, 0x79,
  0x23, 0x86, 0x23, 0x79, 0x23, 0x86, 0x23, 0x79, 0x23, 0x85, 0x23, 0x7a,
  0x22, 0x86, 0x22, 0x7a, 0x22, 0x86, 0x22, 0x7a, 0x22, 0x86, 0x22, 0x7a,
  0x21, 0x86, 0x22, 0x7a, 0x22, 0x86, 0x22, 0x7a, 0x22, 0x85, 0x22, 0x7a,
  0x22, 0x85, 0x22, 0x7a, 0x22, 0x85, 0x22, 0x7a, 0x21, 0x85, 0x22, 0x7a,
  0x22, 0x85, 0x21, 0x7a, 0x21, 0x85, 0x21, 0x7a, 0x20, 0x85, 0x20, 0x7a,
  0x20, 0x85, 0x20, 0x7a, 0x20, 0x85, 0x20, 0x7a, 0x20, 0x85, 0x20, 0x7a,
  0x20, 0x85, 0x20, 0x7a, 0x20, 0x85, 0x20, 0x7a, 0x20, 0x84, 0x20, 0x7a,
  0x20, 0x84, 0x20, 0x7a, 0x20, 0x85, 0x20, 0x7a, 0x20, 0x85, 0x20, 0x7a,
  0x20, 0x85, 0x20, 0x7a, 0x20, 0x85, 0x20, 0x7a, 0x20, 0x85, 0x20, 0x7a,
  0x20, 0x85, 0x1f, 0x7a, 0x20, 0x85, 0x20, 0x7a, 0x20, 0x85, 0x1f, 0x7a,
  0x1f, 0x85, 0x1f, 0x7a, 0x1f, 0x85, 0x1f, 0x7a, 0x1f, 0x85, 0x1f, 0x7a,
  0x1f, 0x85, 0x1f, 0x7a, 0x1f, 0x85, 0x1e, 0x7b, 0x1e, 0x85, 0x1e, 0x7a,
  0x1e, 0x85, 0x1e, 0x7a, 0x1e, 0x85, 0x1e, 0x7b, 0x1e, 0x85, 0x1e, 0x7a,
  0x1e, 0x85, 0x1e, 0x7a, 0x1e, 0x85, 0x1e, 0x7a, 0x1e, 0x85, 0x1e, 0x7a,
  0x1e, 0x85, 0x1e, 0x7a, 0x1e, 0x84, 0x1e, 0x7a, 0x1e, 0x85, 0x1e, 0x7b,
  0x1e, 0x84, 0x1e, 0x7a, 0x1e, 0x85, 0x1e, 0x7b, 0x1e, 0x84, 0x1e, 0x7b,
  0x1e, 0x84, 0x1e, 0x7b, 0x1e, 0x84, 0x1e, 0x7a, 0x1e, 0x85, 0x1e, 0x7a,
  0x1e, 0x85, 0x1e, 0x7a, 0x1e, 0x85, 0x1d, 0x7a, 0x1d, 0x85, 0x1e, 0x7a,
  0x1d, 0x84, 0x1e, 0x7a, 0x1e, 0x84, 0x1d, 0x7a, 0x1e, 0x85, 0x1d, 0x7a,
  0x1e, 0x85, 0x1e, 0x7a, 0x1e, 0x85, 0x1e, 0x7a, 0x1d, 0x85, 0x1d, 0x7a,
  0x1e, 0x85, 0x1e, 0x7a, 0x1d, 0x84, 0x1e, 0x7a, 0x1d, 0x84, 0x1d, 0x7b,
  0x1d, 0x84, 0x1d, 0x7b, 0x1d, 0x84, 0x1d, 0x7b, 0x1d, 0x84, 0x1e, 0x7b,
  0x1e, 0x84, 0x1e, 0x7b, 0x1e, 0x84, 0x1e, 0x7a, 0x1e, 0x84, 0x1e, 0x7b,
  0x1e, 0x84, 0x1e, 0x7b, 0x1e, 0x84, 0x1e, 0x7b, 0x1e, 0x84, 0x1e, 0x7a,
  0x1e, 0x84, 0x1e, 0x7a, 0x1e, 0x84, 0x1e, 0x7b, 0x1e, 0x84, 0x1e, 0x7b,
  0x1f, 0x84, 0x1e, 0x7a, 0x1e, 0x84, 0x1e, 0x7a, 0x1e, 0x84, 0x1e, 0x7b,
  0x1e, 0x84, 0x1e, 0x7a, 0x1e, 0x84, 0x1e, 0x7b, 0x1e, 0x84, 0x1e, 0x7b,
  0x1e, 0x84, 0x1e, 0x7a, 0x1e, 0x84, 0x1e, 0x7b, 0x1e, 0x84, 0x1f, 0x7a,
  0x1f, 0x84, 0x1f, 0x7a, 0x1e, 0x85, 0x1e, 0x7a, 0x1e, 0x84, 0x1f, 0x7a,
  0x1f, 0x84, 0x1f, 0x7a, 0x1f, 0x85, 0x1f, 0x7b, 0x1f, 0x84, 0x1f, 0x7b,
  0x1f, 0x84, 0x1f, 0x7b, 0x1f, 0x85, 0x1f, 0x7a, 0x1f, 0x84, 0x1f, 0x7a,
  0x1f, 0x84, 0x1f, 0x7b, 0x1f, 0x85, 0x1f, 0x7a, 0x1f, 0x84, 0x1f, 0x7a,
  0x1f, 0x85, 0x1f, 0x7a, 0x1f, 0x85, 0x1f, 0x7a, 0x1f, 0x85, 0x1f, 0x7a,
  0x1f, 0x85, 0x1f, 0x7a, 0x20, 0x85, 0x20, 0x7a, 0x20, 0x85, 0x20, 0x7a,
  0x1f, 0x85, 0x20, 0x7a, 0x20, 0x85, 0x20, 0x7a, 0x1f, 0x85, 0x1f, 0x7a,
  0x20, 0x85, 0x20, 0x7a, 0x20, 0x85, 0x20, 0x7a, 0x20, 0x85, 0x20, 0x7a,
  0x21, 0x85, 0x21, 0x7a, 0x21, 0x85, 0x21, 0x7a, 0x20, 0x85, 0x20, 0x7a,
  0x20, 0x85, 0x20, 0x7a, 0x20, 0x85, 0x20, 0x7a, 0x21, 0x85, 0x21, 0x7a,
  0x21, 0x86, 0x22, 0x79, 0x22, 0x85, 0x22, 0x79, 0x22, 0x86, 0x22, 0x79,
  0x22, 0x86, 0x21, 0x7a, 0x22, 0x86, 0x22, 0x79, 0x22, 0x86, 0x22, 0x79,
  0x22, 0x86, 0x23, 0x79, 0x22, 0x86, 0x23, 0x79, 0x22, 0x86, 0x23, 0x79,
  0x23, 0x86, 0x23, 0x79, 0x23, 0x86, 0x23, 0x79, 0x23, 0x86, 0x24, 0x79,
  0x23, 0x86, 0x24, 0x7a, 0x24, 0x86, 0x24, 0x79, 0x24, 0x86, 0x24, 0x79,
  0x24, 0x86, 0x24, 0x79, 0x24, 0x86, 0x24, 0x79, 0x24, 0x86, 0x24, 0x79,
  0x24, 0x86, 0x24, 0x79, 0x24, 0x86, 0x24, 0x79, 0x24, 0x86, 0x23, 0x79,
  0x24, 0x86, 0x23, 0x79, 0x23, 0x86, 0x25, 0x79, 0x21, 0x86, 0x1f, 0x7a,
  0x25, 0x86, 0x25, 0x7a, 0x23, 0x86, 0x24, 0x79, 0x24, 0x86, 0x24, 0x79,
  0x23, 0x86, 0x23, 0x79, 0x24, 0x86, 0x23, 0x79, 0x24, 0x86, 0x24, 0x79,
  0x24, 0x86, 0x24, 0x79, 0x25, 0x86, 0x25, 0x79, 0x25, 0x87, 0x25, 0x79,
  0x25, 0x87, 0x25, 0x79, 0x24, 0x86, 0x24, 0x79, 0x25, 0x86, 0x25, 0x79,
  0x25, 0x86, 0x25, 0x79, 0x25, 0x87, 0x25, 0x79, 0x25, 0x86, 0x25, 0x79,
  0x25, 0x86, 0x25, 0x79, 0x24, 0x86, 0x24, 0x79, 0x24, 0x86, 0x24, 0x79,
  0x24, 0x86, 0x24, 0x79, 0x24, 0x86, 0x24, 0x79, 0x23, 0x86, 0x23, 0x79,
  0x23, 0x86, 0x23, 0x79, 0x23, 0x86, 0x23, 0x79, 0x23, 0x86, 0x23, 0x79,
  0x23, 0x86, 0x23, 0x79, 0x22, 0x86, 0x23, 0x7a, 0x22, 0x86, 0x22, 0x7a,
  0x22, 0x86, 0x22, 0x7a, 0x22, 0x86, 0x22, 0x7a, 0x22, 0x86, 0x21, 0x79,
  0x21, 0x86, 0x22, 0x79, 0x21, 0x85, 0x21, 0x7a, 0x21, 0x85, 0x22, 0x7a,
  0x22, 0x85, 0x22, 0x7a, 0x21, 0x85, 0x21, 0x7a, 0x21, 0x85, 0x21, 0x7a,
  0x21, 0x85, 0x20, 0x7a, 0x20, 0x85, 0x20, 0x7a, 0x20, 0x85, 0x20, 0x7a,
  0x20, 0x85, 0x20, 0x7a, 0x20, 0x85, 0x20, 0x7a, 0x20, 0x85, 0x20, 0x7a,
  0x20, 0x85, 0x20, 0x7a, 0x20, 0x85, 0x20, 0x7a, 0x20, 0x85, 0x20, 0x7a,
  0x20, 0x85, 0x20, 0x7a, 0x20, 0x85, 0x20, 0x7a, 0x20, 0x85, 0x20, 0x7a,
  0x20, 0x85, 0x20, 0x7a, 0x20, 0x84, 0x20, 0x7a, 0x1f, 0x85, 0x20, 0x7a,
  0x20, 0x85, 0x20, 0x7a, 0x1f, 0x85, 0x1f, 0x7a, 0x1f, 0x85, 0x1f, 0x7a,
  0x1f, 0x85, 0x1f, 0x7a, 0x1f, 0x85, 0x1f, 0x7a, 0x1f, 0x84, 0x1f, 0x7b,
  0x1f, 0x84, 0x1f, 0x7a, 0x1f, 0x85, 0x1f, 0x7a, 0x1f, 0x85, 0x1f, 0x7a,
  0x1f, 0x85, 0x1f, 0x7a, 0x1e, 0x84, 0x1e, 0x7a, 0x1e, 0x84, 0x1e, 0x7a,
  0x1e, 0x84, 0x1e, 0x7a, 0x1e, 0x84, 0x1e, 0x7a, 0x1e, 0x85, 0x1e, 0x7b,
  0x1e, 0x84, 0x1e, 0x7a, 0x1e, 0x84, 0x1d, 0x7b, 0x1e, 0x84, 0x1e, 0x7b,
  0x1e, 0x84, 0x1d, 0x7b, 0x1e, 0x84, 0x1e, 0x7a, 0x1d, 0x84, 0x1d, 0x7b,
  0x1d, 0x84, 0x1e, 0x7b, 0x1e, 0x84, 0x1e, 0x7b, 0x1d, 0x84, 0x1e, 0x7a,
  0x1e, 0x84, 0x1e, 0x7a, 0x1d, 0x84, 0x1e, 0x7a, 0x1e, 0x84, 0x1d, 0x7a,
  0x1d, 0x84, 0x1e, 0x7b, 0x1e, 0x84, 0x1e, 0x7b, 0x1e, 0x84, 0x1d, 0x7a,
  0x1e, 0x84, 0x1e, 0x7b, 0x1d, 0x84, 0x1e, 0x7b, 0x1e, 0x84, 0x1e, 0x7b,
  0x1e, 0x84, 0x1d, 0x7a, 0x1d, 0x84, 0x1d, 0x7a, 0x1d, 0x84, 0x1d, 0x7b,
  0x1d, 0x84, 0x1d, 0x7a, 0x1d, 0x84, 0x1e, 0x7a, 0x1e, 0x84, 0x1e, 0x7a,
  0x1e, 0x85, 0x1e, 0x7b, 0x1e, 0x84, 0x1e, 0x7a, 0x1e, 0x84, 0x1e, 0x7a,
  0x1e, 0x84, 0x1e, 0x7a, 0x1e, 0x85, 0x1e, 0x7a, 0x1e, 0x84, 0x1e, 0x7a,
  0x1e, 0x85, 0x1e, 0x7a, 0x1e, 0x84, 0x1e, 0x7a, 0x1e, 0x84, 0x1e, 0x7a,
  0x1e, 0x85, 0x1e, 0x7a, 0x1e, 0x85, 0x1e, 0x7b, 0x1e, 0x85, 0x1e, 0x7a,
  0x1e, 0x84, 0x1e, 0x7a, 0x1e, 0x85, 0x1e, 0x7a, 0x1e, 0x85, 0x1e, 0x7a,
  0x1e, 0x85, 0x1e, 0x7a, 0x1e, 0x85, 0x1f, 0x7a, 0x1f, 0x85, 0x1e, 0x7a,
  0x1f, 0x85, 0x1e, 0x7a, 0x1e, 0x85, 0x1e, 0x7a, 0x1f, 0x85, 0x1f, 0x7a,
  0x1f, 0x84, 0x1f, 0x7a, 0x1f, 0x84, 0x1f, 0x7a, 0x1f, 0x84, 0x1f, 0x7a,
  0x1f, 0x85, 0x1f, 0x7a, 0x1f, 0x85, 0x1f, 0x7a, 0x1f, 0x85, 0x1f, 0x7a,
  0x1f, 0x85, 0x1f, 0x7a, 0x1f, 0x85, 0x1f, 0x7a, 0x1f, 0x85, 0x1f, 0x7a,
  0x1f, 0x85, 0x1f, 0x7a, 0x1f, 0x85, 0x20, 0x7a, 0x20, 0x85, 0x20, 0x7a,
  0x20, 0x85, 0x20, 0x7a, 0x20, 0x85, 0x20, 0x7a, 0x20, 0x85, 0x20, 0x7a,
  0x20, 0x85, 0x20, 0x7a, 0x20, 0x85, 0x20, 0x7a, 0x20, 0x85, 0x20, 0x7a,
  0x20, 0x85, 0x20, 0x7a, 0x21, 0x85, 0x21, 0x79, 0x21, 0x85, 0x20, 0x7a,
  0x20, 0x85, 0x20, 0x7a, 0x20, 0x85, 0x20, 0x7a, 0x20, 0x85, 0x20, 0x7a,
  0x21, 0x86, 0x21, 0x7a, 0x22, 0x85, 0x22, 0x7a, 0x22, 0x86, 0x22, 0x7a,
  0x22, 0x85, 0x22, 0x7a, 0x22, 0x85, 0x22, 0x79, 0x22, 0x85, 0x22, 0x79,
  0x23, 0x85, 0x22, 0x7a, 0x22, 0x85, 0x23, 0x7a, 0x23, 0x86, 0x23, 0x7a,
  0x23, 0x86, 0x23, 0x79, 0x24, 0x86, 0x24, 0x7a, 0x24, 0x86, 0x24, 0x79,
  0x24, 0x86, 0x24, 0x79, 0x24, 0x86, 0x24, 0x79, 0x24, 0x86, 0x24, 0x79,
  0x24, 0x86, 0x24, 0x79, 0x24, 0x86, 0x24, 0x79, 0x24, 0x86, 0x25, 0x79,
  0x25, 0x86, 0x24, 0x79, 0x25, 0x86, 0x24, 0x79, 0x24, 0x86, 0x24, 0x79,
  0x24, 0x86, 0x24, 0x79, 0x24, 0x86, 0x23, 0x79, 0x26, 0x86, 0x1d, 0x7a,
  0x30, 0x88, 0x3b, 0x77, 0x1d, 0x86, 0x1f, 0x79, 0x26, 0x86, 0x24, 0x79,
  0x24, 0x86, 0x25, 0x7a, 0x24, 0x86, 0x24, 0x79, 0x24, 0x86, 0x24, 0x7a,
  0x24, 0x86, 0x25, 0x79, 0x25, 0x86, 0x25, 0x79, 0x25, 0x86, 0x25, 0x79,
  0x26, 0x86, 0x26, 0x79, 0x25, 0x86, 0x25, 0x79, 0x25, 0x86, 0x25, 0x79,
  0x25, 0x86, 0x25, 0x79, 0x25, 0x86, 0x25, 0x79, 0x26, 0x86, 0x25, 0x79,
  0x25, 0x86, 0x25, 0x79, 0x25, 0x86, 0x25, 0x79, 0x25, 0x86, 0x25, 0x79,
  0x25, 0x86, 0x25, 0x79, 0x25, 0x86, 0x25, 0x79, 0x25, 0x86, 0x24, 0x79,
  0x24, 0x85, 0x24, 0x79, 0x24, 0x86, 0x24, 0x79, 0x24, 0x86, 0x24, 0x7a,
  0x24, 0x86, 0x24, 0x79, 0x23, 0x86, 0x23, 0x79, 0x23, 0x86, 0x23, 0x7a,
  0x23, 0x86, 0x23, 0x7a, 0x23, 0x86, 0x23, 0x79, 0x23, 0x85, 0x23, 0x7a,
  0x22, 0x85, 0x22, 0x7a, 0x22, 0x85, 0x22, 0x7a, 0x22, 0x86, 0x22, 0x7a,
  0x21, 0x85, 0x21, 0x7a, 0x22, 0x85, 0x22, 0x7a, 0x22, 0x85, 0x22, 0x7a,
  0x22, 0x85, 0x21, 0x7a, 0x21, 0x85, 0x21, 0x7a, 0x21, 0x85, 0x20, 0x7a,
  0x20, 0x85, 0x20, 0x7a, 0x20, 0x85, 0x20, 0x7a, 0x20, 0x85, 0x20, 0x7a,
  0x20, 0x85, 0x20, 0x7a, 0x20, 0x85, 0x20, 0x7a, 0x20, 0x85, 0x20, 0x7a,
  0x20, 0x85, 0x20, 0x7a, 0x20, 0x85, 0x20, 0x7a, 0x20, 0x85, 0x20, 0x7a,
  0x20, 0x85, 0x20, 0x7a, 0x20, 0x85, 0x20, 0x7a, 0x20, 0x85, 0x20, 0x7a,
  0x20, 0x85, 0x1f, 0x7a, 0x20, 0x85, 0x20, 0x7a, 0x1f, 0x85, 0x20, 0x7a,
  0x1f, 0x85, 0x1f, 0x7b, 0x1f, 0x85, 0x1f, 0x7a, 0x1f, 0x85, 0x1f, 0x7a,
  0x1f, 0x85, 0x1f, 0x7a, 0x1e, 0x85, 0x1f, 0x7a, 0x1f, 0x85, 0x1f, 0x7a,
  0x1e, 0x85, 0x1e, 0x7a, 0x1e, 0x85, 0x1e, 0x7a, 0x1e, 0x85, 0x1e, 0x7a,
  0x1e, 0x85, 0x1e, 0x7a, 0x1e, 0x85, 0x1e, 0x7a, 0x1d, 0x85, 0x1e, 0x7a,
  0x1e, 0x84, 0x1e, 0x7a, 0x1e, 0x85, 0x1d, 0x7a, 0x1e, 0x85, 0x1e, 0x7a,
  0x1e, 0x85, 0x1e, 0x7a, 0x1e, 0x85, 0x1e, 0x7a, 0x1e, 0x84, 0x1d, 0x7a,
  0x1e, 0x85, 0x1e, 0x7b, 0x1e, 0x84, 0x1e, 0x7a, 0x1d, 0x84, 0x1d, 0x7a,
  0x1d, 0x84, 0x1d, 0x7a, 0x1d, 0x84, 0x1e, 0x7a, 0x1e, 0x84, 0x1e, 0x7a,
  0x1d, 0x84, 0x1e, 0x7a, 0x1d, 0x84, 0x1d, 0x7a, 0x1d, 0x84, 0x1d, 0x7a,
  0x1d, 0x84, 0x1d, 0x7a, 0x1d, 0x84, 0x1d, 0x7a, 0x1d, 0x84, 0x1d, 0x7a,
  0x1d, 0x84, 0x1d, 0x7a, 0x1d, 0x85, 0x1e, 0x7a, 0x1d, 0x84, 0x1d, 0x7a,
  0x1e, 0x84, 0x1e, 0x7a, 0x1e, 0x85, 0x1e, 0x7a, 0x1e, 0x85, 0x1e, 0x7a,
  0x1e, 0x84, 0x1e, 0x7a, 0x1e, 0x84, 0x1e, 0x7a, 0x1e, 0x85, 0x1e, 0x7a,
  0x1e, 0x84, 0x1e, 0x7a, 0x1e, 0x85, 0x1e, 0x7a, 0x1d, 0x85, 0x1d, 0x7a,
  0x1e, 0x85, 0x1e, 0x7a, 0x1e, 0x85, 0x1e, 0x7a, 0x1e, 0x85, 0x1e, 0x7a,
  0x1e, 0x85, 0x1e, 0x7a, 0x1e, 0x85, 0x1e, 0x7a, 0x1e, 0x84, 0x1e, 0x7a,
  0x1e, 0x84, 0x1e, 0x7b, 0x1e, 0x84, 0x1e, 0x7a, 0x1e, 0x85, 0x1e, 0x7a,
  0x1e, 0x85, 0x1e, 0x7a, 0x1e, 0x84, 0x1e, 0x7a, 0x1e, 0x84, 0x1f, 0x7a,
  0x1e, 0x85, 0x1e, 0x7a, 0x1e, 0x85, 0x1e, 0x7a, 0x1f, 0x85, 0x1e, 0x7a,
  0x1e, 0x85, 0x1e, 0x7a, 0x1e, 0x85, 0x1f, 0x7a, 0x1f, 0x84, 0x1f, 0x7a,
  0x1f, 0x85, 0x1f, 0x7a, 0x1f, 0x85, 0x1f, 0x7a, 0x1f, 0x85, 0x1f, 0x7a,
  0x1f, 0x85, 0x1f, 0x7a, 0x1f, 0x85, 0x1f, 0x7a, 0x1f, 0x85, 0x1f, 0x7a,
  0x20, 0x85, 0x1f, 0x7a, 0x1f, 0x85, 0x20, 0x7a, 0x20, 0x85, 0x20, 0x7a,
  0x20, 0x85, 0x20, 0x7a, 0x1f, 0x85, 0x20, 0x7a, 0x20, 0x85, 0x20, 0x7a,
  0x20, 0x85, 0x20, 0x7a, 0x20, 0x85, 0x20, 0x7a, 0x20, 0x85, 0x20, 0x7a,
  0x20, 0x85, 0x20, 0x7a, 0x20, 0x85, 0x21, 0x7a, 0x21, 0x85, 0x21, 0x7a,
  0x21, 0x85, 0x20, 0x7a, 0x20, 0x85, 0x21, 0x7a, 0x20, 0x85, 0x20, 0x7a,
  0x20, 0x85, 0x20, 0x7a, 0x21, 0x85, 0x21, 0x7a, 0x21, 0x85, 0x21, 0x7a,
  0x21, 0x85, 0x21, 0x7a, 0x22, 0x86, 0x21, 0x79, 0x22, 0x85, 0x22, 0x7a,
  0x22, 0x86, 0x22, 0x7a, 0x23, 0x86, 0x22, 0x79, 0x22, 0x86, 0x23, 0x7a,
  0x23, 0x86, 0x23, 0x7a, 0x24, 0x86, 0x24, 0x79, 0x24, 0x86, 0x24, 0x79,
  0x24, 0x86, 0x24, 0x79, 0x24, 0x86, 0x24, 0x79, 0x24, 0x86, 0x24, 0x79,
  0x24, 0x86, 0x24, 0x79, 0x24, 0x86, 0x24, 0x79, 0x24, 0x86, 0x24, 0x79,
  0x24, 0x86, 0x24, 0x79, 0x24, 0x86, 0x25, 0x79, 0x24, 0x86, 0x24, 0x79,
  0x24, 0x86, 0x24, 0x7a, 0x24, 0x86, 0x24, 0x79, 0x23, 0x85, 0x26, 0x7a,
  0x1e, 0x88, 0x44, 0x76, 0x90, 0x93, 0x87, 0x69, 0x71, 0x8b, 0x37, 0x73,
  0x1c, 0x86, 0x26, 0x7a, 0x24, 0x86, 0x24, 0x79, 0x24, 0x86, 0x25, 0x79,
  0x26, 0x86, 0x26, 0x79, 0x25, 0x86, 0x24, 0x79, 0x25, 0x86, 0x25, 0x79,
  0x25, 0x86, 0x26, 0x79, 0x26, 0x86, 0x26, 0x79, 0x26, 0x86, 0x26, 0x79,
  0x26, 0x86, 0x25, 0x79, 0x26, 0x86, 0x26, 0x79, 0x25, 0x87, 0x26, 0x79,
  0x26, 0x86, 0x26, 0x79, 0x25, 0x86, 0x25, 0x79, 0x25, 0x86, 0x25, 0x79,
  0x25, 0x86, 0x25, 0x79, 0x25, 0x86, 0x25, 0x79, 0x25, 0x86, 0x25, 0x79,
  0x25, 0x86, 0x24, 0x79, 0x25, 0x86, 0x24, 0x79, 0x24, 0x86, 0x24, 0x79,
  0x24, 0x86, 0x24, 0x79, 0x24, 0x86, 0x24, 0x79, 0x23, 0x86, 0x23, 0x7a,
  0x23, 0x86, 0x23, 0x7a, 0x23, 0x86, 0x23, 0x7a, 0x23, 0x86, 0x23, 0x7a,
  0x22, 0x86, 0x23, 0x79, 0x23, 0x85, 0x22, 0x7a, 0x22, 0x85, 0x22, 0x79,
  0x22, 0x85, 0x22, 0x7a, 0x21, 0x86, 0x21, 0x7a, 0x22, 0x86, 0x22, 0x7a,
  0x22, 0x85, 0x22, 0x7a, 0x22, 0x85, 0x22, 0x7a, 0x22, 0x85, 0x21, 0x7a,
  0x21, 0x85, 0x21, 0x7a, 0x20, 0x85, 0x20, 0x7a, 0x21, 0x85, 0x21, 0x7a,
  0x20, 0x85, 0x20, 0x7a, 0x20, 0x85, 0x20, 0x7a, 0x20, 0x84, 0x20, 0x7a,
  0x20, 0x85, 0x20, 0x7a, 0x20, 0x85, 0x21, 0x7a, 0x20, 0x85, 0x20, 0x7a,
  0x21, 0x85, 0x20, 0x7a, 0x20, 0x84, 0x21, 0x7a, 0x20, 0x84, 0x20, 0x7a,
  0x20, 0x85, 0x20, 0x7a, 0x20, 0x85, 0x1f, 0x7a, 0x20, 0x85, 0x20, 0x7a,
  0x20, 0x85, 0x1f, 0x7a, 0x1f, 0x85, 0x1f, 0x7a, 0x1f, 0x85, 0x1f, 0x7a,
  0x1f, 0x85, 0x1f, 0x7a, 0x1f, 0x85, 0x1f, 0x7a, 0x1e, 0x85, 0x1f, 0x7a,
  0x1e, 0x85, 0x1f, 0x7a, 0x1e, 0x85, 0x1e, 0x7a, 0x1e, 0x85, 0x1e, 0x7a,
  0x1e, 0x85, 0x1e, 0x7a, 0x1e, 0x85, 0x1e, 0x7a, 0x1e, 0x85, 0x1e, 0x7a,
  0x1e, 0x85, 0x1d, 0x7a, 0x1e, 0x85, 0x1e, 0x7a, 0x1e, 0x85, 0x1d, 0x7a,
  0x1e, 0x85, 0x1e, 0x7a, 0x1e, 0x85, 0x1e, 0x7a, 0x1e, 0x84, 0x1e, 0x7a,
  0x1e, 0x85, 0x1d, 0x7a, 0x1d, 0x84, 0x1e, 0x7a, 0x1d, 0x84, 0x1d, 0x7a,
  0x1d, 0x84, 0x1e, 0x7a, 0x1d, 0x85, 0x1e, 0x7a, 0x1d, 0x84, 0x1e, 0x7a,
  0x1e, 0x85, 0x1e, 0x7a, 0x1e, 0x85, 0x1e, 0x7a, 0x1e, 0x84, 0x1e, 0x7a,
  0x1d, 0x85, 0x1d, 0x7b, 0x1d, 0x84, 0x1d, 0x7a, 0x1d, 0x85, 0x1d, 0x7a,
  0x1e, 0x84, 0x1e, 0x7a, 0x1e, 0x84, 0x1e, 0x7a, 0x1e, 0x84, 0x1e, 0x7b,
  0x1e, 0x84, 0x1e, 0x7b, 0x1e, 0x84, 0x1e, 0x7a, 0x1e, 0x84, 0x1e, 0x7b,
  0x1e, 0x84, 0x1e, 0x7b, 0x1e, 0x84, 0x1e, 0x7b, 0x1e, 0x84, 0x1e, 0x7b,
  0x1e, 0x84, 0x1e, 0x7b, 0x1e, 0x84, 0x1e, 0x7a, 0x1e, 0x84, 0x1e, 0x7b,
  0x1e, 0x84, 0x1e, 0x7b, 0x1e, 0x84, 0x1e, 0x7b, 0x1e, 0x84, 0x1e, 0x7b,
  0x1e, 0x84, 0x1f, 0x7a, 0x1e, 0x84, 0x1e, 0x7a, 0x1e, 0x84, 0x1e, 0x7b,
  0x1e, 0x84, 0x1e, 0x7b, 0x1e, 0x84, 0x1e, 0x7b, 0x1e, 0x84, 0x1e, 0x7b,
  0x1e, 0x84, 0x1e, 0x7b, 0x1e, 0x84, 0x1e, 0x7a, 0x1e, 0x84, 0x1f, 0x7b,
  0x1e, 0x84, 0x1e, 0x7a, 0x1e, 0x84, 0x1e, 0x7a, 0x1e, 0x84, 0x1e, 0x7a,
  0x1e, 0x84, 0x1f, 0x7a, 0x1f, 0x84, 0x1f, 0x7b, 0x1e, 0x84, 0x1f, 0x7b,
  0x1f, 0x84, 0x1f, 0x7b, 0x1f, 0x84, 0x1f, 0x7b, 0x1f, 0x84, 0x1f, 0x7b,
  0x1f, 0x84, 0x1e, 0x7b, 0x1f, 0x84, 0x1f, 0x7b, 0x1f, 0x84, 0x20, 0x7b,
  0x20, 0x84, 0x20, 0x7b, 0x20, 0x84, 0x20, 0x7b, 0x20, 0x84, 0x20, 0x7b,
  0x1f, 0x84, 0x20, 0x7b, 0x20, 0x84, 0x1f, 0x7b, 0x1f, 0x85, 0x1f, 0x7a,
  0x20, 0x84, 0x20, 0x7a, 0x20, 0x85, 0x20, 0x7a, 0x1f, 0x85, 0x20, 0x7a,
  0x20, 0x85, 0x20, 0x7a, 0x20, 0x85, 0x20, 0x7a, 0x21, 0x85, 0x21, 0x7a,
  0x21, 0x85, 0x21, 0x7a, 0x21, 0x85, 0x20, 0x7a, 0x20, 0x85, 0x20, 0x7a,
  0x20, 0x85, 0x20, 0x7a, 0x20, 0x85, 0x21, 0x7a, 0x21, 0x85, 0x21, 0x7a,
  0x21, 0x85, 0x21, 0x7a, 0x21, 0x85, 0x22, 0x7a, 0x22, 0x86, 0x22, 0x79,
  0x22, 0x86, 0x22, 0x7a, 0x22, 0x86, 0x23, 0x7a, 0x23, 0x86, 0x23, 0x79,
  0x22, 0x86, 0x23, 0x7a, 0x23, 0x86, 0x23, 0x7a, 0x23, 0x86, 0x24, 0x7a,
  0x24, 0x86, 0x24, 0x7a, 0x24, 0x86, 0x24, 0x7a, 0x24, 0x86, 0x24, 0x7a,
  0x24, 0x86, 0x25, 0x7a, 0x25, 0x86, 0x24, 0x7a, 0x24, 0x86, 0x24, 0x79,
  0x24, 0x86, 0x24, 0x79, 0x24, 0x86, 0x25, 0x79, 0x25, 0x86, 0x25, 0x79,
  0x25, 0x86, 0x24, 0x7a, 0x24, 0x86, 0x24, 0x79, 0x24, 0x86, 0x25, 0x79,
  0x25, 0x84, 0x20, 0x7b, 0x30, 0x8e, 0x9f, 0x6c, 0x82, 0x92, 0x6c, 0x6e,
  0x7d, 0x8f, 0x8e, 0x71, 0x51, 0x89, 0x1b, 0x75, 0x24, 0x85, 0x23, 0x7a,
  0x26, 0x86, 0x22, 0x7a, 0x1c, 0x86, 0x1e, 0x7a, 0x25, 0x87, 0x25, 0x79,
  0x25, 0x86, 0x25, 0x79, 0x26, 0x87, 0x26, 0x79, 0x26, 0x86, 0x26, 0x79,
  0x26, 0x87, 0x26, 0x79, 0x26, 0x87, 0x26, 0x79, 0x26, 0x86, 0x26, 0x79,
  0x26, 0x86, 0x26, 0x79, 0x26, 0x86, 0x26, 0x79, 0x26, 0x86, 0x26, 0x79,
  0x26, 0x86, 0x26, 0x79, 0x26, 0x86, 0x25, 0x79, 0x25, 0x86, 0x25, 0x79,
  0x25, 0x86, 0x25, 0x79, 0x25, 0x86, 0x25, 0x79, 0x25, 0x86, 0x24, 0x79,
  0x24, 0x86, 0x24, 0x79, 0x24, 0x86, 0x24, 0x7a, 0x24, 0x86, 0x24, 0x79,
  0x24, 0x86, 0x23, 0x7a, 0x23, 0x86, 0x23, 0x7a, 0x23, 0x86, 0x23, 0x7a,
  0x23, 0x86, 0x23, 0x7a, 0x22, 0x86, 0x23, 0x7a, 0x23, 0x85, 0x22, 0x7a,
  0x23, 0x85, 0x23, 0x7a, 0x22, 0x85, 0x22, 0x7a, 0x22, 0x85, 0x21, 0x7a,
  0x21, 0x85, 0x22, 0x7a, 0x22, 0x85, 0x22, 0x7a, 0x22, 0x85, 0x22, 0x7a,
  0x22, 0x85, 0x21, 0x7a, 0x21, 0x85, 0x21, 0x7a, 0x21, 0x85, 0x21, 0x7a,
  0x20, 0x85, 0x20, 0x7a, 0x20, 0x85, 0x20, 0x7a, 0x20, 0x85, 0x20, 0x7a,
  0x20, 0x85, 0x20, 0x7a, 0x20, 0x84, 0x20, 0x7a, 0x20, 0x84, 0x20, 0x7b,
  0x20, 0x84, 0x20, 0x7b, 0x20, 0x84, 0x20, 0x7b, 0x20, 0x84, 0x20, 0x7b,
  0x20, 0x84, 0x20, 0x7b, 0x20, 0x84, 0x20, 0x7b, 0x20, 0x84, 0x1f, 0x7b,
  0x20, 0x84, 0x20, 0x7b, 0x20, 0x84, 0x1f, 0x7b, 0x1f, 0x84, 0x20, 0x7b,
  0x1f, 0x84, 0x1f, 0x7b, 0x1f, 0x84, 0x1f, 0x7a, 0x1f, 0x84, 0x1f, 0x7b,
  0x1f, 0x84, 0x1f, 0x7b, 0x1f, 0x84, 0x1f, 0x7b, 0x1f, 0x84, 0x1f, 0x7b,
  0x1f, 0x84, 0x1f, 0x7a, 0x1e, 0x84, 0x1f, 0x7a, 0x1f, 0x84, 0x1e, 0x7a,
  0x1e, 0x84, 0x1e, 0x7b, 0x1e, 0x84, 0x1e, 0x7b, 0x1e, 0x84, 0x1e, 0x7b,
  0x1e, 0x84, 0x1e, 0x7b, 0x1e, 0x84, 0x1e, 0x7b, 0x1e, 0x84, 0x1e, 0x7b,
  0x1e, 0x84, 0x1e, 0x7b, 0x1e, 0x84, 0x1e, 0x7b, 0x1e, 0x84, 0x1e, 0x7b,
  0x1e, 0x84, 0x1e, 0x7b, 0x1d, 0x84, 0x1d, 0x7b, 0x1e, 0x84, 0x1e, 0x7b,
  0x1e, 0x84, 0x1e, 0x7b, 0x1e, 0x84, 0x1e, 0x7b, 0x1e, 0x84, 0x1e, 0x7b,
  0x1e, 0x84, 0x1e, 0x7b, 0x1d, 0x84, 0x1e, 0x7a, 0x1d, 0x84, 0x1d, 0x7b,
  0x1e, 0x84, 0x1e, 0x7b, 0x1d, 0x84, 0x1d, 0x7b, 0x1e, 0x84, 0x1e, 0x7b,
  0x1d, 0x84, 0x1d, 0x7b, 0x1d, 0x84, 0x1e, 0x7b, 0x1e, 0x84, 0x1d, 0x7b,
  0x1e, 0x84, 0x1e, 0x7b, 0x1e, 0x84, 0x1e, 0x7b, 0x1e, 0x84, 0x1e, 0x7b,
  0x1e, 0x84, 0x1e, 0x7b, 0x1e, 0x84, 0x1e, 0x7b, 0x1d, 0x84, 0x1d, 0x7b,
  0x1e, 0x84, 0x1e, 0x7b, 0x1e, 0x84, 0x1d, 0x7b, 0x1e, 0x84, 0x1e, 0x7b,
  0x1e, 0x84, 0x1e, 0x7b, 0x1e, 0x84, 0x1e, 0x7b, 0x1e, 0x84, 0x1e, 0x7b,
  0x1d, 0x84, 0x1e, 0x7b, 0x1e, 0x84, 0x1e, 0x7b, 0x1e, 0x84, 0x1e, 0x7b,
  0x1e, 0x84, 0x1e, 0x7b, 0x1e, 0x84, 0x1e, 0x7b, 0x1e, 0x84, 0x1e, 0x7b,
  0x1e, 0x84, 0x1e, 0x7b, 0x1e, 0x84, 0x1e, 0x7b, 0x1f, 0x84, 0x1e, 0x7b,
  0x1e, 0x84, 0x1e, 0x7b, 0x1e, 0x84, 0x1e, 0x7b, 0x1e, 0x84, 0x1e, 0x7b,
  0x1f, 0x84, 0x1f, 0x7b, 0x1f, 0x84, 0x1f, 0x7b, 0x1f, 0x84, 0x1f, 0x7b,
  0x1f, 0x84, 0x1f, 0x7b, 0x1f, 0x84, 0x1f, 0x7b, 0x1f, 0x84, 0x20, 0x7b,
  0x1f, 0x84, 0x1f, 0x7b, 0x20, 0x84, 0x20, 0x7b, 0x20, 0x84, 0x20, 0x7b,
  0x20, 0x84, 0x20, 0x7b, 0x20, 0x84, 0x20, 0x7b, 0x1f, 0x85, 0x1f, 0x7b,
  0x1f, 0x85, 0x20, 0x7b, 0x1f, 0x85, 0x20, 0x7a, 0x20, 0x85, 0x20, 0x7b,
  0x20, 0x84, 0x20, 0x7b, 0x20, 0x85, 0x20, 0x7a, 0x21, 0x85, 0x21, 0x7a,
  0x21, 0x85, 0x21, 0x7a, 0x21, 0x85, 0x21, 0x7a, 0x21, 0x85, 0x21, 0x7a,
  0x21, 0x85, 0x21, 0x7a, 0x21, 0x85, 0x21, 0x7a, 0x21, 0x85, 0x21, 0x7a,
  0x21, 0x85, 0x21, 0x7a, 0x21, 0x85, 0x21, 0x7a, 0x21, 0x85, 0x22, 0x7a,
  0x22, 0x85, 0x23, 0x7a, 0x23, 0x85, 0x23, 0x7a, 0x22, 0x86, 0x23, 0x79,
  0x23, 0x86, 0x23, 0x7a, 0x23, 0x86, 0x23, 0x7a, 0x24, 0x86, 0x24, 0x79,
  0x24, 0x86, 0x24, 0x79, 0x24, 0x86, 0x24, 0x7a, 0x24, 0x86, 0x24, 0x7a,
  0x24, 0x86, 0x24, 0x79, 0x24, 0x86, 0x25, 0x79, 0x25, 0x86, 0x25, 0x79,
  0x25, 0x86, 0x25, 0x79, 0x25, 0x86, 0x24, 0x79, 0x25, 0x86, 0x24, 0x79,
  0x25, 0x86, 0x25, 0x79, 0x24, 0x86, 0x25, 0x79, 0x25, 0x86, 0x25, 0x79,
  0x25, 0x86, 0x25, 0x7a, 0x28, 0x86, 0x1c, 0x79, 0x79, 0x94, 0x92, 0x67,
  0x6b, 0x90, 0x6b, 0x71, 0x65, 0x8d, 0x67, 0x75, 0x87, 0x8e, 0x4c, 0x71,
  0x1a, 0x85, 0x28, 0x7a, 0x1d, 0x87, 0x30, 0x79, 0x50, 0x8a, 0x4c, 0x73,
  0x24, 0x87, 0x26, 0x79, 0x27, 0x86, 0x26, 0x79, 0x26, 0x86, 0x26, 0x79,
  0x26, 0x86, 0x26, 0x79, 0x26, 0x87, 0x26, 0x79, 0x26, 0x87, 0x25, 0x79,
  0x26, 0x87, 0x26, 0x79, 0x26, 0x87, 0x26, 0x79, 0x26, 0x86, 0x26, 0x79,
  0x26, 0x86, 0x26, 0x79, 0x26, 0x86, 0x26, 0x79, 0x26, 0x86, 0x26, 0x79,
  0x26, 0x86, 0x25, 0x79, 0x26, 0x86, 0x25, 0x79, 0x25, 0x86, 0x25, 0x79,
  0x25, 0x86, 0x25, 0x79, 0x24, 0x86, 0x24, 0x7a, 0x24, 0x86, 0x24, 0x7a,
  0x24, 0x86, 0x24, 0x7a, 0x24, 0x86, 0x24, 0x7a, 0x24, 0x86, 0x24, 0x79,
  0x23, 0x85, 0x23, 0x79, 0x23, 0x86, 0x23, 0x7a, 0x23, 0x86, 0x23, 0x7a,
  0x23, 0x85, 0x23, 0x7a, 0x22, 0x85, 0x23, 0x7a, 0x23, 0x85, 0x22, 0x7a,
  0x22, 0x85, 0x22, 0x7a, 0x22, 0x85, 0x22, 0x7a, 0x22, 0x85, 0x22, 0x7a,
  0x22, 0x85, 0x22, 0x7a, 0x22, 0x85, 0x22, 0x7a, 0x22, 0x85, 0x21, 0x7a,
  0x21, 0x85, 0x21, 0x7a, 0x21, 0x85, 0x21, 0x7a, 0x20, 0x85, 0x20, 0x7a,
  0x20, 0x85, 0x20, 0x7b, 0x20, 0x85, 0x20, 0x7b, 0x20, 0x85, 0x20, 0x7b,
  0x21, 0x84, 0x21, 0x7b, 0x20, 0x84, 0x20, 0x7b, 0x20, 0x84, 0x21, 0x7b,
  0x20, 0x84, 0x20, 0x7b, 0x21, 0x84, 0x20, 0x7b, 0x20, 0x84, 0x20, 0x7b,
  0x20, 0x84, 0x20, 0x7b, 0x20, 0x84, 0x20, 0x7b, 0x20, 0x84, 0x20, 0x7b,
  0x20, 0x84, 0x1f, 0x7b, 0x1f, 0x85, 0x1f, 0x7b, 0x1f, 0x84, 0x1f, 0x7b,
  0x1f, 0x85, 0x1f, 0x7b, 0x1f, 0x84, 0x1e, 0x7b, 0x1f, 0x84, 0x1f, 0x7b,
  0x1f, 0x84, 0x1e, 0x7b, 0x1f, 0x84, 0x1e, 0x7b, 0x1e, 0x84, 0x1e, 0x7a,
  0x1e, 0x85, 0x1e, 0x7b, 0x1e, 0x84, 0x1e, 0x7b, 0x1e, 0x84, 0x1e, 0x7b,
  0x1e, 0x84, 0x1e, 0x7b, 0x1d, 0x84, 0x1e, 0x7b, 0x1e, 0x84, 0x1e, 0x7b,
  0x1e, 0x84, 0x1e, 0x7b, 0x1e, 0x84, 0x1e, 0x7b, 0x1d, 0x84, 0x1e, 0x7b,
  0x1e, 0x84, 0x1d, 0x7b, 0x1e, 0x84, 0x1d, 0x7b, 0x1d, 0x84, 0x1d, 0x7b,
  0x1d, 0x84, 0x1e, 0x7b, 0x1e, 0x84, 0x1e, 0x7b, 0x1d, 0x84, 0x1e, 0x7b,
  0x1d, 0x84, 0x1d, 0x7b, 0x1e, 0x84, 0x1d, 0x7b, 0x1e, 0x84, 0x1d, 0x7b,
  0x1d, 0x84, 0x1d, 0x7b, 0x1d, 0x84, 0x1e, 0x7b, 0x1d, 0x84, 0x1d, 0x7b,
  0x1d, 0x84, 0x1e, 0x7b, 0x1d, 0x84, 0x1d, 0x7a, 0x1d, 0x84, 0x1e, 0x7a,
  0x1d, 0x84, 0x1e, 0x7b, 0x1d, 0x84, 0x1e, 0x7b, 0x1e, 0x84, 0x1e, 0x7b,
  0x1e, 0x84, 0x1e, 0x7b, 0x1e, 0x85, 0x1e, 0x7b, 0x1e, 0x85, 0x1e, 0x7a,
  0x1e, 0x84, 0x1e, 0x7b, 0x1e, 0x84, 0x1e, 0x7a, 0x1e, 0x84, 0x1e, 0x7a,
  0x1e, 0x84, 0x1e, 0x7b, 0x1e, 0x85, 0x1e, 0x7a, 0x1e, 0x85, 0x1e, 0x7b,
  0x1e, 0x85, 0x1e, 0x7a, 0x1e, 0x84, 0x1e, 0x7b, 0x1e, 0x85, 0x1e, 0x7a,
  0x1e, 0x85, 0x1e, 0x7a, 0x1e, 0x85, 0x1f, 0x7b, 0x1e, 0x85, 0x1e, 0x7a,
  0x1e, 0x85, 0x1e, 0x7a, 0x1e, 0x84, 0x1e, 0x7a, 0x1e, 0x85, 0x1e, 0x7a,
  0x1f, 0x84, 0x1f, 0x7a, 0x1e, 0x85, 0x1f, 0x7a, 0x1f, 0x85, 0x1f, 0x7a,
  0x1f, 0x85, 0x1e, 0x7b, 0x1f, 0x84, 0x1f, 0x7b, 0x1f, 0x84, 0x1f, 0x7b,
  0x1f, 0x84, 0x1f, 0x7b, 0x1f, 0x84, 0x1f, 0x7b, 0x1f, 0x84, 0x1f, 0x7b,
  0x20, 0x84, 0x20, 0x7b, 0x20, 0x83, 0x20, 0x7b, 0x20, 0x83, 0x20, 0x7b,
  0x20, 0x83, 0x20, 0x7b, 0x20, 0x84, 0x21, 0x7b, 0x20, 0x84, 0x20, 0x7b,
  0x1f, 0x84, 0x1f, 0x7b, 0x20, 0x84, 0x20, 0x7b, 0x20, 0x85, 0x20, 0x7b,
  0x20, 0x85, 0x20, 0x7a, 0x20, 0x85, 0x20, 0x7a, 0x20, 0x85, 0x20, 0x7a,
  0x20, 0x85, 0x21, 0x7a, 0x21, 0x85, 0x21, 0x7a, 0x21, 0x85, 0x21, 0x7a,
  0x21, 0x85, 0x21, 0x7a, 0x21, 0x85, 0x21, 0x7a, 0x21, 0x85, 0x21, 0x7a,
  0x21, 0x85, 0x21, 0x7a, 0x21, 0x85, 0x21, 0x7a, 0x21, 0x86, 0x22, 0x7a,
  0x22, 0x86, 0x22, 0x7a, 0x22, 0x86, 0x23, 0x7a, 0x23, 0x86, 0x22, 0x7a,
  0x23, 0x86, 0x23, 0x7a, 0x23, 0x86, 0x23, 0x7a, 0x23, 0x86, 0x23, 0x7a,
  0x24, 0x86, 0x24, 0x7a, 0x24, 0x86, 0x24, 0x7a, 0x24, 0x86, 0x23, 0x7a,
  0x23, 0x86, 0x24, 0x7a, 0x24, 0x86, 0x24, 0x79, 0x25, 0x86, 0x25, 0x79,
  0x25, 0x86, 0x25, 0x79, 0x25, 0x86, 0x25, 0x79, 0x25, 0x86, 0x24, 0x79,
  0x24, 0x86, 0x24, 0x7a, 0x25, 0x86, 0x25, 0x79, 0x24, 0x86, 0x25, 0x79,
  0x25, 0x87, 0x25, 0x79, 0x26, 0x86, 0x26, 0x7a, 0x22, 0x88, 0x37, 0x75,
  0x9c, 0x97, 0x75, 0x66, 0x67, 0x8f, 0x65, 0x73, 0x66, 0x8a, 0x64, 0x77,
  0x64, 0x8e, 0x84, 0x71, 0x33, 0x87, 0x19, 0x77, 0x63, 0x8e, 0x9e, 0x6d,
  0x90, 0x92, 0x93, 0x6a, 0x50, 0x89, 0x20, 0x75, 0x29, 0x86, 0x27, 0x79,
  0x27, 0x87, 0x27, 0x78, 0x28, 0x87, 0x27, 0x79, 0x27, 0x87, 0x27, 0x79,
  0x27, 0x87, 0x26, 0x79, 0x26, 0x87, 0x26, 0x79, 0x26, 0x87, 0x27, 0x79,
  0x26, 0x87, 0x26, 0x79, 0x26, 0x86, 0x26, 0x79, 0x26, 0x86, 0x26, 0x79,
  0x25, 0x86, 0x25, 0x79, 0x25, 0x86, 0x25, 0x79, 0x25, 0x86, 0x25, 0x79,
  0x25, 0x86, 0x25, 0x7a, 0x25, 0x86, 0x25, 0x7a, 0x24, 0x86, 0x24, 0x7a,
  0x24, 0x86, 0x24, 0x7a, 0x24, 0x86, 0x24, 0x7a, 0x24, 0x86, 0x24, 0x7a,
  0x24, 0x86, 0x24, 0x79, 0x23, 0x86, 0x23, 0x79, 0x23, 0x86, 0x23, 0x7a,
  0x23, 0x86, 0x23, 0x7a, 0x22, 0x86, 0x22, 0x7a, 0x22, 0x85, 0x22, 0x7a,
  0x23, 0x86, 0x22, 0x7a, 0x22, 0x85, 0x22, 0x7a, 0x22, 0x86, 0x22, 0x7a,
  0x22, 0x86, 0x22, 0x7a, 0x22, 0x86, 0x21, 0x7a, 0x22, 0x85, 0x22, 0x7a,
  0x22, 0x85, 0x21, 0x7a, 0x21, 0x85, 0x21, 0x7a, 0x20, 0x85, 0x20, 0x7a,
  0x21, 0x85, 0x20, 0x7a, 0x20, 0x85, 0x20, 0x7a, 0x20, 0x85, 0x20, 0x7a,
  0x20, 0x84, 0x21, 0x7a, 0x21, 0x84, 0x21, 0x7b, 0x21, 0x84, 0x20, 0x7b,
  0x21, 0x83, 0x20, 0x7b, 0x20, 0x83, 0x20, 0x7b, 0x20, 0x83, 0x20, 0x7b,
  0x20, 0x83, 0x20, 0x7b, 0x20, 0x83, 0x21, 0x7b, 0x21, 0x84, 0x21, 0x7b,
  0x20, 0x84, 0x20, 0x7b, 0x1f, 0x84, 0x1f, 0x7b, 0x1f, 0x85, 0x1f, 0x7b,
  0x1f, 0x84, 0x1f, 0x7b, 0x1e, 0x85, 0x1f, 0x7a, 0x1f, 0x85, 0x1f, 0x7b,
  0x1f, 0x85, 0x1f, 0x7a, 0x1f, 0x85, 0x1f, 0x7a, 0x1e, 0x85, 0x1f, 0x7a,
  0x1f, 0x85, 0x1f, 0x7a, 0x1e, 0x85, 0x1e, 0x7a, 0x1e, 0x85, 0x1e, 0x7a,
  0x1e, 0x85, 0x1e, 0x7b, 0x1e, 0x85, 0x1e, 0x7b, 0x1e, 0x85, 0x1e, 0x7b,
  0x1e, 0x85, 0x1e, 0x7b, 0x1e, 0x85, 0x1e, 0x7a, 0x1e, 0x84, 0x1e, 0x7a,
  0x1e, 0x84, 0x1e, 0x7b, 0x1e, 0x84, 0x1d, 0x7b, 0x1e, 0x84, 0x1e, 0x7a,
  0x1e, 0x84, 0x1d, 0x7b, 0x1d, 0x84, 0x1d, 0x7b, 0x1e, 0x84, 0x1e, 0x7b,
  0x1e, 0x84, 0x1d, 0x7b, 0x1e, 0x84, 0x1e, 0x7b, 0x1e, 0x84, 0x1d, 0x7b,
  0x1d, 0x84, 0x1d, 0x7b, 0x1e, 0x84, 0x1d, 0x7b, 0x1e, 0x84, 0x1e, 0x7b,
  0x1d, 0x84, 0x1d, 0x7a, 0x1d, 0x84, 0x1e, 0x7a, 0x1d, 0x84, 0x1d, 0x7b,
  0x1d, 0x84, 0x1d, 0x7b, 0x1d, 0x84, 0x1e, 0x7a, 0x1e, 0x84, 0x1e, 0x7b,
  0x1d, 0x84, 0x1e, 0x7b, 0x1e, 0x84, 0x1d, 0x7b, 0x1e, 0x84, 0x1e, 0x7b,
  0x1e, 0x85, 0x1d, 0x7b, 0x1e, 0x84, 0x1e, 0x7b, 0x1e, 0x84, 0x1e, 0x7b,
  0x1e, 0x85, 0x1d, 0x7b, 0x1e, 0x85, 0x1e, 0x7b, 0x1e, 0x85, 0x1e, 0x7b,
  0x1e, 0x85, 0x1e, 0x7a, 0x1e, 0x84, 0x1e, 0x7b, 0x1e, 0x85, 0x1e, 0x7b,
  0x1e, 0x84, 0x1e, 0x7a, 0x1e, 0x85, 0x1e, 0x7a, 0x1e, 0x84, 0x1e, 0x7a,
  0x1e, 0x84, 0x1e, 0x7b, 0x1e, 0x84, 0x1e, 0x7b, 0x1e, 0x84, 0x1e, 0x7b,
  0x1e, 0x85, 0x1e, 0x7a, 0x1e, 0x85, 0x1e, 0x7b, 0x1f, 0x84, 0x1e, 0x7b,
  0x1e, 0x85, 0x1e, 0x7a, 0x1f, 0x84, 0x1e, 0x7a, 0x1e, 0x84, 0x1f, 0x7b,
  0x1f, 0x84, 0x1f, 0x7b, 0x1f, 0x84, 0x1f, 0x7b, 0x1f, 0x84, 0x1f, 0x7b,
  0x20, 0x84, 0x20, 0x7b, 0x21, 0x83, 0x21, 0x7b, 0x21, 0x84, 0x21, 0x7b,
  0x20, 0x83, 0x21, 0x7b, 0x21, 0x83, 0x21, 0x7b, 0x21, 0x84, 0x20, 0x7b,
  0x21, 0x84, 0x20, 0x7c, 0x20, 0x84, 0x20, 0x7b, 0x20, 0x84, 0x20, 0x7b,
  0x20, 0x84, 0x20, 0x7b, 0x20, 0x85, 0x20, 0x7b, 0x20, 0x85, 0x20, 0x7a,
  0x20, 0x85, 0x20, 0x7a, 0x20, 0x85, 0x21, 0x7a, 0x20, 0x85, 0x21, 0x7a,
  0x21, 0x85, 0x21, 0x7a, 0x21, 0x85, 0x21, 0x7a, 0x21, 0x85, 0x20, 0x7a,
  0x20, 0x85, 0x21, 0x7a, 0x21, 0x85, 0x21, 0x7a, 0x22, 0x86, 0x21, 0x7a,
  0x21, 0x85, 0x22, 0x7a, 0x21, 0x85, 0x22, 0x7a, 0x22, 0x85, 0x22, 0x79,
  0x22, 0x86, 0x22, 0x79, 0x22, 0x86, 0x23, 0x79, 0x23, 0x86, 0x24, 0x79,
  0x24, 0x86, 0x24, 0x79, 0x24, 0x86, 0x24, 0x79, 0x24, 0x86, 0x24, 0x79,
  0x24, 0x86, 0x24, 0x79, 0x24, 0x86, 0x25, 0x79, 0x25, 0x86, 0x25, 0x79,
  0x25, 0x86, 0x26, 0x79, 0x25, 0x86, 0x25, 0x79, 0x26, 0x86, 0x25, 0x79,
  0x25, 0x86, 0x25, 0x79, 0x26, 0x86, 0x26, 0x79, 0x25, 0x86, 0x25, 0x79,
  0x25, 0x86, 0x26, 0x79, 0x27, 0x86, 0x25, 0x79, 0x27, 0x85, 0x29, 0x7b,
  0x1e, 0x8b, 0x57, 0x72, 0x98, 0x97, 0x67, 0x67, 0x62, 0x8d, 0x60, 0x75,
  0x63, 0x89, 0x66, 0x77, 0x62, 0x8c, 0x76, 0x75, 0x67, 0x8e, 0x5b, 0x6e,
  0xa8, 0x91, 0x79, 0x6c, 0x65, 0x8e, 0x6f, 0x73, 0x74, 0x8c, 0x28, 0x72,
  0x2a, 0x86, 0x28, 0x79, 0x28, 0x87, 0x27, 0x78, 0x27, 0x87, 0x27, 0x79,
  0x27, 0x87, 0x27, 0x79, 0x27, 0x87, 0x28, 0x79, 0x28, 0x87, 0x29, 0x78,
  0x29, 0x87, 0x28, 0x78, 0x27, 0x87, 0x27, 0x79, 0x27, 0x86, 0x27, 0x79,
  0x26, 0x86, 0x26, 0x79, 0x27, 0x86, 0x26, 0x79, 0x25, 0x86, 0x26, 0x79,
  0x26, 0x86, 0x26, 0x79, 0x26, 0x86, 0x25, 0x79, 0x25, 0x86, 0x25, 0x79,
  0x25, 0x86, 0x25, 0x79, 0x25, 0x86, 0x25, 0x79, 0x24, 0x86, 0x24, 0x7a,
  0x24, 0x86, 0x24, 0x79, 0x24, 0x86, 0x24, 0x7a, 0x23, 0x86, 0x23, 0x79,
  0x24, 0x86, 0x23, 0x79, 0x23, 0x86, 0x22, 0x79, 0x22, 0x86, 0x22, 0x79,
  0x22, 0x85, 0x22, 0x7a, 0x22, 0x85, 0x22, 0x7a, 0x22, 0x85, 0x22, 0x79,
  0x22, 0x85, 0x22, 0x7a, 0x22, 0x85, 0x21, 0x7a, 0x21, 0x85, 0x21, 0x7a,
  0x21, 0x85, 0x21, 0x7a, 0x21, 0x85, 0x21, 0x7a, 0x21, 0x85, 0x21, 0x7a,
  0x21, 0x85, 0x20, 0x7a, 0x20, 0x85, 0x20, 0x7a, 0x20, 0x85, 0x20, 0x7a,
  0x20, 0x84, 0x20, 0x7b, 0x20, 0x84, 0x21, 0x7b, 0x21, 0x84, 0x21, 0x7b,
  0x21, 0x84, 0x21, 0x7b, 0x21, 0x84, 0x21, 0x7b, 0x21, 0x83, 0x21, 0x7b,
  0x21, 0x83, 0x21, 0x7b, 0x21, 0x83, 0x21, 0x7b, 0x21, 0x83, 0x21, 0x7b,
  0x21, 0x83, 0x21, 0x7b, 0x21, 0x84, 0x20, 0x7b, 0x20, 0x84, 0x20, 0x7b,
  0x1f, 0x84, 0x1f, 0x7b, 0x1f, 0x84, 0x1f, 0x7b, 0x1f, 0x84, 0x1f, 0x7b,
  0x1f, 0x84, 0x1e, 0x7b, 0x1e, 0x84, 0x1f, 0x7b, 0x1f, 0x85, 0x1e, 0x7b,
  0x1e, 0x85, 0x1f, 0x7a, 0x1f, 0x85, 0x1e, 0x7b, 0x1e, 0x84, 0x1e, 0x7a,
  0x1e, 0x85, 0x1e, 0x7b, 0x1e, 0x85, 0x1d, 0x7b, 0x1e, 0x85, 0x1d, 0x7b,
  0x1e, 0x84, 0x1e, 0x7a, 0x1e, 0x84, 0x1e, 0x7a, 0x1e, 0x84, 0x1e, 0x7b,
  0x1e, 0x84, 0x1e, 0x7a, 0x1e, 0x84, 0x1e, 0x7b, 0x1e, 0x84, 0x1e, 0x7b,
  0x1d, 0x84, 0x1e, 0x7b, 0x1e, 0x84, 0x1e, 0x7b, 0x1d, 0x84, 0x1d, 0x7b,
  0x1e, 0x84, 0x1e, 0x7b, 0x1d, 0x84, 0x1e, 0x7b, 0x1e, 0x84, 0x1e, 0x7b,
  0x1e, 0x84, 0x1d, 0x7b, 0x1d, 0x84, 0x1e, 0x7b, 0x1e, 0x84, 0x1d, 0x7a,
  0x1d, 0x84, 0x1e, 0x7a, 0x1d, 0x84, 0x1d, 0x7b, 0x1e, 0x84, 0x1d, 0x7b,
  0x1d, 0x84, 0x1e, 0x7a, 0x1d, 0x84, 0x1d, 0x7b, 0x1d, 0x84, 0x1e, 0x7b,
  0x1e, 0x84, 0x1e, 0x7b, 0x1e, 0x84, 0x1e, 0x7b, 0x1e, 0x84, 0x1e, 0x7b,
  0x1e, 0x84, 0x1e, 0x7b, 0x1e, 0x84, 0x1e, 0x7b, 0x1e, 0x84, 0x1e, 0x7b,
  0x1e, 0x84, 0x1e, 0x7b, 0x1e, 0x84, 0x1e, 0x7b, 0x1e, 0x84, 0x1e, 0x7a,
  0x1e, 0x84, 0x1e, 0x7a, 0x1e, 0x84, 0x1e, 0x7a, 0x1e, 0x84, 0x1e, 0x7a,
  0x1f, 0x84, 0x1e, 0x7a, 0x1e, 0x84, 0x1e, 0x7a, 0x1e, 0x84, 0x1e, 0x7a,
  0x1e, 0x84, 0x1e, 0x7a, 0x1f, 0x84, 0x1e, 0x7b, 0x1e, 0x84, 0x1e, 0x7b,
  0x1f, 0x84, 0x1e, 0x7a, 0x1e, 0x84, 0x1e, 0x7b, 0x1e, 0x84, 0x1f, 0x7b,
  0x1e, 0x84, 0x1f, 0x7a, 0x1e, 0x84, 0x1f, 0x7a, 0x1f, 0x84, 0x1f, 0x7a,
  0x1f, 0x84, 0x1f, 0x7b, 0x20, 0x83, 0x20, 0x7b, 0x1f, 0x83, 0x1f, 0x7b,
  0x1f, 0x83, 0x20, 0x7b, 0x20, 0x83, 0x21, 0x7b, 0x21, 0x83, 0x21, 0x7c,
  0x22, 0x82, 0x21, 0x7c, 0x22, 0x82, 0x22, 0x7d, 0x21, 0x82, 0x21, 0x7d,
  0x22, 0x82, 0x21, 0x7c, 0x22, 0x83, 0x20, 0x7c, 0x21, 0x83, 0x21, 0x7b,
  0x21, 0x83, 0x20, 0x7b, 0x20, 0x84, 0x21, 0x7a, 0x20, 0x84, 0x20, 0x7b,
  0x20, 0x84, 0x20, 0x7a, 0x20, 0x85, 0x20, 0x7a, 0x21, 0x85, 0x21, 0x7a,
  0x21, 0x85, 0x21, 0x7a, 0x21, 0x85, 0x21, 0x7a, 0x21, 0x85, 0x21, 0x7a,
  0x21, 0x85, 0x21, 0x7a, 0x21, 0x85, 0x21, 0x7a, 0x21, 0x86, 0x27, 0x78,
  0x26, 0x86, 0x22, 0x78, 0x22, 0x85, 0x22, 0x7a, 0x22, 0x85, 0x22, 0x79,
  0x22, 0x85, 0x22, 0x79, 0x22, 0x86, 0x23, 0x7a, 0x23, 0x86, 0x23, 0x7a,
  0x24, 0x86, 0x24, 0x7a, 0x24, 0x86, 0x24, 0x7a, 0x24, 0x86, 0x24, 0x7a,
  0x25, 0x86, 0x24, 0x79, 0x24, 0x86, 0x25, 0x79, 0x25, 0x86, 0x25, 0x79,
  0x25, 0x86, 0x26, 0x7a, 0x25, 0x86, 0x25, 0x7a, 0x25, 0x86, 0x26, 0x79,
  0x26, 0x86, 0x26, 0x7a, 0x26, 0x86, 0x26, 0x79, 0x26, 0x86, 0x26, 0x79,
  0x26, 0x86, 0x25, 0x79, 0x26, 0x86, 0x24, 0x7a, 0x1f, 0x86, 0x25, 0x7a,
  0x23, 0x84, 0x22, 0x7b, 0x1c, 0x8c, 0x5f, 0x71, 0x89, 0x96, 0x5c, 0x69,
  0x5d, 0x8a, 0x5d, 0x77, 0x62, 0x89, 0x65, 0x77, 0x65, 0x89, 0x5f, 0x77,
  0x77, 0x92, 0x89, 0x6d, 0x6c, 0x8c, 0x67, 0x73, 0x66, 0x8c, 0x69, 0x74,
  0x6f, 0x8c, 0x20, 0x73, 0x22, 0x86, 0x26, 0x7a, 0x29, 0x87, 0x29, 0x78,
  0x27, 0x87, 0x27, 0x78, 0x28, 0x87, 0x28, 0x78, 0x28, 0x87, 0x28, 0x79,
  0x28, 0x87, 0x29, 0x78, 0x29, 0x87, 0x29, 0x78, 0x29, 0x87, 0x29, 0x78,
  0x28, 0x87, 0x27, 0x79, 0x26, 0x86, 0x27, 0x79, 0x27, 0x86, 0x26, 0x79,
  0x26, 0x86, 0x26, 0x7a, 0x26, 0x86, 0x26, 0x79, 0x26, 0x86, 0x25, 0x79,
  0x26, 0x86, 0x26, 0x7a, 0x25, 0x86, 0x24, 0x7a, 0x25, 0x86, 0x24, 0x79,
  0x24, 0x86, 0x24, 0x79, 0x24, 0x86, 0x24, 0x7a, 0x24, 0x86, 0x24, 0x7a,
  0x23, 0x86, 0x23, 0x7a, 0x24, 0x86, 0x23, 0x79, 0x23, 0x85, 0x23, 0x7a,
  0x23, 0x86, 0x22, 0x7a, 0x23, 0x86, 0x23, 0x79, 0x23, 0x85, 0x23, 0x79,
  0x23, 0x85, 0x23, 0x7a, 0x23, 0x85, 0x22, 0x7a, 0x22, 0x85, 0x22, 0x7a,
  0x22, 0x85, 0x21, 0x7a, 0x22, 0x85, 0x22, 0x7a, 0x21, 0x85, 0x22, 0x7a,
  0x22, 0x85, 0x21, 0x7a, 0x21, 0x85, 0x21, 0x7a, 0x21, 0x85, 0x21, 0x7a,
  0x20, 0x84, 0x20, 0x7b, 0x21, 0x84, 0x21, 0x7a, 0x21, 0x84, 0x21, 0x7b,
  0x21, 0x83, 0x22, 0x7b, 0x22, 0x83, 0x22, 0x7c, 0x22, 0x82, 0x22, 0x7c,
  0x22, 0x82, 0x22, 0x7c, 0x22, 0x82, 0x22, 0x7c, 0x22, 0x82, 0x21, 0x7c,
  0x22, 0x82, 0x22, 0x7c, 0x22, 0x83, 0x22, 0x7c, 0x21, 0x83, 0x21, 0x7b,
  0x20, 0x83, 0x21, 0x7b, 0x20, 0x83, 0x20, 0x7b, 0x1f, 0x84, 0x1f, 0x7a,
  0x1f, 0x84, 0x1f, 0x7b, 0x1f, 0x84, 0x1f, 0x7a, 0x1f, 0x84, 0x1f, 0x7a,
  0x1e, 0x84, 0x1f, 0x7a, 0x1f, 0x84, 0x1e, 0x7a, 0x1e, 0x84, 0x1f, 0x7a,
  0x1e, 0x84, 0x1e, 0x7a, 0x1e, 0x84, 0x1e, 0x7a, 0x1e, 0x84, 0x1e, 0x7a,
  0x1e, 0x84, 0x1e, 0x7a, 0x1e, 0x84, 0x1e, 0x7b, 0x1e, 0x84, 0x1e, 0x7b,
  0x1e, 0x84, 0x1e, 0x7a, 0x1e, 0x84, 0x1e, 0x7a, 0x1e, 0x84, 0x1e, 0x7b,
  0x1e, 0x84, 0x1e, 0x7b, 0x1e, 0x84, 0x1d, 0x7a, 0x1d, 0x84, 0x1e, 0x7a,
  0x1e, 0x84, 0x1e, 0x7a, 0x1e, 0x84, 0x1e, 0x7b, 0x1e, 0x84, 0x1e, 0x7b,
  0x1e, 0x84, 0x1d, 0x7b, 0x1d, 0x84, 0x1e, 0x7b, 0x1e, 0x83, 0x1e, 0x7a,
  0x1e, 0x84, 0x1d, 0x7a, 0x1d, 0x84, 0x1d, 0x7b, 0x1e, 0x84, 0x1d, 0x7b,
  0x1d, 0x83, 0x1e, 0x7a, 0x1d, 0x84, 0x1d, 0x7b, 0x1e, 0x84, 0x1e, 0x7b,
  0x1e, 0x84, 0x1e, 0x7b, 0x1d, 0x84, 0x1d, 0x7b, 0x1d, 0x85, 0x1d, 0x7b,
  0x1e, 0x85, 0x1e, 0x7b, 0x1e, 0x85, 0x1e, 0x7b, 0x1e, 0x85, 0x1e, 0x7b,
  0x1d, 0x85, 0x1e, 0x7b, 0x1e, 0x85, 0x1d, 0x7b, 0x1e, 0x85, 0x1e, 0x7b,
  0x1e, 0x85, 0x1e, 0x7b, 0x1e, 0x85, 0x1e, 0x7b, 0x1e, 0x85, 0x1e, 0x7b,
  0x1e, 0x85, 0x1e, 0x7b, 0x1e, 0x85, 0x1e, 0x7b, 0x1e, 0x85, 0x1e, 0x7b,
  0x1e, 0x85, 0x1e, 0x7b, 0x1e, 0x85, 0x1e, 0x7a, 0x1e, 0x85, 0x1f, 0x7b,
  0x1e, 0x85, 0x1e, 0x7b, 0x1e, 0x85, 0x1e, 0x7b, 0x1e, 0x85, 0x1e, 0x7b,
  0x1e, 0x85, 0x1f, 0x7b, 0x1e, 0x85, 0x1e, 0x7a, 0x1f, 0x85, 0x1e, 0x7b,
  0x1f, 0x85, 0x1f, 0x7b, 0x1f, 0x84, 0x1f, 0x7b, 0x20, 0x83, 0x1f, 0x7b,
  0x20, 0x83, 0x20, 0x7c, 0x20, 0x83, 0x20, 0x7c, 0x21, 0x82, 0x22, 0x7c,
  0x22, 0x81, 0x22, 0x7d, 0x23, 0x81, 0x23, 0x7d, 0x23, 0x81, 0x23, 0x7d,
  0x23, 0x81, 0x23, 0x7e, 0x23, 0x81, 0x23, 0x7d, 0x22, 0x82, 0x22, 0x7d,
  0x21, 0x83, 0x21, 0x7c, 0x21, 0x84, 0x21, 0x7b, 0x21, 0x84, 0x21, 0x7b,
  0x20, 0x85, 0x20, 0x7a, 0x20, 0x85, 0x20, 0x7a, 0x20, 0x85, 0x21, 0x7a,
  0x20, 0x85, 0x21, 0x7a, 0x21, 0x85, 0x21, 0x7a, 0x21, 0x85, 0x21, 0x7a,
  0x21, 0x86, 0x21, 0x7a, 0x21, 0x86, 0x21, 0x7a, 0x21, 0x86, 0x23, 0x7a,
  0x29, 0x89, 0x2b, 0x76, 0x29, 0x88, 0x22, 0x78, 0x22, 0x86, 0x22, 0x7a,
  0x22, 0x86, 0x22, 0x7a, 0x22, 0x86, 0x22, 0x7a, 0x22, 0x86, 0x23, 0x7a,
  0x23, 0x86, 0x23, 0x7a, 0x24, 0x86, 0x24, 0x7a, 0x25, 0x86, 0x24, 0x79,
  0x25, 0x87, 0x25, 0x79, 0x25, 0x87, 0x25, 0x79, 0x25, 0x86, 0x25, 0x79,
  0x25, 0x86, 0x25, 0x79, 0x26, 0x86, 0x26, 0x79, 0x25, 0x86, 0x26, 0x79,
  0x26, 0x87, 0x26, 0x79, 0x27, 0x86, 0x27, 0x79, 0x27, 0x87, 0x26, 0x79,
  0x26, 0x87, 0x26, 0x79, 0x27, 0x87, 0x27, 0x79, 0x26, 0x87, 0x2c, 0x77,
  0x87, 0x92, 0x97, 0x65, 0x7b, 0x8f, 0x58, 0x6d, 0x21, 0x8c, 0x50, 0x72,
  0x7c, 0x94, 0x52, 0x6c, 0x57, 0x89, 0x5b, 0x78, 0x62, 0x89, 0x67, 0x77,
  0x66, 0x89, 0x5e, 0x77, 0x60, 0x8d, 0x60, 0x74, 0x5b, 0x8b, 0x63, 0x76,
  0x61, 0x8b, 0x5c, 0x76, 0x72, 0x8c, 0x58, 0x6f, 0x3a, 0x87, 0x27, 0x76,
  0x1d, 0x87, 0x20, 0x7a, 0x28, 0x88, 0x2a, 0x78, 0x28, 0x88, 0x28, 0x78,
  0x29, 0x88, 0x29, 0x78, 0x29, 0x88, 0x29, 0x78, 0x29, 0x88, 0x29, 0x78,
  0x2a, 0x88, 0x2a, 0x78, 0x2b, 0x88, 0x2a, 0x78, 0x2a, 0x88, 0x28, 0x78,
  0x27, 0x87, 0x26, 0x79, 0x27, 0x87, 0x27, 0x79, 0x27, 0x87, 0x26, 0x79,
  0x26, 0x87, 0x26, 0x79, 0x26, 0x87, 0x27, 0x79, 0x27, 0x87, 0x27, 0x78,
  0x24, 0x86, 0x25, 0x79, 0x25, 0x86, 0x25, 0x79, 0x25, 0x86, 0x25, 0x79,
  0x24, 0x86, 0x24, 0x79, 0x24, 0x86, 0x24, 0x7a, 0x24, 0x86, 0x24, 0x7a,
  0x23, 0x86, 0x23, 0x7a, 0x23, 0x86, 0x23, 0x7a, 0x23, 0x86, 0x23, 0x7a,
  0x23, 0x86, 0x23, 0x7a, 0x23, 0x86, 0x23, 0x7a, 0x23, 0x86, 0x23, 0x7a,
  0x23, 0x86, 0x22, 0x7a, 0x22, 0x85, 0x22, 0x7a, 0x22, 0x85, 0x22, 0x7a,
  0x22, 0x85, 0x22, 0x7a, 0x22, 0x85, 0x22, 0x7a, 0x22, 0x85, 0x22, 0x7a,
  0x22, 0x85, 0x21, 0x7a, 0x21, 0x85, 0x21, 0x7b, 0x21, 0x84, 0x21, 0x7b,
  0x22, 0x83, 0x22, 0x7b, 0x23, 0x83, 0x23, 0x7c, 0x23, 0x82, 0x23, 0x7c,
  0x23, 0x81, 0x24, 0x7d, 0x24, 0x81, 0x24, 0x7d, 0x23, 0x81, 0x24, 0x7d,
  0x23, 0x81, 0x23, 0x7d, 0x23, 0x81, 0x23, 0x7d, 0x23, 0x82, 0x22, 0x7c,
  0x22, 0x83, 0x22, 0x7c, 0x21, 0x83, 0x20, 0x7b, 0x20, 0x83, 0x20, 0x7b,
  0x20, 0x84, 0x20, 0x7b, 0x1f, 0x85, 0x1f, 0x7b, 0x1f, 0x85, 0x1f, 0x7b,
  0x1f, 0x85, 0x1f, 0x7b, 0x1f, 0x85, 0x1f, 0x7b, 0x1e, 0x85, 0x1e, 0x7b,
  0x1e, 0x85, 0x1f, 0x7b, 0x1f, 0x85, 0x1f, 0x7a, 0x1e, 0x85, 0x1e, 0x7b,
  0x1e, 0x85, 0x1e, 0x7b, 0x1e, 0x85, 0x1e, 0x7b, 0x1e, 0x85, 0x1e, 0x7b,
  0x1d, 0x85, 0x1e, 0x7b, 0x1e, 0x85, 0x1e, 0x7b, 0x1e, 0x85, 0x1e, 0x7a,
  0x1e, 0x85, 0x1e, 0x7b, 0x1d, 0x85, 0x1d, 0x7b, 0x1e, 0x85, 0x1e, 0x7b,
  0x1e, 0x85, 0x1e, 0x7b, 0x1e, 0x85, 0x1e, 0x7b, 0x1e, 0x85, 0x1e, 0x7a,
  0x1d, 0x85, 0x1e, 0x7b, 0x1d, 0x85, 0x1e, 0x7b, 0x1d, 0x85, 0x1d, 0x7b,
  0x1e, 0x85, 0x1e, 0x7b, 0x1e, 0x84, 0x1e, 0x7b, 0x1d, 0x84, 0x1d, 0x7a,
  0x1d, 0x84, 0x1d, 0x7b, 0x1d, 0x84, 0x1e, 0x7b, 0x1e, 0x84, 0x1e, 0x7b,
  0x1e, 0x84, 0x1e, 0x7b, 0x1e, 0x84, 0x1e, 0x7b, 0x1e, 0x84, 0x1e, 0x7b,
  0x1e, 0x84, 0x1e, 0x7b, 0x1e, 0x84, 0x1e, 0x7b, 0x1e, 0x84, 0x1e, 0x7b,
  0x1e, 0x84, 0x1e, 0x7a, 0x1e, 0x84, 0x1e, 0x7b, 0x1e, 0x84, 0x1e, 0x7b,
  0x1e, 0x84, 0x1e, 0x7b, 0x1e, 0x84, 0x1e, 0x7b, 0x1e, 0x84, 0x1e, 0x7b,
  0x1e, 0x84, 0x1e, 0x7b, 0x1e, 0x84, 0x1e, 0x7b, 0x1e, 0x84, 0x1e, 0x7b,
  0x1e, 0x84, 0x1f, 0x7b, 0x1f, 0x84, 0x1e, 0x7b, 0x1f, 0x84, 0x1e, 0x7b,
  0x1e, 0x84, 0x1e, 0x7b, 0x1e, 0x85, 0x1e, 0x7b, 0x1f, 0x84, 0x1e, 0x7b,
  0x1e, 0x84, 0x1e, 0x7b, 0x1f, 0x84, 0x1f, 0x7b, 0x1f, 0x84, 0x1f, 0x7b,
  0x1f, 0x84, 0x1f, 0x7b, 0x1f, 0x84, 0x1f, 0x7b, 0x1f, 0x84, 0x1f, 0x7b,
  0x1f, 0x83, 0x1f, 0x7c, 0x20, 0x83, 0x21, 0x7c, 0x21, 0x82, 0x21, 0x7c,
  0x22, 0x81, 0x22, 0x7d, 0x22, 0x81, 0x23, 0x7d, 0x23, 0x81, 0x24, 0x7d,
  0x24, 0x81, 0x24, 0x7d, 0x25, 0x80, 0x24, 0x7d, 0x23, 0x81, 0x23, 0x7d,
  0x23, 0x81, 0x23, 0x7d, 0x22, 0x82, 0x22, 0x7c, 0x21, 0x83, 0x20, 0x7c,
  0x21, 0x84, 0x21, 0x7b, 0x21, 0x84, 0x20, 0x7b, 0x20, 0x84, 0x20, 0x7a,
  0x20, 0x85, 0x21, 0x7a, 0x21, 0x85, 0x21, 0x7a, 0x21, 0x85, 0x21, 0x7a,
  0x21, 0x86, 0x21, 0x7a, 0x21, 0x86, 0x21, 0x7a, 0x21, 0x85, 0x21, 0x7a,
  0x24, 0x88, 0x29, 0x77, 0x2a, 0x8a, 0x29, 0x75, 0x24, 0x87, 0x22, 0x79,
  0x22, 0x86, 0x22, 0x7a, 0x22, 0x86, 0x22, 0x7a, 0x22, 0x86, 0x22, 0x7a,
  0x23, 0x86, 0x23, 0x7a, 0x24, 0x86, 0x23, 0x79, 0x24, 0x87, 0x25, 0x79,
  0x24, 0x87, 0x25, 0x79, 0x24, 0x87, 0x25, 0x79, 0x25, 0x86, 0x25, 0x79,
  0x25, 0x87, 0x25, 0x79, 0x25, 0x87, 0x25, 0x79, 0x26, 0x87, 0x26, 0x79,
  0x26, 0x87, 0x25, 0x79, 0x25, 0x87, 0x26, 0x78, 0x26, 0x87, 0x26, 0x79,
  0x26, 0x87, 0x27, 0x79, 0x27, 0x87, 0x28, 0x78, 0x28, 0x87, 0x29, 0x79,
  0x20, 0x89, 0x4a, 0x73, 0xb0, 0x9a, 0x89, 0x62, 0x86, 0x97, 0x89, 0x69,
  0x70, 0x92, 0x69, 0x6a, 0x76, 0x92, 0x50, 0x6d, 0x52, 0x89, 0x58, 0x78,
  0x5f, 0x89, 0x66, 0x77, 0x68, 0x89, 0x62, 0x78, 0x5e, 0x8b, 0x5b, 0x76,
  0x59, 0x89, 0x5e, 0x77, 0x5d, 0x8a, 0x53, 0x77, 0x7e, 0x94, 0xb5, 0x67,
  0xb5, 0x91, 0xa8, 0x64, 0x80, 0x8a, 0x4b, 0x6e, 0x23, 0x87, 0x1b, 0x79,
  0x27, 0x87, 0x28, 0x79, 0x26, 0x87, 0x27, 0x79, 0x28, 0x87, 0x29, 0x78,
  0x2a, 0x88, 0x2a, 0x78, 0x2a, 0x88, 0x2b, 0x78, 0x2b, 0x88, 0x2b, 0x78,
  0x2b, 0x88, 0x2c, 0x77, 0x2b, 0x88, 0x29, 0x78, 0x27, 0x86, 0x26, 0x79,
  0x26, 0x87, 0x26, 0x78, 0x26, 0x87, 0x26, 0x79, 0x26, 0x87, 0x27, 0x79,
  0x30, 0x8d, 0x39, 0x70, 0x30, 0x8a, 0x26, 0x75, 0x24, 0x86, 0x25, 0x7a,
  0x24, 0x87, 0x24, 0x79, 0x24, 0x86, 0x24, 0x79, 0x24, 0x86, 0x23, 0x7a,
  0x23, 0x86, 0x23, 0x7a, 0x23, 0x86, 0x23, 0x79, 0x23, 0x86, 0x23, 0x7a,
  0x22, 0x86, 0x22, 0x7a, 0x22, 0x86, 0x22, 0x7a, 0x22, 0x86, 0x22, 0x7a,
  0x23, 0x85, 0x22, 0x7a, 0x22, 0x86, 0x22, 0x7a, 0x22, 0x86, 0x22, 0x7a,
  0x22, 0x86, 0x21, 0x7a, 0x21, 0x86, 0x22, 0x7a, 0x22, 0x85, 0x22, 0x7a,
  0x22, 0x85, 0x21, 0x7a, 0x21, 0x85, 0x21, 0x7a, 0x21, 0x84, 0x21, 0x7b,
  0x22, 0x84, 0x22, 0x7b, 0x22, 0x83, 0x22, 0x7b, 0x23, 0x82, 0x23, 0x7c,
  0x24, 0x81, 0x24, 0x7d, 0x24, 0x81, 0x25, 0x7d, 0x25, 0x80, 0x25, 0x7d,
  0x25, 0x80, 0x25, 0x7d, 0x25, 0x80, 0x24, 0x7d, 0x24, 0x81, 0x24, 0x7d,
  0x24, 0x81, 0x23, 0x7d, 0x22, 0x82, 0x22, 0x7c, 0x21, 0x83, 0x21, 0x7c,
  0x21, 0x83, 0x20, 0x7b, 0x20, 0x84, 0x20, 0x7b, 0x20, 0x84, 0x20, 0x7b,
  0x20, 0x84, 0x1f, 0x7a, 0x1f, 0x84, 0x1f, 0x7b, 0x1f, 0x84, 0x1f, 0x7b,
  0x1f, 0x84, 0x1f, 0x7b, 0x1f, 0x84, 0x1f, 0x7b, 0x1e, 0x84, 0x1e, 0x7b,
  0x1e, 0x84, 0x1e, 0x7b, 0x1e, 0x84, 0x1e, 0x7b, 0x1e, 0x84, 0x1e, 0x7b,
  0x1e, 0x84, 0x1e, 0x7b, 0x1e, 0x84, 0x1e, 0x7b, 0x1e, 0x84, 0x1e, 0x7b,
  0x1e, 0x84, 0x1e, 0x7b, 0x1f, 0x84, 0x1e, 0x7b, 0x1e, 0x84, 0x1e, 0x7b,
  0x1e, 0x84, 0x1e, 0x7b, 0x1e, 0x84, 0x1e, 0x7b, 0x1e, 0x84, 0x1e, 0x7b,
  0x1e, 0x84, 0x1e, 0x7b, 0x1e, 0x84, 0x1e, 0x7b, 0x1e, 0x84, 0x1e, 0x7b,
  0x1e, 0x84, 0x1e, 0x7b, 0x1e, 0x84, 0x1e, 0x7b, 0x1e, 0x84, 0x1e, 0x7b,
  0x1e, 0x84, 0x1e, 0x7b, 0x1e, 0x84, 0x1e, 0x7b, 0x1e, 0x84, 0x1e, 0x7b,
  0x1e, 0x84, 0x1d, 0x7a, 0x1d, 0x84, 0x1d, 0x7a, 0x1d, 0x84, 0x1d, 0x7a,
  0x1e, 0x84, 0x1d, 0x7b, 0x1d, 0x84, 0x1d, 0x7a, 0x1d, 0x84, 0x1d, 0x7a,
  0x1d, 0x84, 0x1d, 0x7a, 0x1d, 0x84, 0x1e, 0x7a, 0x1e, 0x85, 0x1e, 0x7a,
  0x1e, 0x84, 0x1e, 0x7a, 0x1d, 0x84, 0x1d, 0x7a, 0x1e, 0x84, 0x1e, 0x7a,
  0x1e, 0x84, 0x1e, 0x7a, 0x1d, 0x84, 0x1e, 0x7b, 0x1e, 0x84, 0x1e, 0x7a,
  0x1d, 0x84, 0x1e, 0x7a, 0x1e, 0x84, 0x1e, 0x7a, 0x1e, 0x84, 0x1e, 0x7a,
  0x1e, 0x84, 0x1f, 0x7a, 0x1e, 0x84, 0x1e, 0x7a, 0x1e, 0x84, 0x1e, 0x7a,
  0x1e, 0x84, 0x1e, 0x7a, 0x1e, 0x84, 0x1e, 0x7a, 0x1e, 0x84, 0x1e, 0x7a,
  0x1e, 0x84, 0x1e, 0x7b, 0x1f, 0x84, 0x1f, 0x7b, 0x1f, 0x84, 0x1f, 0x7b,
  0x1f, 0x83, 0x20, 0x7b, 0x20, 0x83, 0x20, 0x7c, 0x21, 0x82, 0x21, 0x7c,
  0x22, 0x82, 0x22, 0x7d, 0x23, 0x80, 0x23, 0x7e, 0x24, 0x80, 0x24, 0x7e,
  0x25, 0x80, 0x25, 0x7e, 0x26, 0x7f, 0x26, 0x7e, 0x26, 0x7f, 0x26, 0x7e,
  0x26, 0x80, 0x25, 0x7e, 0x24, 0x80, 0x24, 0x7e, 0x23, 0x82, 0x23, 0x7d,
  0x22, 0x83, 0x21, 0x7c, 0x21, 0x83, 0x21, 0x7b, 0x21, 0x84, 0x21, 0x7b,
  0x21, 0x84, 0x21, 0x7a, 0x21, 0x85, 0x21, 0x7a, 0x21, 0x85, 0x21, 0x7a,
  0x21, 0x85, 0x21, 0x79, 0x21, 0x86, 0x21, 0x79, 0x22, 0x85, 0x21, 0x7a,
  0x21, 0x86, 0x25, 0x79, 0x2a, 0x8a, 0x2b, 0x75, 0x29, 0x88, 0x24, 0x77,
  0x22, 0x85, 0x22, 0x7a, 0x22, 0x86, 0x22, 0x79, 0x22, 0x86, 0x22, 0x79,
  0x22, 0x86, 0x23, 0x79, 0x24, 0x86, 0x24, 0x79, 0x24, 0x87, 0x24, 0x79,
  0x25, 0x87, 0x26, 0x79, 0x24, 0x86, 0x25, 0x79, 0x25, 0x86, 0x24, 0x79,
  0x25, 0x86, 0x25, 0x79, 0x25, 0x87, 0x25, 0x79, 0x25, 0x86, 0x25, 0x79,
  0x25, 0x87, 0x25, 0x79, 0x26, 0x87, 0x25, 0x78, 0x25, 0x87, 0x26, 0x78,
  0x26, 0x87, 0x27, 0x78, 0x27, 0x87, 0x28, 0x78, 0x28, 0x87, 0x27, 0x78,
  0x27, 0x86, 0x28, 0x79, 0x21, 0x89, 0x3f, 0x74, 0x93, 0x97, 0x6c, 0x67,
  0x6a, 0x91, 0x67, 0x71, 0x6d, 0x90, 0x6c, 0x71, 0x56, 0x8f, 0x50, 0x72,
  0x4e, 0x89, 0x55, 0x77, 0x5d, 0x89, 0x66, 0x77, 0x6b, 0x88, 0x66, 0x77,
  0x60, 0x8a, 0x58, 0x76, 0x58, 0x89, 0x60, 0x77, 0x5c, 0x8b, 0x5c, 0x75,
  0x76, 0x93, 0x78, 0x6e, 0x88, 0x95, 0x9b, 0x69, 0xaf, 0x95, 0xb8, 0x62,
  0x9f, 0x8c, 0x61, 0x6b, 0x26, 0x87, 0x1e, 0x79, 0x29, 0x87, 0x28, 0x78,
  0x26, 0x87, 0x27, 0x79, 0x28, 0x87, 0x28, 0x78, 0x29, 0x88, 0x2a, 0x78,
  0x2b, 0x88, 0x2c, 0x77, 0x2c, 0x88, 0x2c, 0x77, 0x2c, 0x88, 0x2d, 0x77,
  0x2c, 0x88, 0x2a, 0x77, 0x28, 0x86, 0x26, 0x78, 0x25, 0x87, 0x26, 0x79,
  0x27, 0x86, 0x26, 0x79, 0x30, 0x8d, 0x3a, 0x70, 0x3b, 0x8f, 0x36, 0x6d,
  0x2a, 0x88, 0x24, 0x77, 0x25, 0x86, 0x24, 0x79, 0x24, 0x86, 0x24, 0x79,
  0x24, 0x86, 0x24, 0x79, 0x23, 0x86, 0x24, 0x79, 0x24, 0x86, 0x23, 0x79,
  0x23, 0x86, 0x23, 0x79, 0x23, 0x86, 0x23, 0x79, 0x23, 0x86, 0x23, 0x79,
  0x23, 0x86, 0x22, 0x79, 0x23, 0x86, 0x23, 0x7a, 0x23, 0x86, 0x22, 0x79,
  0x22, 0x86, 0x22, 0x7a, 0x22, 0x86, 0x22, 0x79, 0x22, 0x86, 0x22, 0x79,
  0x22, 0x85, 0x22, 0x79, 0x22, 0x85, 0x22, 0x79, 0x21, 0x85, 0x21, 0x7a,
  0x21, 0x84, 0x22, 0x7b, 0x22, 0x83, 0x22, 0x7b, 0x23, 0x83, 0x23, 0x7c,
  0x24, 0x82, 0x24, 0x7d, 0x24, 0x80, 0x25, 0x7e, 0x26, 0x7f, 0x27, 0x7e,
  0x27, 0x7f, 0x27, 0x7f, 0x27, 0x7e, 0x27, 0x7f, 0x27, 0x7f, 0x26, 0x7e,
  0x26, 0x80, 0x25, 0x7e, 0x25, 0x80, 0x24, 0x7e, 0x24, 0x81, 0x22, 0x7d,
  0x22, 0x82, 0x21, 0x7c, 0x21, 0x83, 0x21, 0x7c, 0x21, 0x84, 0x21, 0x7b,
  0x20, 0x84, 0x1f, 0x7b, 0x1f, 0x84, 0x1f, 0x7a, 0x1f, 0x84, 0x1f, 0x7a,
  0x1f, 0x84, 0x1f, 0x7a, 0x1e, 0x84, 0x1e, 0x7a, 0x1e, 0x85, 0x1e, 0x7a,
  0x1e, 0x84, 0x1e, 0x7a, 0x1e, 0x85, 0x1e, 0x7a, 0x1e, 0x84, 0x1e, 0x7a,
  0x1e, 0x84, 0x1d, 0x7a, 0x1e, 0x84, 0x1e, 0x7a, 0x1e, 0x84, 0x1e, 0x7a,
  0x1d, 0x84, 0x1e, 0x7b, 0x1d, 0x84, 0x1e, 0x7a, 0x1e, 0x84, 0x1e, 0x7a,
  0x1d, 0x84, 0x1e, 0x7a, 0x1d, 0x85, 0x1d, 0x7a, 0x1d, 0x84, 0x1e, 0x7a,
  0x1e, 0x84, 0x1e, 0x7a, 0x1e, 0x84, 0x1e, 0x7a, 0x1d, 0x84, 0x1d, 0x7b,
  0x1e, 0x84, 0x1d, 0x7a, 0x1d, 0x84, 0x1d, 0x7a, 0x1d, 0x84, 0x1d, 0x7a,
  0x1d, 0x84, 0x1d, 0x7a, 0x1e, 0x84, 0x1d, 0x7a, 0x1d, 0x84, 0x1d, 0x7a,
  0x1d, 0x84, 0x1d, 0x7a, 0x1d, 0x84, 0x1d, 0x7a, 0x1e, 0x84, 0x1d, 0x7a,
  0x1e, 0x84, 0x1d, 0x7a, 0x1d, 0x84, 0x1d, 0x7a, 0x1e, 0x84, 0x1e, 0x7a,
  0x1e, 0x84, 0x1d, 0x7a, 0x1d, 0x84, 0x1e, 0x7a, 0x1d, 0x84, 0x1e, 0x7a,
  0x1d, 0x84, 0x1e, 0x7a, 0x1e, 0x84, 0x1e, 0x7a, 0x1e, 0x84, 0x1e, 0x7a,
  0x1e, 0x84, 0x1e, 0x7a, 0x1e, 0x84, 0x1e, 0x7a, 0x1e, 0x84, 0x1d, 0x7a,
  0x1e, 0x84, 0x1e, 0x7a, 0x1e, 0x84, 0x1e, 0x7a, 0x1e, 0x84, 0x1e, 0x7a,
  0x1e, 0x84, 0x1e, 0x7a, 0x1e, 0x84, 0x1e, 0x7a, 0x1e, 0x84, 0x1f, 0x7a,
  0x1e, 0x84, 0x1e, 0x7a, 0x1f, 0x84, 0x1f, 0x7a, 0x1f, 0x84, 0x1f, 0x7a,
  0x1f, 0x84, 0x1f, 0x7a, 0x1f, 0x84, 0x1f, 0x7b, 0x1f, 0x84, 0x1f, 0x7b,
  0x20, 0x84, 0x1f, 0x7b, 0x20, 0x83, 0x20, 0x7c, 0x21, 0x82, 0x21, 0x7c,
  0x22, 0x82, 0x22, 0x7d, 0x23, 0x81, 0x24, 0x7d, 0x25, 0x7f, 0x25, 0x7e,
  0x26, 0x7f, 0x27, 0x7f, 0x28, 0x7e, 0x28, 0x7f, 0x28, 0x7d, 0x28, 0x80,
  0x29, 0x7d, 0x2a, 0x80, 0x2a, 0x7d, 0x28, 0x80, 0x27, 0x7f, 0x26, 0x7f,
  0x25, 0x81, 0x24, 0x7d, 0x23, 0x82, 0x22, 0x7c, 0x22, 0x83, 0x22, 0x7c,
  0x21, 0x83, 0x21, 0x7b, 0x21, 0x84, 0x21, 0x7b, 0x21, 0x85, 0x21, 0x7a,
  0x21, 0x85, 0x21, 0x7a, 0x21, 0x85, 0x21, 0x7a, 0x21, 0x85, 0x21, 0x7a,
  0x21, 0x85, 0x21, 0x7a, 0x25, 0x88, 0x2a, 0x76, 0x2b, 0x89, 0x29, 0x75,
  0x23, 0x86, 0x21, 0x79, 0x22, 0x86, 0x22, 0x79, 0x22, 0x86, 0x22, 0x79,
  0x22, 0x86, 0x23, 0x79, 0x23, 0x87, 0x25, 0x79, 0x25, 0x87, 0x24, 0x79,
  0x25, 0x86, 0x25, 0x79, 0x25, 0x87, 0x25, 0x79, 0x25, 0x86, 0x24, 0x79,
  0x25, 0x86, 0x24, 0x79, 0x24, 0x87, 0x24, 0x79, 0x24, 0x87, 0x25, 0x79,
  0x25, 0x86, 0x26, 0x79, 0x26, 0x86, 0x25, 0x78, 0x26, 0x87, 0x26, 0x79,
  0x27, 0x87, 0x27, 0x78, 0x28, 0x87, 0x28, 0x78, 0x28, 0x87, 0x28, 0x78,
  0x28, 0x87, 0x28, 0x78, 0x27, 0x87, 0x28, 0x79, 0x29, 0x89, 0x2e, 0x76,
  0x80, 0x95, 0x6b, 0x6a, 0x5c, 0x90, 0x5c, 0x72, 0x59, 0x8c, 0x57, 0x75,
  0x4f, 0x8b, 0x47, 0x76, 0x4b, 0x88, 0x54, 0x77, 0x5d, 0x88, 0x66, 0x78,
  0x6d, 0x88, 0x6b, 0x78, 0x63, 0x89, 0x57, 0x77, 0x59, 0x88, 0x62, 0x78,
  0x5a, 0x8b, 0x5a, 0x76, 0x61, 0x8d, 0x57, 0x73, 0x65, 0x8f, 0x6f, 0x72,
  0x7d, 0x93, 0x8f, 0x6c, 0xa9, 0x95, 0xbf, 0x64, 0xa5, 0x8c, 0x51, 0x6c,
  0x1b, 0x87, 0x25, 0x7a, 0x29, 0x87, 0x27, 0x79, 0x27, 0x87, 0x28, 0x79,
  0x28, 0x87, 0x29, 0x79, 0x29, 0x87, 0x2a, 0x79, 0x2b, 0x88, 0x2c, 0x78,
  0x2d, 0x88, 0x2d, 0x77, 0x2d, 0x88, 0x2e, 0x77, 0x2e, 0x88, 0x2c, 0x77,
  0x29, 0x87, 0x27, 0x79, 0x26, 0x86, 0x26, 0x7a, 0x25, 0x87, 0x2a, 0x78,
  0x35, 0x8f, 0x3b, 0x6d, 0x3b, 0x8e, 0x31, 0x6f, 0x26, 0x86, 0x24, 0x79,
  0x24, 0x86, 0x24, 0x79, 0x24, 0x86, 0x24, 0x79, 0x24, 0x86, 0x24, 0x79,
  0x24, 0x86, 0x24, 0x7a, 0x24, 0x86, 0x24, 0x7a, 0x23, 0x86, 0x23, 0x7a,
  0x23, 0x86, 0x23, 0x7a, 0x23, 0x86, 0x23, 0x79, 0x23, 0x85, 0x23, 0x7a,
  0x23, 0x85, 0x22, 0x7a, 0x22, 0x85, 0x22, 0x7a, 0x22, 0x85, 0x22, 0x7a,
  0x22, 0x85, 0x22, 0x7a, 0x22, 0x85, 0x22, 0x7a, 0x21, 0x85, 0x21, 0x7a,
  0x21, 0x84, 0x22, 0x7a, 0x22, 0x84, 0x22, 0x7b, 0x22, 0x83, 0x23, 0x7c,
  0x24, 0x82, 0x24, 0x7c, 0x25, 0x81, 0x25, 0x7e, 0x26, 0x7f, 0x27, 0x7f,
  0x29, 0x7d, 0x2b, 0x80, 0x2b, 0x7c, 0x2b, 0x80, 0x2b, 0x7d, 0x2a, 0x80,
  0x2a, 0x7d, 0x29, 0x80, 0x29, 0x7d, 0x28, 0x7f, 0x28, 0x7f, 0x26, 0x7f,
  0x25, 0x81, 0x24, 0x7e, 0x23, 0x81, 0x22, 0x7d, 0x22, 0x82, 0x21, 0x7c,
  0x21, 0x83, 0x21, 0x7b, 0x20, 0x84, 0x20, 0x7b, 0x1f, 0x84, 0x1f, 0x7b,
  0x1f, 0x84, 0x1f, 0x7a, 0x1f, 0x84, 0x1f, 0x7a, 0x1e, 0x84, 0x1e, 0x7a,
  0x1e, 0x84, 0x1e, 0x7a, 0x1e, 0x84, 0x1e, 0x7a, 0x1e, 0x84, 0x1e, 0x7a,
  0x1e, 0x84, 0x1e, 0x7a, 0x1e, 0x84, 0x1e, 0x7a, 0x1e, 0x84, 0x1e, 0x7a,
  0x1e, 0x84, 0x1e, 0x7a, 0x1e, 0x84, 0x1e, 0x7a, 0x1e, 0x84, 0x1e, 0x7a,
  0x1e, 0x84, 0x1e, 0x7a, 0x1d, 0x84, 0x1d, 0x7a, 0x1d, 0x84, 0x1e, 0x7a,
  0x1e, 0x84, 0x1e, 0x7a, 0x1e, 0x84, 0x1e, 0x7a, 0x1e, 0x84, 0x1d, 0x7a,
  0x1e, 0x84, 0x1e, 0x7a, 0x1d, 0x84, 0x1d, 0x7a, 0x1d, 0x84, 0x1e, 0x7a,
  0x1e, 0x84, 0x1d, 0x7a, 0x1d, 0x84, 0x1e, 0x7a, 0x1e, 0x84, 0x1e, 0x7b,
  0x1e, 0x84, 0x1d, 0x7a, 0x1d, 0x84, 0x1d, 0x7a, 0x1e, 0x84, 0x1d, 0x7b,
  0x1e, 0x84, 0x1e, 0x7b, 0x1e, 0x84, 0x1e, 0x7b, 0x1e, 0x84, 0x1e, 0x7b,
  0x1e, 0x84, 0x1e, 0x7b, 0x1e, 0x84, 0x1e, 0x7b, 0x1e, 0x84, 0x1e, 0x7b,
  0x1e, 0x84, 0x1e, 0x7b, 0x1e, 0x84, 0x1e, 0x7b, 0x1e, 0x84, 0x1e, 0x7b,
  0x1e, 0x84, 0x1e, 0x7b, 0x1e, 0x84, 0x1e, 0x7b, 0x1e, 0x84, 0x1e, 0x7b,
  0x1e, 0x84, 0x1e, 0x7b, 0x1e, 0x84, 0x1e, 0x7b, 0x1e, 0x84, 0x1e, 0x7b,
  0x1e, 0x84, 0x1e, 0x7b, 0x1f, 0x84, 0x1f, 0x7b, 0x1f, 0x84, 0x1f, 0x7a,
  0x1e, 0x84, 0x1f, 0x7b, 0x1f, 0x84, 0x1f, 0x7b, 0x1f, 0x84, 0x1f, 0x7b,
  0x1f, 0x84, 0x1f, 0x7b, 0x1f, 0x84, 0x1f, 0x7b, 0x1f, 0x84, 0x1f, 0x7b,
  0x20, 0x84, 0x20, 0x7b, 0x20, 0x84, 0x20, 0x7b, 0x20, 0x83, 0x21, 0x7c,
  0x22, 0x82, 0x23, 0x7d, 0x23, 0x81, 0x24, 0x7d, 0x25, 0x80, 0x26, 0x7e,
  0x27, 0x7e, 0x28, 0x7f, 0x29, 0x7d, 0x29, 0x80, 0x2a, 0x7c, 0x2c, 0x81,
  0x2e, 0x7b, 0x2e, 0x81, 0x2a, 0x7c, 0x27, 0x81, 0x26, 0x7d, 0x29, 0x80,
  0x2c, 0x7d, 0x29, 0x80, 0x27, 0x80, 0x26, 0x7e, 0x24, 0x82, 0x23, 0x7d,
  0x23, 0x83, 0x22, 0x7c, 0x22, 0x84, 0x22, 0x7b, 0x21, 0x84, 0x21, 0x7b,
  0x21, 0x85, 0x21, 0x7b, 0x21, 0x85, 0x21, 0x7a, 0x21, 0x85, 0x21, 0x7a,
  0x21, 0x86, 0x22, 0x7a, 0x21, 0x86, 0x25, 0x79, 0x2a, 0x8a, 0x2a, 0x74,
  0x28, 0x87, 0x23, 0x77, 0x22, 0x85, 0x22, 0x7a, 0x22, 0x86, 0x22, 0x7a,
  0x22, 0x86, 0x22, 0x7a, 0x23, 0x87, 0x24, 0x79, 0x26, 0x88, 0x26, 0x77,
  0x26, 0x87, 0x25, 0x78, 0x25, 0x87, 0x25, 0x79, 0x25, 0x86, 0x24, 0x79,
  0x24, 0x86, 0x25, 0x79, 0x25, 0x87, 0x25, 0x79, 0x25, 0x87, 0x24, 0x79,
  0x25, 0x86, 0x25, 0x79, 0x26, 0x87, 0x26, 0x79, 0x26, 0x87, 0x26, 0x79,
  0x26, 0x87, 0x28, 0x79, 0x28, 0x88, 0x28, 0x78, 0x28, 0x87, 0x28, 0x78,
  0x28, 0x88, 0x29, 0x78, 0x29, 0x88, 0x28, 0x78, 0x27, 0x87, 0x28, 0x78,
  0x28, 0x87, 0x17, 0x79, 0x5c, 0x92, 0x73, 0x6b, 0x4e, 0x8f, 0x52, 0x72,
  0x53, 0x8a, 0x55, 0x76, 0x57, 0x89, 0x4d, 0x77, 0x45, 0x88, 0x50, 0x78,
  0x5b, 0x88, 0x64, 0x78, 0x6e, 0x88, 0x6f, 0x78, 0x68, 0x88, 0x5b, 0x78,
  0x5c, 0x88, 0x62, 0x77, 0x58, 0x89, 0x53, 0x77, 0x4d, 0x89, 0x50, 0x77,
  0x58, 0x8a, 0x5e, 0x76, 0x65, 0x8e, 0x70, 0x73, 0x7b, 0x94, 0x8b, 0x6d,
  0xaa, 0x94, 0xc0, 0x62, 0x87, 0x8a, 0x2a, 0x70, 0x20, 0x87, 0x2a, 0x7a,
  0x27, 0x88, 0x27, 0x78, 0x28, 0x87, 0x29, 0x79, 0x29, 0x87, 0x29, 0x78,
  0x29, 0x87, 0x29, 0x79, 0x2a, 0x87, 0x2c, 0x78, 0x2d, 0x88, 0x2e, 0x77,
  0x2f, 0x89, 0x2f, 0x76, 0x2e, 0x88, 0x2b, 0x77, 0x27, 0x87, 0x26, 0x79,
  0x27, 0x86, 0x26, 0x7a, 0x27, 0x89, 0x30, 0x75, 0x39, 0x90, 0x3a, 0x6c,
  0x34, 0x8b, 0x28, 0x73, 0x23, 0x86, 0x24, 0x7a, 0x24, 0x86, 0x23, 0x79,
  0x24, 0x86, 0x24, 0x7a, 0x24, 0x86, 0x24, 0x79, 0x24, 0x86, 0x23, 0x7a,
  0x23, 0x86, 0x23, 0x7a, 0x23, 0x86, 0x22, 0x7a, 0x22, 0x86, 0x23, 0x7a,
  0x22, 0x86, 0x22, 0x7a, 0x22, 0x86, 0x22, 0x7a, 0x22, 0x86, 0x22, 0x7a,
  0x22, 0x85, 0x22, 0x7a, 0x22, 0x85, 0x22, 0x7a, 0x22, 0x85, 0x21, 0x7a,
  0x21, 0x85, 0x21, 0x7a, 0x22, 0x84, 0x22, 0x7b, 0x22, 0x84, 0x22, 0x7b,
  0x23, 0x83, 0x24, 0x7c, 0x24, 0x82, 0x25, 0x7d, 0x26, 0x80, 0x28, 0x7e,
  0x2a, 0x7d, 0x2d, 0x80, 0x29, 0x7d, 0x26, 0x81, 0x27, 0x7c, 0x2a, 0x81,
  0x2d, 0x7b, 0x2f, 0x82, 0x30, 0x7b, 0x2f, 0x82, 0x2d, 0x7c, 0x2b, 0x81,
  0x2a, 0x7e, 0x29, 0x80, 0x28, 0x7f, 0x26, 0x7f, 0x24, 0x81, 0x23, 0x7e,
  0x23, 0x82, 0x22, 0x7d, 0x21, 0x83, 0x21, 0x7b, 0x20, 0x83, 0x20, 0x7b,
  0x20, 0x84, 0x1f, 0x7b, 0x1f, 0x84, 0x1f, 0x7b, 0x1f, 0x84, 0x1f, 0x7b,
  0x1f, 0x84, 0x1f, 0x7b, 0x1f, 0x84, 0x1f, 0x7a, 0x1f, 0x84, 0x1f, 0x7b,
  0x1e, 0x85, 0x1f, 0x7a, 0x1e, 0x84, 0x1e, 0x7b, 0x1e, 0x84, 0x1f, 0x7b,
  0x1e, 0x84, 0x1e, 0x7b, 0x1e, 0x84, 0x1e, 0x7b, 0x1e, 0x84, 0x1e, 0x7b,
  0x1e, 0x84, 0x1e, 0x7b, 0x1e, 0x84, 0x1e, 0x7b, 0x1e, 0x84, 0x1e, 0x7b,
  0x1e, 0x84, 0x1e, 0x7b, 0x1e, 0x84, 0x1e, 0x7b, 0x1e, 0x84, 0x1e, 0x7a,
  0x1e, 0x84, 0x1e, 0x7b, 0x1e, 0x84, 0x1e, 0x7b, 0x1e, 0x84, 0x1e, 0x7b,
  0x1e, 0x84, 0x1e, 0x7b, 0x1e, 0x84, 0x1e, 0x7b, 0x1e, 0x84, 0x1e, 0x7b,
  0x1e, 0x84, 0x1e, 0x7b, 0x1e, 0x84, 0x1e, 0x7b, 0x1e, 0x84, 0x1e, 0x7b,
  0x1d, 0x85, 0x1d, 0x7a, 0x1e, 0x84, 0x1e, 0x7a, 0x1d, 0x85, 0x1d, 0x7a,
  0x1d, 0x85, 0x1d, 0x7a, 0x1e, 0x85, 0x1e, 0x7a, 0x1e, 0x85, 0x1e, 0x7a,
  0x1e, 0x85, 0x1d, 0x7a, 0x1e, 0x85, 0x1e, 0x7a, 0x1d, 0x85, 0x1e, 0x7a,
  0x1e, 0x85, 0x1e, 0x7a, 0x1e, 0x85, 0x1e, 0x7a, 0x1e, 0x85, 0x1e, 0x7a,
  0x1e, 0x85, 0x1e, 0x7a, 0x1e, 0x85, 0x1e, 0x7a, 0x1e, 0x85, 0x1e, 0x7a,
  0x1e, 0x85, 0x1e, 0x7a, 0x1e, 0x85, 0x1e, 0x7a, 0x1e, 0x85, 0x1e, 0x7a,
  0x1e, 0x85, 0x1e, 0x7a, 0x1e, 0x85, 0x1e, 0x7a, 0x1e, 0x85, 0x1e, 0x7a,
  0x1e, 0x85, 0x1e, 0x7a, 0x1f, 0x85, 0x1f, 0x7a, 0x1f, 0x85, 0x1f, 0x7a,
  0x1f, 0x84, 0x1f, 0x7b, 0x20, 0x84, 0x20, 0x7b, 0x21, 0x83, 0x21, 0x7b,
  0x21, 0x82, 0x21, 0x7d, 0x23, 0x80, 0x24, 0x7e, 0x25, 0x7f, 0x26, 0x7e,
  0x27, 0x7e, 0x29, 0x7f, 0x2a, 0x7c, 0x2b, 0x80, 0x2d, 0x7a, 0x2f, 0x82,
  0x2d, 0x7b, 0x28, 0x82, 0x27, 0x7c, 0x2c, 0x82, 0x39, 0x73, 0x48, 0x86,
  0x4a, 0x74, 0x37, 0x85, 0x25, 0x7e, 0x2b, 0x80, 0x2b, 0x7e, 0x28, 0x7f,
  0x26, 0x81, 0x25, 0x7e, 0x24, 0x82, 0x23, 0x7c, 0x22, 0x84, 0x22, 0x7b,
  0x22, 0x84, 0x22, 0x7b, 0x21, 0x85, 0x21, 0x7a, 0x21, 0x85, 0x22, 0x7a,
  0x22, 0x86, 0x22, 0x79, 0x22, 0x86, 0x21, 0x7a, 0x25, 0x88, 0x2a, 0x76,
  0x2a, 0x89, 0x28, 0x75, 0x22, 0x86, 0x22, 0x79, 0x22, 0x86, 0x22, 0x79,
  0x22, 0x86, 0x22, 0x79, 0x22, 0x86, 0x23, 0x79, 0x25, 0x87, 0x27, 0x78,
  0x27, 0x88, 0x26, 0x78, 0x26, 0x87, 0x25, 0x78, 0x25, 0x86, 0x24, 0x79,
  0x24, 0x86, 0x24, 0x79, 0x25, 0x87, 0x25, 0x79, 0x25, 0x87, 0x25, 0x79,
  0x25, 0x87, 0x25, 0x79, 0x25, 0x87, 0x26, 0x79, 0x26, 0x87, 0x26, 0x79,
  0x26, 0x87, 0x28, 0x78, 0x29, 0x87, 0x29, 0x78, 0x28, 0x87, 0x28, 0x78,
  0x28, 0x88, 0x28, 0x78, 0x28, 0x88, 0x28, 0x78, 0x27, 0x87, 0x27, 0x78,
  0x29, 0x86, 0x21, 0x7a, 0x21, 0x89, 0x6d, 0x71, 0xa9, 0x98, 0x82, 0x60,
  0x51, 0x8f, 0x46, 0x72, 0x49, 0x89, 0x4e, 0x77, 0x54, 0x89, 0x58, 0x77,
  0x4a, 0x88, 0x47, 0x78, 0x56, 0x88, 0x61, 0x78, 0x6c, 0x88, 0x72, 0x78,
  0x6b, 0x88, 0x5e, 0x78, 0x5f, 0x88, 0x63, 0x78, 0x56, 0x89, 0x48, 0x78,
  0x47, 0x88, 0x51, 0x78, 0x54, 0x89, 0x55, 0x78, 0x57, 0x8a, 0x5c, 0x77,
  0x64, 0x8f, 0x71, 0x72, 0x81, 0x95, 0x97, 0x6a, 0xbe, 0x92, 0xab, 0x64,
  0x3b, 0x88, 0x1d, 0x76, 0x2b, 0x87, 0x28, 0x79, 0x28, 0x87, 0x29, 0x78,
  0x29, 0x87, 0x29, 0x78, 0x2a, 0x87, 0x29, 0x78, 0x29, 0x87, 0x29, 0x79,
  0x2a, 0x87, 0x2c, 0x78, 0x2e, 0x89, 0x2f, 0x77, 0x2f, 0x89, 0x2f, 0x76,
  0x2d, 0x88, 0x2a, 0x77, 0x27, 0x87, 0x26, 0x79, 0x27, 0x86, 0x25, 0x7a,
  0x29, 0x8a, 0x34, 0x73, 0x3a, 0x8f, 0x38, 0x6d, 0x2d, 0x89, 0x24, 0x77,
  0x24, 0x86, 0x24, 0x7a, 0x24, 0x86, 0x24, 0x79, 0x24, 0x87, 0x24, 0x79,
  0x25, 0x86, 0x24, 0x79, 0x24, 0x86, 0x24, 0x79, 0x23, 0x86, 0x23, 0x79,
  0x23, 0x86, 0x23, 0x79, 0x23, 0x86, 0x23, 0x79, 0x23, 0x86, 0x23, 0x79,
  0x23, 0x86, 0x23, 0x79, 0x22, 0x86, 0x23, 0x79, 0x22, 0x85, 0x22, 0x7a,
  0x22, 0x85, 0x22, 0x7a, 0x21, 0x85, 0x22, 0x7a, 0x22, 0x85, 0x22, 0x7a,
  0x22, 0x84, 0x23, 0x7b, 0x24, 0x83, 0x25, 0x7c, 0x26, 0x81, 0x27, 0x7e,
  0x28, 0x7e, 0x2a, 0x7f, 0x2c, 0x7c, 0x29, 0x81, 0x42, 0x70, 0x54, 0x87,
  0x51, 0x6e, 0x47, 0x88, 0x3a, 0x78, 0x2f, 0x84, 0x29, 0x7c, 0x2a, 0x82,
  0x2e, 0x7a, 0x31, 0x83, 0x2f, 0x7b, 0x2c, 0x81, 0x2a, 0x7d, 0x28, 0x80,
  0x27, 0x7f, 0x25, 0x7e, 0x24, 0x81, 0x23, 0x7e, 0x22, 0x82, 0x21, 0x7c,
  0x21, 0x84, 0x20, 0x7b, 0x1f, 0x84, 0x1f, 0x7b, 0x1f, 0x85, 0x1f, 0x7b,
  0x1f, 0x85, 0x1e, 0x7a, 0x1f, 0x85, 0x1e, 0x7a, 0x1e, 0x85, 0x1e, 0x7a,
  0x1e, 0x85, 0x1e, 0x7a, 0x1e, 0x85, 0x1e, 0x7a, 0x1e, 0x85, 0x1e, 0x7a,
  0x1e, 0x85, 0x1e, 0x7a, 0x1e, 0x85, 0x1e, 0x7a, 0x1e, 0x85, 0x1e, 0x7a,
  0x1e, 0x85, 0x1e, 0x7a, 0x1e, 0x85, 0x1e, 0x7a, 0x1e, 0x85, 0x1e, 0x7a,
  0x1e, 0x85, 0x1e, 0x7a, 0x1d, 0x85, 0x1d, 0x7a, 0x1d, 0x85, 0x1e, 0x7a,
  0x1e, 0x85, 0x1d, 0x7a, 0x1d, 0x85, 0x1e, 0x7a, 0x1e, 0x85, 0x1e, 0x7b,
  0x1e, 0x85, 0x1e, 0x7a, 0x1e, 0x85, 0x1e, 0x7a, 0x1e, 0x85, 0x1e, 0x7a,
  0x1e, 0x85, 0x1e, 0x7a, 0x1e, 0x85, 0x1d, 0x7a, 0x1d, 0x85, 0x1e, 0x7a,
  0x1e, 0x85, 0x1d, 0x7a, 0x1d, 0x84, 0x1e, 0x7b, 0x1e, 0x84, 0x1e, 0x7a,
  0x1d, 0x84, 0x1d, 0x7b, 0x1e, 0x84, 0x1e, 0x7b, 0x1e, 0x84, 0x1e, 0x7b,
  0x1e, 0x84, 0x1e, 0x7b, 0x1e, 0x84, 0x1e, 0x7b, 0x1e, 0x84, 0x1e, 0x7b,
  0x1e, 0x84, 0x1e, 0x7b, 0x1e, 0x84, 0x1e, 0x7b, 0x1e, 0x84, 0x1e, 0x7b,
  0x1e, 0x84, 0x1e, 0x7b, 0x1e, 0x84, 0x1e, 0x7b, 0x1e, 0x84, 0x1e, 0x7b,
  0x1f, 0x84, 0x1f, 0x7b, 0x1e, 0x84, 0x1e, 0x7b, 0x1e, 0x84, 0x1f, 0x7a,
  0x1e, 0x84, 0x1e, 0x7b, 0x1e, 0x84, 0x1e, 0x7b, 0x1e, 0x84, 0x1e, 0x7b,
  0x1e, 0x84, 0x1e, 0x7b, 0x1f, 0x84, 0x1f, 0x7b, 0x1f, 0x84, 0x1f, 0x7b,
  0x20, 0x84, 0x20, 0x7b, 0x20, 0x84, 0x20, 0x7b, 0x20, 0x83, 0x20, 0x7c,
  0x21, 0x82, 0x21, 0x7d, 0x22, 0x81, 0x23, 0x7d, 0x24, 0x80, 0x25, 0x7e,
  0x26, 0x7e, 0x28, 0x7f, 0x2a, 0x7c, 0x2b, 0x81, 0x2f, 0x7a, 0x2e, 0x82,
  0x29, 0x7c, 0x28, 0x82, 0x36, 0x73, 0x54, 0x86, 0x78, 0x59, 0x98, 0x92,
  0xb0, 0x48, 0xbe, 0x9a, 0xc0, 0x48, 0xb3, 0x9b, 0x7b, 0x6c, 0x2f, 0x89,
  0x2b, 0x7f, 0x2b, 0x7f, 0x28, 0x7f, 0x26, 0x7f, 0x25, 0x82, 0x24, 0x7d,
  0x23, 0x83, 0x22, 0x7c, 0x22, 0x84, 0x22, 0x7b, 0x22, 0x84, 0x22, 0x7b,
  0x22, 0x85, 0x22, 0x7a, 0x21, 0x85, 0x21, 0x7a, 0x22, 0x85, 0x23, 0x79,
  0x29, 0x89, 0x2b, 0x75, 0x28, 0x87, 0x22, 0x78, 0x22, 0x85, 0x22, 0x7a,
  0x22, 0x85, 0x22, 0x79, 0x22, 0x86, 0x23, 0x7a, 0x23, 0x87, 0x26, 0x79,
  0x28, 0x87, 0x28, 0x77, 0x27, 0x87, 0x27, 0x78, 0x25, 0x86, 0x24, 0x79,
  0x24, 0x86, 0x24, 0x79, 0x24, 0x86, 0x24, 0x79, 0x24, 0x86, 0x25, 0x79,
  0x25, 0x86, 0x25, 0x79, 0x25, 0x86, 0x25, 0x79, 0x25, 0x86, 0x26, 0x79,
  0x26, 0x87, 0x27, 0x79, 0x2a, 0x88, 0x2a, 0x77, 0x29, 0x88, 0x29, 0x78,
  0x29, 0x87, 0x28, 0x78, 0x28, 0x87, 0x28, 0x78, 0x27, 0x87, 0x27, 0x78,
  0x27, 0x87, 0x2a, 0x79, 0x1d, 0x86, 0x35, 0x78, 0x9e, 0x93, 0xba, 0x61,
  0x8e, 0x9a, 0x67, 0x64, 0x4e, 0x8e, 0x41, 0x72, 0x3e, 0x88, 0x43, 0x77,
  0x4b, 0x88, 0x54, 0x77, 0x59, 0x88, 0x48, 0x78, 0x4c, 0x88, 0x5c, 0x78,
  0x6a, 0x87, 0x75, 0x78, 0x6f, 0x87, 0x61, 0x78, 0x61, 0x88, 0x5f, 0x78,
  0x4e, 0x87, 0x44, 0x78, 0x50, 0x86, 0x54, 0x78, 0x55, 0x87, 0x55, 0x78,
  0x56, 0x88, 0x57, 0x78, 0x59, 0x8a, 0x5e, 0x77, 0x6a, 0x91, 0x7b, 0x70,
  0x8d, 0x97, 0xb2, 0x64, 0xbb, 0x8d, 0x4b, 0x6b, 0x1d, 0x87, 0x2b, 0x7a,
  0x28, 0x87, 0x2a, 0x78, 0x29, 0x87, 0x29, 0x79, 0x29, 0x87, 0x29, 0x79,
  0x29, 0x87, 0x29, 0x79, 0x29, 0x87, 0x29, 0x79, 0x2a, 0x87, 0x2c, 0x78,
  0x2e, 0x88, 0x2f, 0x77, 0x2f, 0x89, 0x2f, 0x76, 0x2f, 0x88, 0x2a, 0x77,
  0x26, 0x86, 0x26, 0x79, 0x26, 0x86, 0x27, 0x79, 0x31, 0x8d, 0x39, 0x6f,
  0x38, 0x8d, 0x2f, 0x6f, 0x24, 0x86, 0x24, 0x79, 0x25, 0x86, 0x25, 0x79,
  0x25, 0x86, 0x24, 0x79, 0x24, 0x86, 0x24, 0x7a, 0x24, 0x86, 0x24, 0x79,
  0x24, 0x86, 0x23, 0x7a, 0x23, 0x86, 0x24, 0x7a, 0x24, 0x86, 0x23, 0x7a,
  0x23, 0x86, 0x23, 0x7a, 0x22, 0x85, 0x23, 0x7a, 0x23, 0x85, 0x23, 0x7a,
  0x22, 0x85, 0x22, 0x7a, 0x22, 0x85, 0x21, 0x7a, 0x22, 0x84, 0x22, 0x7a,
  0x22, 0x84, 0x22, 0x7b, 0x23, 0x83, 0x24, 0x7c, 0x25, 0x82, 0x26, 0x7d,
  0x27, 0x7f, 0x28, 0x7f, 0x2b, 0x7f, 0x2c, 0x7f, 0x31, 0x6a, 0x83, 0x8a,
  0xba, 0x45, 0xc3, 0x9c, 0xc3, 0x47, 0xbd, 0x9b, 0xb0, 0x4f, 0x9b, 0x98,
  0x7e, 0x63, 0x5c, 0x8e, 0x3e, 0x78, 0x2c, 0x84, 0x2a, 0x7b, 0x2f, 0x82,
  0x30, 0x7b, 0x2c, 0x82, 0x29, 0x7e, 0x28, 0x7f, 0x26, 0x80, 0x25, 0x7e,
  0x23, 0x82, 0x22, 0x7d, 0x21, 0x83, 0x20, 0x7c, 0x20, 0x84, 0x20, 0x7b,
  0x20, 0x84, 0x1f, 0x7b, 0x1f, 0x84, 0x1f, 0x7b, 0x1f, 0x84, 0x1f, 0x7a,
  0x1f, 0x84, 0x1e, 0x7a, 0x1e, 0x84, 0x1f, 0x7b, 0x1f, 0x84, 0x1f, 0x7b,
  0x1e, 0x84, 0x1e, 0x7b, 0x1e, 0x84, 0x1e, 0x7b, 0x1e, 0x84, 0x1e, 0x7a,
  0x1e, 0x84, 0x1e, 0x7b, 0x1e, 0x84, 0x1e, 0x7b, 0x1e, 0x84, 0x1f, 0x7b,
  0x1e, 0x84, 0x1e, 0x7b, 0x1e, 0x84, 0x1e, 0x7b, 0x1e, 0x84, 0x1e, 0x7b,
  0x1e, 0x84, 0x1e, 0x7b, 0x1e, 0x84, 0x1e, 0x7b, 0x1e, 0x84, 0x1e, 0x7b,
  0x1e, 0x84, 0x1e, 0x7b, 0x1e, 0x84, 0x1e, 0x7b, 0x1e, 0x84, 0x1e, 0x7b,
  0x1e, 0x84, 0x1e, 0x7b, 0x1e, 0x84, 0x1e, 0x7b, 0x1e, 0x84, 0x1e, 0x7b,
  0x1e, 0x84, 0x1e, 0x7b, 0x1d, 0x84, 0x1e, 0x7a, 0x1d, 0x84, 0x1d, 0x7b,
  0x1d, 0x84, 0x1e, 0x7b, 0x1d, 0x84, 0x1e, 0x7b, 0x1d, 0x84, 0x1d, 0x7b,
  0x1e, 0x84, 0x1e, 0x7b, 0x1e, 0x84, 0x1e, 0x7b, 0x1e, 0x84, 0x1e, 0x7b,
  0x1e, 0x84, 0x1e, 0x7b, 0x1e, 0x84, 0x1e, 0x7b, 0x1e, 0x84, 0x1e, 0x7b,
  0x1e, 0x84, 0x1e, 0x7b, 0x1e, 0x84, 0x1e, 0x7b, 0x1e, 0x84, 0x1e, 0x7b,
  0x1e, 0x84, 0x1e, 0x7b, 0x1e, 0x84, 0x1e, 0x7b, 0x1e, 0x84, 0x1e, 0x7b,
  0x1e, 0x84, 0x1e, 0x7b, 0x1e, 0x84, 0x1e, 0x7b, 0x1e, 0x84, 0x1e, 0x7b,
  0x1e, 0x84, 0x1e, 0x7b, 0x1e, 0x84, 0x1e, 0x7b, 0x1f, 0x84, 0x1f, 0x7b,
  0x1f, 0x84, 0x1f, 0x7b, 0x20, 0x84, 0x20, 0x7b, 0x20, 0x84, 0x20, 0x7b,
  0x20, 0x83, 0x20, 0x7c, 0x22, 0x81, 0x22, 0x7d, 0x23, 0x80, 0x24, 0x7e,
  0x26, 0x7e, 0x27, 0x7f, 0x29, 0x7c, 0x2b, 0x81, 0x2f, 0x7a, 0x2e, 0x82,
  0x27, 0x7b, 0x31, 0x82, 0x56, 0x64, 0x85, 0x8d, 0xad, 0x48, 0xc3, 0x9a,
  0xc9, 0x43, 0xc6, 0x9d, 0xc2, 0x46, 0xbe, 0x9b, 0xbe, 0x44, 0xc0, 0x9d,
  0xcd, 0x4e, 0x92, 0x97, 0x2e, 0x7b, 0x2e, 0x81, 0x2a, 0x7f, 0x27, 0x7f,
  0x26, 0x81, 0x24, 0x7e, 0x23, 0x83, 0x23, 0x7c, 0x22, 0x84, 0x22, 0x7b,
  0x21, 0x84, 0x22, 0x7b, 0x22, 0x85, 0x22, 0x7a, 0x21, 0x85, 0x22, 0x7a,
  0x24, 0x86, 0x25, 0x79, 0x26, 0x88, 0x28, 0x77, 0x23, 0x86, 0x22, 0x79,
  0x22, 0x85, 0x22, 0x7a, 0x22, 0x86, 0x22, 0x7a, 0x22, 0x86, 0x23, 0x7a,
  0x27, 0x87, 0x28, 0x77, 0x27, 0x88, 0x28, 0x77, 0x27, 0x88, 0x25, 0x78,
  0x24, 0x86, 0x24, 0x79, 0x24, 0x87, 0x24, 0x79, 0x24, 0x87, 0x24, 0x79,
  0x25, 0x86, 0x25, 0x79, 0x25, 0x87, 0x26, 0x79, 0x26, 0x87, 0x26, 0x79,
  0x26, 0x87, 0x27, 0x79, 0x2a, 0x89, 0x2d, 0x77, 0x2c, 0x89, 0x2b, 0x76,
  0x2b, 0x88, 0x29, 0x77, 0x28, 0x88, 0x28, 0x78, 0x27, 0x87, 0x28, 0x78,
  0x27, 0x87, 0x27, 0x78, 0x2a, 0x86, 0x1d, 0x7a, 0x4c, 0x8d, 0xb7, 0x69,
  0xb1, 0x9a, 0x8a, 0x5f, 0x78, 0x96, 0x60, 0x6b, 0x44, 0x8b, 0x36, 0x75,
  0x35, 0x88, 0x3b, 0x78, 0x42, 0x88, 0x4a, 0x78, 0x54, 0x88, 0x54, 0x78,
  0x46, 0x88, 0x55, 0x78, 0x65, 0x88, 0x72, 0x78, 0x70, 0x88, 0x64, 0x78,
  0x61, 0x88, 0x57, 0x78, 0x45, 0x87, 0x4e, 0x79, 0x5a, 0x87, 0x5b, 0x79,
  0x5a, 0x87, 0x59, 0x78, 0x58, 0x88, 0x57, 0x78, 0x58, 0x88, 0x58, 0x78,
  0x5c, 0x8c, 0x66, 0x74, 0x77, 0x96, 0x8b, 0x6a, 0xad, 0x94, 0xbf, 0x62,
  0x50, 0x89, 0x1e, 0x73, 0x2c, 0x87, 0x29, 0x79, 0x29, 0x88, 0x2a, 0x78,
  0x2a, 0x87, 0x2a, 0x78, 0x2a, 0x87, 0x29, 0x79, 0x29, 0x87, 0x2a, 0x78,
  0x29, 0x87, 0x29, 0x79, 0x2a, 0x87, 0x2c, 0x78, 0x2e, 0x89, 0x30, 0x77,
  0x2f, 0x89, 0x30, 0x76, 0x2d, 0x88, 0x28, 0x78, 0x27, 0x86, 0x27, 0x7a,
  0x26, 0x88, 0x2c, 0x77, 0x36, 0x8f, 0x37, 0x6e, 0x2d, 0x89, 0x25, 0x75,
  0x25, 0x86, 0x25, 0x7a, 0x25, 0x86, 0x24, 0x7a, 0x24, 0x86, 0x24, 0x7a,
  0x24, 0x86, 0x24, 0x7a, 0x24, 0x86, 0x24, 0x7a, 0x24, 0x86, 0x23, 0x7a,
  0x23, 0x86, 0x23, 0x7a, 0x23, 0x86, 0x23, 0x7a, 0x22, 0x86, 0x22, 0x7a,
  0x22, 0x85, 0x22, 0x7a, 0x22, 0x85, 0x22, 0x7a, 0x22, 0x85, 0x22, 0x7a,
  0x22, 0x84, 0x22, 0x7b, 0x22, 0x84, 0x22, 0x7b, 0x23, 0x83, 0x24, 0x7c,
  0x25, 0x81, 0x27, 0x7e, 0x28, 0x7f, 0x2a, 0x7f, 0x2f, 0x7c, 0x2a, 0x81,
  0x89, 0x50, 0xcd, 0x96, 0xbe, 0x43, 0xbe, 0x9d, 0xbf, 0x47, 0xc0, 0x9b,
  0xc2, 0x45, 0xc6, 0x9c, 0xc8, 0x43, 0xc5, 0x9d, 0xb4, 0x50, 0x90, 0x97,
  0x60, 0x70, 0x37, 0x88, 0x29, 0x7c, 0x2f, 0x81, 0x2f, 0x7c, 0x2a, 0x81,
  0x28, 0x7f, 0x25, 0x7f, 0x24, 0x81, 0x22, 0x7d, 0x21, 0x83, 0x21, 0x7c,
  0x20, 0x84, 0x20, 0x7b, 0x20, 0x84, 0x20, 0x7b, 0x1f, 0x84, 0x1f, 0x7b,
  0x1f, 0x84, 0x1f, 0x7b, 0x1f, 0x84, 0x1e, 0x7b, 0x1e, 0x84, 0x1e, 0x7b,
  0x1e, 0x84, 0x1e, 0x7b, 0x1e, 0x84, 0x1e, 0x7b, 0x1e, 0x84, 0x1e, 0x7b,
  0x1e, 0x84, 0x1e, 0x7b, 0x1e, 0x84, 0x1e, 0x7b, 0x1e, 0x84, 0x1e, 0x7b,
  0x1e, 0x84, 0x1e, 0x7b, 0x1e, 0x84, 0x1e, 0x7b, 0x1e, 0x84, 0x1e, 0x7a,
  0x1e, 0x84, 0x1e, 0x7b, 0x1d, 0x84, 0x1d, 0x7b, 0x1e, 0x84, 0x1e, 0x7b,
  0x1e, 0x84, 0x1e, 0x7b, 0x1e, 0x84, 0x1e, 0x7b, 0x1e, 0x84, 0x1e, 0x7b,
  0x1e, 0x84, 0x1e, 0x7b, 0x1e, 0x84, 0x1e, 0x7b, 0x1d, 0x84, 0x1e, 0x7b,
  0x1e, 0x84, 0x1e, 0x7b, 0x1e, 0x84, 0x1e, 0x7b, 0x1e, 0x84, 0x1d, 0x7b,
  0x1e, 0x84, 0x1d, 0x7a, 0x1e, 0x84, 0x1e, 0x7a, 0x1e, 0x84, 0x1e, 0x7a,
  0x1e, 0x84, 0x1e, 0x7a, 0x1e, 0x84, 0x1e, 0x7a, 0x1e, 0x84, 0x1e, 0x7a,
  0x1e, 0x84, 0x1e, 0x7a, 0x1e, 0x84, 0x1e, 0x7a, 0x1e, 0x84, 0x1e, 0x7a,
  0x1e, 0x84, 0x1e, 0x7a, 0x1e, 0x84, 0x1e, 0x7a, 0x1f, 0x84, 0x1f, 0x7a,
  0x1f, 0x84, 0x1f, 0x7a, 0x1e, 0x84, 0x1f, 0x7a, 0x1e, 0x84, 0x1e, 0x7a,
  0x1f, 0x84, 0x1f, 0x7a, 0x1e, 0x84, 0x1e, 0x7a, 0x1e, 0x84, 0x1e, 0x7a,
  0x1f, 0x84, 0x1e, 0x7a, 0x1e, 0x84, 0x1f, 0x7a, 0x1f, 0x84, 0x1f, 0x7b,
  0x1f, 0x84, 0x1f, 0x7a, 0x1f, 0x84, 0x1f, 0x7b, 0x20, 0x83, 0x20, 0x7b,
  0x20, 0x83, 0x20, 0x7b, 0x21, 0x83, 0x21, 0x7c, 0x22, 0x81, 0x23, 0x7e,
  0x25, 0x7f, 0x26, 0x7e, 0x28, 0x7c, 0x2a, 0x80, 0x2e, 0x7a, 0x2e, 0x82,
  0x27, 0x7a, 0x37, 0x83, 0x6b, 0x5b, 0xa6, 0x91, 0xc4, 0x43, 0xc8, 0x9c,
  0xc3, 0x46, 0xbe, 0x9c, 0xbc, 0x48, 0xbd, 0x9b, 0xbf, 0x47, 0xbf, 0x9b,
  0xbf, 0x47, 0xbe, 0x9b, 0xbc, 0x45, 0xcb, 0x9c, 0x69, 0x70, 0x26, 0x87,
  0x2d, 0x80, 0x29, 0x7f, 0x27, 0x80, 0x26, 0x7e, 0x24, 0x83, 0x23, 0x7c,
  0x23, 0x83, 0x23, 0x7b, 0x23, 0x84, 0x22, 0x7a, 0x22, 0x85, 0x22, 0x7a,
  0x22, 0x85, 0x22, 0x79, 0x24, 0x87, 0x26, 0x78, 0x24, 0x86, 0x22, 0x79,
  0x22, 0x85, 0x22, 0x7a, 0x22, 0x86, 0x22, 0x79, 0x22, 0x86, 0x22, 0x7a,
  0x24, 0x87, 0x28, 0x78, 0x29, 0x88, 0x29, 0x76, 0x29, 0x88, 0x27, 0x78,
  0x25, 0x87, 0x24, 0x79, 0x24, 0x86, 0x24, 0x79, 0x24, 0x87, 0x24, 0x79,
  0x24, 0x87, 0x24, 0x79, 0x25, 0x87, 0x26, 0x79, 0x26, 0x87, 0x26, 0x79,
  0x26, 0x87, 0x26, 0x79, 0x29, 0x89, 0x2d, 0x77, 0x2e, 0x8a, 0x2d, 0x75,
  0x2d, 0x89, 0x2c, 0x76, 0x29, 0x88, 0x28, 0x78, 0x28, 0x87, 0x28, 0x78,
  0x28, 0x88, 0x29, 0x78, 0x28, 0x88, 0x2b, 0x79, 0x1d, 0x88, 0x55, 0x74,
  0xc0, 0x96, 0xaa, 0x5e, 0x87, 0x99, 0x75, 0x66, 0x63, 0x91, 0x56, 0x70,
  0x4c, 0x8a, 0x41, 0x76, 0x36, 0x86, 0x30, 0x79, 0x33, 0x86, 0x3b, 0x79,
  0x45, 0x88, 0x53, 0x78, 0x51, 0x88, 0x4d, 0x78, 0x5c, 0x88, 0x6a, 0x78,
  0x6b, 0x88, 0x62, 0x78, 0x5d, 0x87, 0x4e, 0x78, 0x4a, 0x87, 0x5c, 0x79,
  0x5e, 0x87, 0x5f, 0x79, 0x5e, 0x87, 0x5c, 0x78, 0x5b, 0x88, 0x59, 0x78,
  0x58, 0x87, 0x58, 0x78, 0x57, 0x89, 0x58, 0x77, 0x62, 0x91, 0x75, 0x70,
  0x8a, 0x98, 0xaa, 0x63, 0xc0, 0x8e, 0x49, 0x69, 0x20, 0x87, 0x2b, 0x79,
  0x29, 0x88, 0x29, 0x78, 0x2a, 0x88, 0x2a, 0x78, 0x2a, 0x88, 0x2a, 0x78,
  0x29, 0x87, 0x29, 0x78, 0x29, 0x87, 0x29, 0x78, 0x2a, 0x87, 0x29, 0x79,
  0x2a, 0x87, 0x2c, 0x78, 0x2f, 0x89, 0x2f, 0x76, 0x30, 0x89, 0x30, 0x76,
  0x2b, 0x88, 0x27, 0x78, 0x27, 0x86, 0x26, 0x7a, 0x28, 0x8a, 0x30, 0x75,
  0x31, 0x8c, 0x2d, 0x72, 0x26, 0x87, 0x25, 0x79, 0x25, 0x86, 0x25, 0x79,
  0x24, 0x86, 0x24, 0x79, 0x24, 0x86, 0x24, 0x79, 0x24, 0x86, 0x24, 0x79,
  0x24, 0x86, 0x23, 0x79, 0x23, 0x86, 0x23, 0x7a, 0x23, 0x86, 0x23, 0x79,
  0x23, 0x86, 0x22, 0x79, 0x22, 0x85, 0x22, 0x79, 0x22, 0x85, 0x22, 0x79,
  0x22, 0x85, 0x22, 0x7a, 0x22, 0x84, 0x22, 0x7a, 0x22, 0x84, 0x23, 0x7b,
  0x24, 0x83, 0x24, 0x7c, 0x25, 0x81, 0x27, 0x7e, 0x2a, 0x80, 0x2d, 0x7f,
  0x2b, 0x74, 0x4a, 0x85, 0xc1, 0x49, 0xbe, 0x9a, 0xbf, 0x47, 0xbf, 0x9b,
  0xc0, 0x47, 0xbf, 0x9b, 0xbf, 0x47, 0xbe, 0x9b, 0xbd, 0x48, 0xbe, 0x9b,
  0xc2, 0x43, 0xc8, 0x9d, 0xc6, 0x48, 0xac, 0x9b, 0x70, 0x6d, 0x37, 0x89,
  0x2c, 0x7c, 0x2f, 0x81, 0x2a, 0x7d, 0x27, 0x80, 0x25, 0x81, 0x23, 0x7d,
  0x22, 0x82, 0x22, 0x7c, 0x20, 0x83, 0x21, 0x7b, 0x20, 0x83, 0x20, 0x7b,
  0x1f, 0x84, 0x1f, 0x7a, 0x1f, 0x84, 0x1f, 0x7a, 0x1f, 0x84, 0x1f, 0x7a,
  0x1f, 0x84, 0x1f, 0x7a, 0x1e, 0x84, 0x1f, 0x7a, 0x1e, 0x84, 0x1e, 0x7a,
  0x1e, 0x84, 0x1e, 0x7a, 0x1f, 0x84, 0x1e, 0x7a, 0x1f, 0x84, 0x1e, 0x7a,
  0x1e, 0x84, 0x1e, 0x7a, 0x1e, 0x84, 0x1e, 0x7a, 0x1e, 0x84, 0x1f, 0x7a,
  0x1e, 0x84, 0x1e, 0x7b, 0x1e, 0x84, 0x1e, 0x7a, 0x1e, 0x84, 0x1e, 0x7a,
  0x1e, 0x84, 0x1e, 0x7a, 0x1e, 0x84, 0x1e, 0x7a, 0x1e, 0x84, 0x1e, 0x7a,
  0x1e, 0x84, 0x1e, 0x7a, 0x1e, 0x84, 0x1e, 0x7b, 0x1e, 0x84, 0x1e, 0x7a,
  0x1e, 0x84, 0x1e, 0x7a, 0x1e, 0x84, 0x1e, 0x7a, 0x1e, 0x84, 0x1e, 0x7a,
  0x1e, 0x84, 0x1e, 0x7a, 0x1e, 0x84, 0x1e, 0x7b, 0x1e, 0x84, 0x1d, 0x7b,
  0x1d, 0x84, 0x1e, 0x7a, 0x1e, 0x84, 0x1e, 0x7b, 0x1e, 0x84, 0x1e, 0x7b,
  0x1e, 0x85, 0x1e, 0x7b, 0x1e, 0x84, 0x1e, 0x7a, 0x1e, 0x85, 0x1e, 0x7a,
  0x1e, 0x84, 0x1e, 0x7b, 0x1e, 0x84, 0x1e, 0x7b, 0x1e, 0x84, 0x1e, 0x7b,
  0x1e, 0x84, 0x1e, 0x7b, 0x1e, 0x85, 0x1e, 0x7b, 0x1e, 0x85, 0x1e, 0x7b,
  0x1e, 0x85, 0x1e, 0x7a, 0x1e, 0x85, 0x1e, 0x7b, 0x1e, 0x85, 0x1e, 0x7b,
  0x1e, 0x84, 0x1e, 0x7b, 0x1e, 0x85, 0x1e, 0x7a, 0x1e, 0x84, 0x1e, 0x7b,
  0x1e, 0x84, 0x1e, 0x7b, 0x1f, 0x84, 0x1e, 0x7b, 0x1f, 0x84, 0x20, 0x7b,
  0x20, 0x83, 0x20, 0x7b, 0x21, 0x83, 0x21, 0x7c, 0x22, 0x82, 0x23, 0x7d,
  0x23, 0x80, 0x25, 0x7e, 0x27, 0x7e, 0x29, 0x80, 0x2c, 0x7b, 0x2f, 0x81,
  0x28, 0x7b, 0x34, 0x83, 0x6e, 0x57, 0xaf, 0x93, 0xc8, 0x42, 0xc4, 0x9e,
  0xbd, 0x47, 0xbd, 0x9b, 0xbe, 0x47, 0xbf, 0x9b, 0xbf, 0x47, 0xbf, 0x9c,
  0xbf, 0x47, 0xbf, 0x9b, 0xbf, 0x48, 0xc0, 0x9b, 0xbe, 0x44, 0xc5, 0x9d,
  0x9f, 0x66, 0x2c, 0x8d, 0x2e, 0x80, 0x2b, 0x7f, 0x29, 0x7f, 0x27, 0x7e,
  0x25, 0x82, 0x24, 0x7d, 0x24, 0x83, 0x23, 0x7b, 0x23, 0x84, 0x23, 0x7b,
  0x22, 0x85, 0x22, 0x7b, 0x22, 0x85, 0x23, 0x7a, 0x23, 0x86, 0x24, 0x79,
  0x23, 0x86, 0x22, 0x7a, 0x22, 0x86, 0x22, 0x7a, 0x22, 0x86, 0x22, 0x7a,
  0x22, 0x86, 0x24, 0x7a, 0x29, 0x87, 0x2a, 0x77, 0x2a, 0x88, 0x29, 0x77,
  0x26, 0x87, 0x24, 0x79, 0x24, 0x86, 0x24, 0x7a, 0x24, 0x86, 0x24, 0x79,
  0x24, 0x86, 0x24, 0x79, 0x25, 0x86, 0x26, 0x79, 0x26, 0x86, 0x26, 0x79,
  0x27, 0x86, 0x26, 0x79, 0x27, 0x88, 0x2b, 0x78, 0x2f, 0x8a, 0x2f, 0x75,
  0x2e, 0x89, 0x2e, 0x75, 0x2b, 0x88, 0x28, 0x77, 0x27, 0x87, 0x28, 0x79,
  0x28, 0x87, 0x28, 0x78, 0x29, 0x88, 0x28, 0x77, 0x2b, 0x87, 0x1e, 0x79,
  0x50, 0x8e, 0xc1, 0x67, 0xa4, 0x9b, 0x86, 0x60, 0x74, 0x94, 0x63, 0x6c,
  0x58, 0x8d, 0x50, 0x74, 0x4d, 0x89, 0x4a, 0x77, 0x47, 0x87, 0x3f, 0x78,
  0x35, 0x86, 0x30, 0x7a, 0x34, 0x87, 0x44, 0x79, 0x55, 0x88, 0x4b, 0x78,
  0x4f, 0x88, 0x60, 0x78, 0x66, 0x88, 0x5d, 0x78, 0x55, 0x87, 0x4a, 0x79,
  0x5c, 0x86, 0x64, 0x79, 0x62, 0x87, 0x61, 0x79, 0x60, 0x87, 0x5f, 0x79,
  0x5d, 0x87, 0x5b, 0x78, 0x59, 0x88, 0x57, 0x78, 0x56, 0x88, 0x55, 0x78,
  0x56, 0x8c, 0x60, 0x75, 0x73, 0x96, 0x8a, 0x69, 0xb0, 0x93, 0xbb, 0x62,
  0x3c, 0x88, 0x25, 0x76, 0x2b, 0x88, 0x29, 0x79, 0x2a, 0x87, 0x29, 0x78,
  0x29, 0x87, 0x2a, 0x78, 0x2a, 0x88, 0x2a, 0x78, 0x29, 0x87, 0x29, 0x79,
  0x29, 0x87, 0x2a, 0x79, 0x2a, 0x87, 0x29, 0x79, 0x2b, 0x88, 0x2e, 0x78,
  0x31, 0x8a, 0x30, 0x76, 0x30, 0x89, 0x2d, 0x76, 0x27, 0x87, 0x27, 0x79,
  0x26, 0x87, 0x26, 0x79, 0x2c, 0x8a, 0x2c, 0x75, 0x26, 0x87, 0x25, 0x79,
  0x25, 0x86, 0x25, 0x79, 0x25, 0x86, 0x25, 0x79, 0x25, 0x86, 0x25, 0x79,
  0x24, 0x86, 0x24, 0x79, 0x24, 0x86, 0x23, 0x79, 0x23, 0x86, 0x23, 0x7a,
  0x23, 0x86, 0x23, 0x79, 0x23, 0x86, 0x22, 0x7a, 0x22, 0x86, 0x22, 0x7a,
  0x22, 0x86, 0x23, 0x7a, 0x22, 0x85, 0x22, 0x7a, 0x22, 0x85, 0x22, 0x7a,
  0x23, 0x84, 0x23, 0x7b, 0x24, 0x82, 0x25, 0x7c, 0x26, 0x80, 0x28, 0x7e,
  0x2b, 0x80, 0x2f, 0x7f, 0x28, 0x6e, 0x6d, 0x88, 0xc8, 0x45, 0xbd, 0x9c,
  0xbf, 0x48, 0xc0, 0x9b, 0xc0, 0x47, 0xc0, 0x9b, 0xc0, 0x48, 0xbf, 0x9b,
  0xc0, 0x48, 0xbf, 0x9b, 0xbf, 0x48, 0xbe, 0x9b, 0xbe, 0x45, 0xc3, 0x9c,
  0xc8, 0x4a, 0xab, 0x9a, 0x4e, 0x74, 0x2c, 0x86, 0x2f, 0x7e, 0x29, 0x80,
  0x26, 0x7f, 0x24, 0x7e, 0x23, 0x82, 0x22, 0x7d, 0x21, 0x83, 0x21, 0x7c,
  0x20, 0x84, 0x1f, 0x7b, 0x1f, 0x84, 0x1f, 0x7a, 0x1f, 0x84, 0x1f, 0x7b,
  0x1e, 0x84, 0x1e, 0x7b, 0x1e, 0x84, 0x1e, 0x7b, 0x1e, 0x84, 0x1e, 0x7a,
  0x1e, 0x84, 0x1e, 0x7b, 0x1e, 0x85, 0x1e, 0x7a, 0x1e, 0x84, 0x1e, 0x7a,
  0x1e, 0x85, 0x1e, 0x7b, 0x1e, 0x85, 0x1e, 0x7a, 0x1e, 0x85, 0x1e, 0x7a,
  0x1e, 0x84, 0x1e, 0x7a, 0x1e, 0x85, 0x1e, 0x7a, 0x1e, 0x84, 0x1e, 0x7b,
  0x1e, 0x84, 0x1e, 0x7b, 0x1e, 0x84, 0x1e, 0x7b, 0x1e, 0x84, 0x1e, 0x7b,
  0x1e, 0x85, 0x1e, 0x7a, 0x1e, 0x84, 0x1e, 0x7b, 0x1e, 0x84, 0x1e, 0x7a,
  0x1e, 0x85, 0x1e, 0x7b, 0x1e, 0x84, 0x1e, 0x7b, 0x1e, 0x84, 0x1e, 0x7b,
  0x1e, 0x84, 0x1e, 0x7b, 0x1d, 0x84, 0x1e, 0x7b, 0x1d, 0x84, 0x1d, 0x7b,
  0x1e, 0x84, 0x1e, 0x7b, 0x1e, 0x84, 0x1e, 0x7b, 0x1e, 0x84, 0x1e, 0x7b,
  0x1e, 0x84, 0x1e, 0x7a, 0x1e, 0x84, 0x1e, 0x7b, 0x1e, 0x84, 0x1e, 0x7b,
  0x1e, 0x84, 0x1e, 0x7b, 0x1e, 0x84, 0x1e, 0x7b, 0x1e, 0x84, 0x1e, 0x7b,
  0x1e, 0x85, 0x1e, 0x7a, 0x1f, 0x85, 0x1e, 0x7b, 0x1e, 0x85, 0x1e, 0x7b,
  0x1f, 0x84, 0x1f, 0x7a, 0x1f, 0x85, 0x1e, 0x7a, 0x1e, 0x85, 0x1f, 0x7a,
  0x1e, 0x85, 0x1e, 0x7a, 0x1e, 0x84, 0x1e, 0x7b, 0x1e, 0x84, 0x1f, 0x7a,
  0x1f, 0x84, 0x1f, 0x7a, 0x1f, 0x84, 0x1f, 0x7b, 0x1f, 0x84, 0x1f, 0x7b,
  0x1f, 0x84, 0x1f, 0x7b, 0x20, 0x83, 0x20, 0x7b, 0x21, 0x83, 0x22, 0x7c,
  0x22, 0x81, 0x23, 0x7d, 0x24, 0x80, 0x27, 0x7e, 0x29, 0x7c, 0x2d, 0x80,
  0x2c, 0x7c, 0x2b, 0x81, 0x61, 0x5b, 0xaa, 0x91, 0xc8, 0x42, 0xc2, 0x9d,
  0xbd, 0x47, 0xbe, 0x9b, 0xbf, 0x47, 0xbf, 0x9c, 0xbf, 0x47, 0xc0, 0x9b,
  0xbf, 0x47, 0xbf, 0x9b, 0xbf, 0x47, 0xc0, 0x9b, 0xc0, 0x48, 0xc0, 0x9a,
  0xc0, 0x44, 0xc1, 0x9d, 0xbe, 0x5e, 0x47, 0x91, 0x2b, 0x80, 0x2d, 0x7f,
  0x29, 0x7f, 0x27, 0x7f, 0x25, 0x82, 0x25, 0x7d, 0x24, 0x83, 0x23, 0x7c,
  0x23, 0x84, 0x23, 0x7b, 0x22, 0x85, 0x22, 0x7b, 0x22, 0x86, 0x23, 0x7a,
  0x23, 0x86, 0x23, 0x79, 0x23, 0x86, 0x23, 0x79, 0x23, 0x86, 0x22, 0x7a,
  0x22, 0x86, 0x22, 0x7a, 0x23, 0x87, 0x29, 0x78, 0x2a, 0x88, 0x2a, 0x76,
  0x29, 0x87, 0x26, 0x77, 0x23, 0x86, 0x24, 0x79, 0x23, 0x86, 0x24, 0x79,
  0x24, 0x87, 0x24, 0x79, 0x24, 0x87, 0x25, 0x79, 0x25, 0x87, 0x25, 0x79,
  0x25, 0x87, 0x26, 0x78, 0x26, 0x87, 0x28, 0x78, 0x2d, 0x89, 0x2f, 0x75,
  0x2f, 0x8a, 0x2f, 0x74, 0x2e, 0x89, 0x2a, 0x77, 0x28, 0x88, 0x28, 0x78,
  0x29, 0x87, 0x29, 0x77, 0x29, 0x88, 0x29, 0x77, 0x29, 0x88, 0x2b, 0x77,
  0x24, 0x89, 0x42, 0x74, 0xba, 0x96, 0xa8, 0x5e, 0x89, 0x99, 0x74, 0x65,
  0x61, 0x90, 0x56, 0x71, 0x52, 0x8a, 0x4f, 0x76, 0x4d, 0x89, 0x4c, 0x77,
  0x4c, 0x88, 0x4c, 0x77, 0x4b, 0x87, 0x46, 0x78, 0x3a, 0x85, 0x33, 0x79,
  0x3d, 0x87, 0x47, 0x78, 0x43, 0x88, 0x56, 0x78, 0x61, 0x88, 0x58, 0x78,
  0x46, 0x87, 0x52, 0x78, 0x68, 0x86, 0x67, 0x79, 0x66, 0x87, 0x64, 0x78,
  0x61, 0x87, 0x60, 0x78, 0x60, 0x87, 0x5e, 0x78, 0x5b, 0x88, 0x58, 0x78,
  0x58, 0x88, 0x57, 0x78, 0x53, 0x89, 0x55, 0x77, 0x60, 0x92, 0x78, 0x6f,
  0x92, 0x96, 0xbf, 0x63, 0xa8, 0x8b, 0x26, 0x6e, 0x28, 0x87, 0x27, 0x7a,
  0x25, 0x87, 0x25, 0x78, 0x2a, 0x88, 0x29, 0x78, 0x29, 0x88, 0x2a, 0x77,
  0x2a, 0x88, 0x29, 0x77, 0x29, 0x87, 0x29, 0x78, 0x29, 0x87, 0x29, 0x79,
  0x2a, 0x87, 0x2a, 0x79, 0x2c, 0x89, 0x30, 0x77, 0x30, 0x8a, 0x30, 0x75,
  0x2f, 0x88, 0x29, 0x77, 0x26, 0x87, 0x26, 0x79, 0x26, 0x87, 0x25, 0x79,
  0x25, 0x87, 0x25, 0x79, 0x24, 0x87, 0x25, 0x79, 0x25, 0x87, 0x25, 0x79,
  0x25, 0x86, 0x25, 0x79, 0x24, 0x87, 0x24, 0x79, 0x24, 0x86, 0x24, 0x79,
  0x24, 0x85, 0x24, 0x79, 0x23, 0x86, 0x23, 0x79, 0x23, 0x86, 0x22, 0x79,
  0x22, 0x85, 0x23, 0x79, 0x22, 0x85, 0x22, 0x7a, 0x22, 0x85, 0x23, 0x7a,
  0x22, 0x85, 0x22, 0x7b, 0x23, 0x84, 0x24, 0x7b, 0x24, 0x82, 0x25, 0x7c,
  0x27, 0x7f, 0x29, 0x7e, 0x2b, 0x7f, 0x31, 0x7f, 0x2a, 0x69, 0x88, 0x8b,
  0xc8, 0x44, 0xbd, 0x9c, 0xc0, 0x48, 0xc0, 0x9b, 0xc0, 0x47, 0xc0, 0x9b,
  0xbf, 0x48, 0xbf, 0x9b, 0xc0, 0x47, 0xc0, 0x9b, 0xc0, 0x47, 0xc0, 0x9b,
  0xc0, 0x48, 0xbe, 0x9b, 0xbd, 0x43, 0xc6, 0x9d, 0xb6, 0x5e, 0x41, 0x90,
  0x2b, 0x7f, 0x2b, 0x7f, 0x27, 0x7f, 0x25, 0x7f, 0x24, 0x81, 0x22, 0x7d,
  0x22, 0x83, 0x21, 0x7c, 0x20, 0x84, 0x20, 0x7b, 0x20, 0x84, 0x20, 0x7b,
  0x1f, 0x85, 0x1f, 0x7a, 0x1f, 0x85, 0x1f, 0x7a, 0x1f, 0x85, 0x1f, 0x7a,
  0x1f, 0x84, 0x1f, 0x7a, 0x1f, 0x85, 0x1f, 0x7a, 0x1f, 0x85, 0x1e, 0x7a,
  0x1e, 0x85, 0x1e, 0x7a, 0x1e, 0x85, 0x1e, 0x7b, 0x1e, 0x84, 0x1e, 0x7b,
  0x1e, 0x85, 0x1f, 0x7a, 0x1e, 0x84, 0x1e, 0x7a, 0x1e, 0x84, 0x1e, 0x7b,
  0x1e, 0x85, 0x1e, 0x7a, 0x1e, 0x84, 0x1e, 0x7b, 0x1e, 0x84, 0x1e, 0x7b,
  0x1e, 0x84, 0x1e, 0x7a, 0x1e, 0x85, 0x1e, 0x7a, 0x1e, 0x84, 0x1e, 0x7b,
  0x1e, 0x84, 0x1e, 0x7b, 0x1e, 0x84, 0x1e, 0x7b, 0x1e, 0x84, 0x1e, 0x7b,
  0x1e, 0x84, 0x1e, 0x7b, 0x1e, 0x84, 0x1d, 0x7b, 0x1e, 0x84, 0x1e, 0x7b,
  0x1d, 0x84, 0x1d, 0x7a, 0x1d, 0x84, 0x1d, 0x7b, 0x1d, 0x84, 0x1e, 0x7b,
  0x1d, 0x84, 0x1d, 0x7a, 0x1e, 0x84, 0x1d, 0x7a, 0x1e, 0x84, 0x1e, 0x7a,
  0x1e, 0x84, 0x1e, 0x7b, 0x1e, 0x84, 0x1e, 0x7b, 0x1e, 0x84, 0x1e, 0x7a,
  0x1e, 0x85, 0x1e, 0x7a, 0x1e, 0x85, 0x1e, 0x7a, 0x1e, 0x85, 0x1e, 0x7a,
  0x1e, 0x85, 0x1e, 0x7a, 0x1e, 0x85, 0x1e, 0x7a, 0x1e, 0x85, 0x1e, 0x7a,
  0x1e, 0x85, 0x1e, 0x7a, 0x1e, 0x85, 0x1e, 0x7a, 0x1e, 0x85, 0x1e, 0x7a,
  0x1e, 0x85, 0x1e, 0x7a, 0x1e, 0x84, 0x1f, 0x7a, 0x1f, 0x84, 0x1f, 0x7a,
  0x1f, 0x84, 0x1f, 0x7a, 0x20, 0x84, 0x20, 0x7b, 0x20, 0x83, 0x21, 0x7b,
  0x22, 0x82, 0x22, 0x7c, 0x22, 0x81, 0x23, 0x7d, 0x25, 0x7e, 0x28, 0x7f,
  0x2d, 0x7e, 0x2b, 0x81, 0x3b, 0x65, 0x92, 0x8c, 0xc7, 0x42, 0xc4, 0x9d,
  0xbc, 0x47, 0xbe, 0x9b, 0xbf, 0x47, 0xbf, 0x9c, 0xbf, 0x47, 0xbf, 0x9b,
  0xc0, 0x47, 0xbf, 0x9b, 0xbf, 0x47, 0xbf, 0x9b, 0xbf, 0x47, 0xc0, 0x9b,
  0xc0, 0x48, 0xc0, 0x9a, 0xc0, 0x45, 0xbe, 0x9c, 0xc9, 0x57, 0x70, 0x93,
  0x29, 0x7e, 0x2f, 0x81, 0x2a, 0x7f, 0x28, 0x7f, 0x26, 0x81, 0x25, 0x7d,
  0x24, 0x83, 0x23, 0x7c, 0x23, 0x84, 0x23, 0x7b, 0x22, 0x85, 0x22, 0x7a,
  0x22, 0x85, 0x22, 0x79, 0x22, 0x85, 0x22, 0x7a, 0x22, 0x85, 0x22, 0x7a,
  0x22, 0x85, 0x22, 0x7a, 0x22, 0x86, 0x23, 0x7a, 0x29, 0x88, 0x2a, 0x77,
  0x2b, 0x88, 0x2a, 0x77, 0x26, 0x86, 0x24, 0x79, 0x24, 0x86, 0x24, 0x79,
  0x23, 0x86, 0x23, 0x79, 0x24, 0x87, 0x25, 0x79, 0x25, 0x87, 0x26, 0x78,
  0x26, 0x87, 0x26, 0x79, 0x26, 0x87, 0x27, 0x79, 0x2a, 0x89, 0x2e, 0x76,
  0x2f, 0x8a, 0x30, 0x75, 0x30, 0x8a, 0x2c, 0x76, 0x29, 0x88, 0x28, 0x78,
  0x29, 0x88, 0x29, 0x78, 0x29, 0x88, 0x2a, 0x77, 0x2a, 0x89, 0x2a, 0x76,
  0x2b, 0x88, 0x29, 0x78, 0x2c, 0x8d, 0xa9, 0x6a, 0xb0, 0x9a, 0x89, 0x5e,
  0x76, 0x96, 0x63, 0x6c, 0x56, 0x8d, 0x50, 0x74, 0x4e, 0x89, 0x4d, 0x77,
  0x4d, 0x88, 0x4e, 0x78, 0x4f, 0x88, 0x50, 0x78, 0x51, 0x88, 0x52, 0x78,
  0x51, 0x87, 0x46, 0x79, 0x35, 0x85, 0x35, 0x79, 0x3e, 0x87, 0x4c, 0x78,
  0x5b, 0x87, 0x50, 0x78, 0x43, 0x87, 0x61, 0x79, 0x69, 0x87, 0x69, 0x78,
  0x68, 0x87, 0x66, 0x78, 0x65, 0x87, 0x5d, 0x78, 0x53, 0x87, 0x52, 0x78,
  0x55, 0x87, 0x56, 0x78, 0x4f, 0x89, 0x4c, 0x77, 0x51, 0x88, 0x53, 0x78,
  0x56, 0x8d, 0x66, 0x74, 0x7f, 0x97, 0x97, 0x66, 0xc1, 0x91, 0x7b, 0x64,
  0x1b, 0x88, 0x33, 0x77, 0x40, 0x8a, 0x39, 0x75, 0x23, 0x88, 0x27, 0x78,
  0x2b, 0x88, 0x28, 0x78, 0x2a, 0x89, 0x2b, 0x77, 0x2b, 0x88, 0x2a, 0x77,
  0x29, 0x87, 0x29, 0x79, 0x29, 0x88, 0x29, 0x79, 0x29, 0x87, 0x2b, 0x79,
  0x2f, 0x8a, 0x30, 0x76, 0x30, 0x8a, 0x30, 0x75, 0x2a, 0x88, 0x25, 0x78,
  0x25, 0x86, 0x25, 0x79, 0x25, 0x86, 0x25, 0x79, 0x25, 0x87, 0x25, 0x79,
  0x25, 0x87, 0x25, 0x79, 0x25, 0x86, 0x25, 0x79, 0x25, 0x86, 0x24, 0x79,
  0x24, 0x86, 0x24, 0x79, 0x24, 0x86, 0x24, 0x7a, 0x23, 0x86, 0x23, 0x7a,
  0x22, 0x86, 0x22, 0x7a, 0x22, 0x86, 0x21, 0x7a, 0x22, 0x85, 0x22, 0x79,
  0x22, 0x85, 0x22, 0x7a, 0x22, 0x85, 0x22, 0x7b, 0x23, 0x83, 0x24, 0x7c,
  0x25, 0x82, 0x26, 0x7d, 0x28, 0x7f, 0x2a, 0x7f, 0x2d, 0x7f, 0x30, 0x80,
  0x31, 0x65, 0xa1, 0x8d, 0xc5, 0x44, 0xbe, 0x9d, 0xc0, 0x47, 0xc0, 0x9b,
  0xc0, 0x47, 0xc0, 0x9b, 0xc0, 0x47, 0xc0, 0x9b, 0xc0, 0x47, 0xc0, 0x9b,
  0xc0, 0x47, 0xc0, 0x9b, 0xc0, 0x48, 0xc0, 0x9b, 0xbf, 0x44, 0xbb, 0x9d,
  0xc9, 0x52, 0x7e, 0x95, 0x26, 0x7c, 0x2e, 0x81, 0x28, 0x7f, 0x25, 0x7f,
  0x24, 0x81, 0x22, 0x7d, 0x22, 0x83, 0x21, 0x7c, 0x20, 0x84, 0x1f, 0x7b,
  0x1f, 0x84, 0x1f, 0x7a, 0x1f, 0x85, 0x1f, 0x7a, 0x1f, 0x84, 0x1e, 0x7a,
  0x1e, 0x85, 0x1e, 0x7a, 0x1e, 0x85, 0x1e, 0x7a, 0x1e, 0x85, 0x1e, 0x7a,
  0x1e, 0x85, 0x1e, 0x7a, 0x1e, 0x85, 0x1e, 0x7a, 0x1e, 0x84, 0x1e, 0x7a,
  0x1e, 0x85, 0x1e, 0x7a, 0x1e, 0x85, 0x1e, 0x7a, 0x1e, 0x85, 0x1e, 0x7a,
  0x1e, 0x85, 0x1e, 0x7b, 0x1e, 0x84, 0x1e, 0x7a, 0x1e, 0x85, 0x1e, 0x7a,
  0x1e, 0x84, 0x1e, 0x7b, 0x1e, 0x84, 0x1e, 0x7a, 0x1e, 0x84, 0x1e, 0x7b,
  0x1e, 0x84, 0x1e, 0x7a, 0x1e, 0x84, 0x1d, 0x7a, 0x1d, 0x84, 0x1e, 0x7a,
  0x1e, 0x84, 0x1e, 0x7a, 0x1d, 0x84, 0x1d, 0x7a, 0x1d, 0x84, 0x1e, 0x7a,
  0x1d, 0x84, 0x1d, 0x7a, 0x1d, 0x84, 0x1e, 0x7b, 0x1e, 0x84, 0x1e, 0x7a,
  0x1e, 0x84, 0x1d, 0x7a, 0x1d, 0x84, 0x1e, 0x7a, 0x1e, 0x84, 0x1e, 0x7a,
  0x1e, 0x84, 0x1e, 0x7a, 0x1e, 0x84, 0x1e, 0x7a, 0x1e, 0x84, 0x1e, 0x7b,
  0x1e, 0x84, 0x1e, 0x7a, 0x1e, 0x84, 0x1e, 0x7a, 0x1e, 0x84, 0x1e, 0x7a,
  0x1e, 0x84, 0x1e, 0x7a, 0x1f, 0x84, 0x1e, 0x7a, 0x1e, 0x84, 0x1f, 0x7a,
  0x1e, 0x84, 0x1e, 0x7a, 0x1f, 0x84, 0x1e, 0x7a, 0x1e, 0x84, 0x1e, 0x7a,
  0x1e, 0x84, 0x1e, 0x7a, 0x1e, 0x84, 0x1e, 0x7a, 0x1f, 0x84, 0x1e, 0x7a,
  0x1f, 0x84, 0x1f, 0x7a, 0x1e, 0x84, 0x1f, 0x7a, 0x20, 0x84, 0x20, 0x7b,
  0x21, 0x84, 0x21, 0x7b, 0x21, 0x82, 0x22, 0x7c, 0x23, 0x80, 0x24, 0x7e,
  0x27, 0x7f, 0x2a, 0x7f, 0x2a, 0x77, 0x3d, 0x84, 0xab, 0x4a, 0xc9, 0x9a,
  0xbd, 0x45, 0xbe, 0x9d, 0xc0, 0x47, 0xbf, 0x9b, 0xbf, 0x47, 0xbf, 0x9c,
  0xbf, 0x47, 0xc0, 0x9c, 0xc0, 0x47, 0xc0, 0x9c, 0xc0, 0x47, 0xc0, 0x9b,
  0xc0, 0x47, 0xc0, 0x9b, 0xc0, 0x48, 0xc0, 0x9b, 0xc0, 0x46, 0xbe, 0x9c,
  0xc7, 0x50, 0x98, 0x97, 0x2d, 0x7b, 0x30, 0x82, 0x2c, 0x7f, 0x29, 0x7f,
  0x27, 0x81, 0x26, 0x7e, 0x25, 0x83, 0x24, 0x7c, 0x23, 0x84, 0x23, 0x7b,
  0x23, 0x84, 0x23, 0x7a, 0x23, 0x85, 0x22, 0x7a, 0x22, 0x85, 0x22, 0x79,
  0x23, 0x86, 0x22, 0x79, 0x23, 0x85, 0x22, 0x7a, 0x23, 0x87, 0x29, 0x78,
  0x2b, 0x89, 0x2b, 0x76, 0x2a, 0x87, 0x26, 0x77, 0x24, 0x86, 0x24, 0x79,
  0x24, 0x86, 0x24, 0x79, 0x24, 0x86, 0x24, 0x79, 0x25, 0x87, 0x26, 0x79,
  0x26, 0x87, 0x26, 0x79, 0x27, 0x86, 0x27, 0x79, 0x27, 0x88, 0x2c, 0x77,
  0x2f, 0x8a, 0x2f, 0x75, 0x30, 0x89, 0x2e, 0x75, 0x2a, 0x88, 0x28, 0x78,
  0x28, 0x87, 0x29, 0x78, 0x29, 0x88, 0x29, 0x77, 0x2a, 0x88, 0x2b, 0x77,
  0x2b, 0x89, 0x2b, 0x76, 0x2d, 0x87, 0x21, 0x77, 0x85, 0x92, 0xbc, 0x62,
  0x8d, 0x9a, 0x78, 0x63, 0x64, 0x91, 0x57, 0x70, 0x50, 0x8a, 0x4d, 0x76,
  0x4c, 0x88, 0x4c, 0x77, 0x4d, 0x87, 0x4f, 0x78, 0x50, 0x87, 0x52, 0x78,
  0x53, 0x87, 0x54, 0x78, 0x55, 0x87, 0x57, 0x78, 0x53, 0x86, 0x44, 0x79,
  0x35, 0x86, 0x37, 0x79, 0x4f, 0x86, 0x46, 0x79, 0x57, 0x86, 0x6d, 0x79,
  0x6a, 0x87, 0x69, 0x78, 0x67, 0x87, 0x67, 0x78, 0x5b, 0x87, 0x64, 0x78,
  0x88, 0x82, 0xad, 0x7c, 0xc2, 0x81, 0xa9, 0x7d, 0x8f, 0x85, 0x74, 0x7b,
  0x58, 0x88, 0x4b, 0x78, 0x54, 0x8a, 0x58, 0x76, 0x68, 0x96, 0x7f, 0x6b,
  0xa0, 0x95, 0xc2, 0x61, 0x52, 0x8e, 0x62, 0x6e, 0x6b, 0x8d, 0x73, 0x71,
  0x75, 0x8c, 0x2e, 0x70, 0x25, 0x87, 0x2c, 0x79, 0x29, 0x88, 0x2a, 0x78,
  0x2b, 0x89, 0x2d, 0x77, 0x2b, 0x88, 0x2a, 0x77, 0x29, 0x87, 0x29, 0x78,
  0x28, 0x87, 0x29, 0x79, 0x29, 0x88, 0x2d, 0x77, 0x30, 0x8a, 0x2f, 0x76,
  0x2f, 0x89, 0x2b, 0x77, 0x26, 0x87, 0x26, 0x79, 0x26, 0x86, 0x25, 0x79,
  0x25, 0x86, 0x25, 0x79, 0x25, 0x86, 0x25, 0x79, 0x25, 0x86, 0x25, 0x79,
  0x25, 0x86, 0x24, 0x79, 0x24, 0x86, 0x24, 0x79, 0x24, 0x86, 0x24, 0x79,
  0x24, 0x86, 0x24, 0x79, 0x23, 0x86, 0x22, 0x79, 0x22, 0x86, 0x23, 0x79,
  0x22, 0x85, 0x22, 0x7a, 0x22, 0x85, 0x23, 0x7a, 0x23, 0x84, 0x23, 0x7b,
  0x23, 0x83, 0x24, 0x7b, 0x25, 0x82, 0x26, 0x7d, 0x28, 0x7f, 0x2a, 0x7f,
  0x2e, 0x7f, 0x2e, 0x80, 0x3f, 0x60, 0xb5, 0x8f, 0xc2, 0x43, 0xbf, 0x9d,
  0xc0, 0x48, 0xc0, 0x9b, 0xc1, 0x48, 0xc1, 0x9b, 0xc0, 0x48, 0xc0, 0x9b,
  0xc0, 0x48, 0xc0, 0x9b, 0xc0, 0x48, 0xc0, 0x9b, 0xc0, 0x48, 0xc0, 0x9b,
  0xc0, 0x45, 0xbe, 0x9c, 0xc6, 0x4d, 0x9b, 0x98, 0x2c, 0x7a, 0x2e, 0x83,
  0x29, 0x7f, 0x26, 0x7f, 0x24, 0x81, 0x23, 0x7d, 0x22, 0x83, 0x20, 0x7c,
  0x20, 0x84, 0x1f, 0x7b, 0x1f, 0x84, 0x1f, 0x7a, 0x1f, 0x84, 0x1f, 0x7a,
  0x1f, 0x84, 0x1f, 0x7a, 0x1f, 0x84, 0x1f, 0x7a, 0x1e, 0x84, 0x1f, 0x7a,
  0x1f, 0x84, 0x1f, 0x7a, 0x1e, 0x84, 0x1e, 0x7a, 0x1e, 0x84, 0x1e, 0x7a,
  0x1e, 0x84, 0x1e, 0x7a, 0x1e, 0x84, 0x1e, 0x7a, 0x1e, 0x84, 0x1e, 0x7a,
  0x1e, 0x84, 0x1f, 0x7a, 0x1e, 0x84, 0x1e, 0x7a, 0x1f, 0x84, 0x1e, 0x7a,
  0x1e, 0x84, 0x1e, 0x7a, 0x1e, 0x84, 0x1e, 0x7a, 0x1e, 0x84, 0x1e, 0x7a,
  0x1e, 0x84, 0x1f, 0x7a, 0x1e, 0x84, 0x1e, 0x7a, 0x1e, 0x84, 0x1e, 0x7a,
  0x1e, 0x84, 0x1e, 0x7a, 0x1e, 0x84, 0x1e, 0x7a, 0x1e, 0x84, 0x1e, 0x7a,
  0x1e, 0x84, 0x1e, 0x7a, 0x1e, 0x84, 0x1e, 0x7a, 0x1d, 0x84, 0x1d, 0x7a,
  0x1e, 0x84, 0x1d, 0x7b, 0x1d, 0x84, 0x1d, 0x7a, 0x1e, 0x84, 0x1d, 0x7a,
  0x1d, 0x84, 0x1d, 0x7a, 0x1e, 0x84, 0x1e, 0x7a, 0x1e, 0x84, 0x1e, 0x7b,
  0x1e, 0x84, 0x1e, 0x7a, 0x1e, 0x85, 0x1d, 0x7a, 0x1e, 0x84, 0x1e, 0x7a,
  0x1e, 0x84, 0x1e, 0x7a, 0x1e, 0x84, 0x1e, 0x7a, 0x1e, 0x85, 0x1e, 0x7a,
  0x1e, 0x85, 0x1e, 0x7a, 0x1e, 0x85, 0x1e, 0x7a, 0x1e, 0x85, 0x1e, 0x7a,
  0x1e, 0x84, 0x1e, 0x7a, 0x1e, 0x84, 0x1e, 0x7a, 0x1e, 0x84, 0x1e, 0x7a,
  0x1e, 0x84, 0x1e, 0x7a, 0x1f, 0x84, 0x1f, 0x7a, 0x1f, 0x84, 0x20, 0x7b,
  0x20, 0x84, 0x20, 0x7b, 0x21, 0x83, 0x21, 0x7b, 0x22, 0x82, 0x23, 0x7c,
  0x23, 0x7f, 0x25, 0x7e, 0x28, 0x80, 0x2d, 0x7f, 0x28, 0x68, 0x8e, 0x8b,
  0xca, 0x43, 0xba, 0x9d, 0xbf, 0x47, 0xbf, 0x9c, 0xbf, 0x47, 0xc0, 0x9c,
  0xbf, 0x47, 0xbf, 0x9b, 0xc0, 0x47, 0xc0, 0x9b, 0xc0, 0x47, 0xc0, 0x9c,
  0xc0, 0x47, 0xc0, 0x9b, 0xc0, 0x47, 0xc0, 0x9b, 0xc0, 0x47, 0xc0, 0x9b,
  0xc0, 0x47, 0xbf, 0x9c, 0xc2, 0x4b, 0xb6, 0x99, 0x40, 0x76, 0x2e, 0x85,
  0x2e, 0x7f, 0x2a, 0x7f, 0x28, 0x81, 0x26, 0x7e, 0x25, 0x83, 0x24, 0x7c,
  0x24, 0x84, 0x23, 0x7b, 0x23, 0x85, 0x23, 0x7a, 0x23, 0x86, 0x22, 0x7a,
  0x22, 0x86, 0x22, 0x79, 0x23, 0x86, 0x23, 0x79, 0x23, 0x86, 0x22, 0x7a,
  0x28, 0x88, 0x2b, 0x77, 0x2a, 0x89, 0x2a, 0x76, 0x26, 0x87, 0x24, 0x79,
  0x24, 0x86, 0x24, 0x79, 0x24, 0x86, 0x24, 0x79, 0x24, 0x87, 0x25, 0x79,
  0x26, 0x87, 0x26, 0x78, 0x26, 0x87, 0x26, 0x79, 0x27, 0x87, 0x28, 0x78,
  0x2d, 0x8a, 0x30, 0x75, 0x2f, 0x8b, 0x30, 0x74, 0x2d, 0x88, 0x29, 0x77,
  0x28, 0x87, 0x29, 0x78, 0x29, 0x88, 0x29, 0x77, 0x2a, 0x88, 0x2b, 0x77,
  0x2c, 0x89, 0x2c, 0x76, 0x2b, 0x88, 0x2d, 0x78, 0x22, 0x8a, 0x51, 0x72,
  0xc1, 0x97, 0x9a, 0x5e, 0x7e, 0x97, 0x67, 0x69, 0x58, 0x8d, 0x4f, 0x73,
  0x4c, 0x89, 0x4b, 0x77, 0x4b, 0x88, 0x4c, 0x78, 0x4d, 0x87, 0x4f, 0x78,
  0x51, 0x87, 0x52, 0x78, 0x54, 0x87, 0x56, 0x78, 0x58, 0x87, 0x5a, 0x78,
  0x5d, 0x87, 0x5e, 0x78, 0x52, 0x86, 0x34, 0x79, 0x33, 0x86, 0x43, 0x79,
  0x69, 0x86, 0x6e, 0x79, 0x6c, 0x87, 0x69, 0x79, 0x65, 0x88, 0x59, 0x77,
  0x91, 0x81, 0xd6, 0x7c, 0xe6, 0x7e, 0xe5, 0x7f, 0x89, 0x83, 0x5c, 0x7b,
  0x64, 0x84, 0x72, 0x7a, 0x8c, 0x85, 0x79, 0x7a, 0x45, 0x88, 0x50, 0x77,
  0x5a, 0x91, 0x6e, 0x70, 0x8c, 0x97, 0xb6, 0x62, 0x88, 0x90, 0x4a, 0x6d,
  0x58, 0x88, 0x55, 0x79, 0x76, 0x91, 0x8b, 0x6b, 0x36, 0x8a, 0x25, 0x74,
  0x2d, 0x88, 0x2b, 0x78, 0x2b, 0x88, 0x2b, 0x77, 0x2c, 0x89, 0x2d, 0x77,
  0x2b, 0x88, 0x2a, 0x78, 0x2a, 0x87, 0x29, 0x78, 0x29, 0x87, 0x28, 0x79,
  0x2b, 0x89, 0x2f, 0x76, 0x2f, 0x8a, 0x2f, 0x76, 0x2d, 0x88, 0x27, 0x78,
  0x26, 0x87, 0x26, 0x79, 0x25, 0x87, 0x26, 0x79, 0x25, 0x87, 0x25, 0x79,
  0x25, 0x87, 0x25, 0x79, 0x25, 0x86, 0x25, 0x79, 0x24, 0x87, 0x24, 0x79,
  0x24, 0x86, 0x24, 0x79, 0x24, 0x86, 0x24, 0x79, 0x23, 0x86, 0x23, 0x79,
  0x23, 0x86, 0x23, 0x7a, 0x23, 0x85, 0x22, 0x7a, 0x23, 0x85, 0x23, 0x7a,
  0x23, 0x84, 0x23, 0x7b, 0x24, 0x83, 0x24, 0x7b, 0x25, 0x82, 0x27, 0x7d,
  0x29, 0x7e, 0x2c, 0x80, 0x2f, 0x7e, 0x2c, 0x80, 0x52, 0x5b, 0xc2, 0x92,
  0xc0, 0x43, 0xc0, 0x9d, 0xc1, 0x48, 0xc0, 0x9a, 0xc0, 0x47, 0xc1, 0x9b,
  0xc0, 0x48, 0xc0, 0x9b, 0xc0, 0x47, 0xc0, 0x9b, 0xc0, 0x47, 0xc0, 0x9b,
  0xc0, 0x48, 0xc0, 0x9b, 0xc0, 0x45, 0xbe, 0x9c, 0xc8, 0x50, 0x8e, 0x96,
  0x29, 0x7a, 0x2f, 0x82, 0x29, 0x7e, 0x26, 0x80, 0x24, 0x81, 0x23, 0x7d,
  0x22, 0x83, 0x20, 0x7c, 0x1f, 0x84, 0x1f, 0x7b, 0x1e, 0x84, 0x1f, 0x7b,
  0x1e, 0x85, 0x1f, 0x7a, 0x1e, 0x85, 0x1e, 0x7a, 0x1e, 0x84, 0x1e, 0x7a,
  0x1e, 0x85, 0x1e, 0x7a, 0x1e, 0x85, 0x1e, 0x7a, 0x1e, 0x85, 0x1e, 0x7a,
  0x1e, 0x85, 0x1e, 0x7a, 0x1e, 0x85, 0x1e, 0x7a, 0x1e, 0x85, 0x1e, 0x7a,
  0x1e, 0x84, 0x1e, 0x7a, 0x1e, 0x85, 0x1e, 0x7b, 0x1e, 0x84, 0x1e, 0x7a,
  0x1e, 0x85, 0x1e, 0x7a, 0x1e, 0x84, 0x1e, 0x7a, 0x1e, 0x84, 0x1e, 0x7a,
  0x1e, 0x84, 0x1e, 0x7a, 0x1e, 0x84, 0x1e, 0x7a, 0x1e, 0x84, 0x1d, 0x7a,
  0x1e, 0x84, 0x1d, 0x7a, 0x1e, 0x84, 0x1d, 0x7b, 0x1e, 0x84, 0x1e, 0x7a,
  0x1d, 0x84, 0x1d, 0x7a, 0x1e, 0x84, 0x1e, 0x7a, 0x1e, 0x84, 0x1d, 0x7a,
  0x1d, 0x84, 0x1d, 0x7a, 0x1e, 0x84, 0x1d, 0x7b, 0x1d, 0x84, 0x1e, 0x7a,
  0x1e, 0x84, 0x1e, 0x7a, 0x1e, 0x84, 0x1e, 0x7b, 0x1e, 0x84, 0x1e, 0x7a,
  0x1e, 0x84, 0x1e, 0x7b, 0x1e, 0x84, 0x1e, 0x7b, 0x1e, 0x84, 0x1e, 0x7b,
  0x1e, 0x84, 0x1e, 0x7a, 0x1e, 0x84, 0x1e, 0x7a, 0x1f, 0x84, 0x1f, 0x7a,
  0x1e, 0x84, 0x1f, 0x7a, 0x1f, 0x84, 0x1e, 0x7b, 0x1f, 0x84, 0x1e, 0x7a,
  0x1e, 0x84, 0x1f, 0x7a, 0x1e, 0x84, 0x1f, 0x7a, 0x1e, 0x84, 0x1f, 0x7a,
  0x1f, 0x84, 0x1f, 0x7a, 0x1f, 0x84, 0x1f, 0x7b, 0x1f, 0x84, 0x1f, 0x7b,
  0x1f, 0x84, 0x20, 0x7b, 0x21, 0x84, 0x21, 0x7b, 0x21, 0x83, 0x21, 0x7c,
  0x22, 0x82, 0x22, 0x7d, 0x24, 0x7f, 0x26, 0x7f, 0x2a, 0x7f, 0x29, 0x7f,
  0x43, 0x5d, 0xba, 0x91, 0xbe, 0x42, 0xbe, 0x9e, 0xbf, 0x47, 0xbf, 0x9b,
  0xbf, 0x47, 0xbf, 0x9b, 0xbf, 0x47, 0xc0, 0x9b, 0xc0, 0x47, 0xc0, 0x9b,
  0xc0, 0x47, 0xc0, 0x9b, 0xc0, 0x47, 0xbf, 0x9b, 0xc0, 0x47, 0xc0, 0x9b,
  0xc0, 0x47, 0xc0, 0x9b, 0xc0, 0x47, 0xc0, 0x9b, 0xbe, 0x46, 0xc6, 0x9b,
  0x60, 0x71, 0x2a, 0x87, 0x30, 0x7f, 0x2b, 0x7f, 0x29, 0x80, 0x27, 0x7e,
  0x26, 0x82, 0x25, 0x7c, 0x24, 0x84, 0x23, 0x7b, 0x23, 0x84, 0x23, 0x7b,
  0x23, 0x85, 0x22, 0x7a, 0x22, 0x86, 0x22, 0x79, 0x23, 0x86, 0x23, 0x7a,
  0x22, 0x87, 0x26, 0x79, 0x2a, 0x88, 0x2a, 0x76, 0x2a, 0x87, 0x26, 0x77,
  0x24, 0x86, 0x24, 0x79, 0x24, 0x86, 0x24, 0x79, 0x24, 0x86, 0x25, 0x79,
  0x25, 0x87, 0x26, 0x78, 0x26, 0x87, 0x26, 0x78, 0x26, 0x87, 0x26, 0x79,
  0x28, 0x89, 0x2e, 0x77, 0x2f, 0x8b, 0x30, 0x74, 0x30, 0x8a, 0x2d, 0x76,
  0x29, 0x88, 0x29, 0x78, 0x29, 0x88, 0x29, 0x78, 0x2a, 0x88, 0x2b, 0x77,
  0x2c, 0x89, 0x2c, 0x76, 0x2c, 0x89, 0x2c, 0x76, 0x2c, 0x88, 0x2c, 0x78,
  0x28, 0x8d, 0x9f, 0x6b, 0xaf, 0x9a, 0x87, 0x5f, 0x6f, 0x95, 0x5b, 0x6d,
  0x50, 0x8b, 0x4b, 0x75, 0x48, 0x88, 0x49, 0x77, 0x4b, 0x88, 0x4e, 0x78,
  0x4e, 0x88, 0x4d, 0x78, 0x4d, 0x88, 0x4f, 0x78, 0x55, 0x88, 0x59, 0x78,
  0x59, 0x87, 0x5b, 0x78, 0x5d, 0x87, 0x5f, 0x78, 0x61, 0x87, 0x5e, 0x78,
  0x45, 0x86, 0x58, 0x79, 0x6d, 0x87, 0x6a, 0x79, 0x6a, 0x88, 0x67, 0x78,
  0x57, 0x85, 0x9d, 0x7a, 0xe8, 0x7e, 0xe1, 0x7f, 0xe5, 0x7f, 0xba, 0x7e,
  0x33, 0x85, 0x44, 0x7a, 0x46, 0x86, 0x47, 0x79, 0x47, 0x85, 0x89, 0x7a,
  0x96, 0x86, 0x47, 0x7a, 0x54, 0x8e, 0x63, 0x72, 0x7c, 0x97, 0x8f, 0x67,
  0x4b, 0x8b, 0x3d, 0x74, 0x50, 0x86, 0x5a, 0x7a, 0x50, 0x8f, 0x78, 0x71,
  0x93, 0x91, 0x39, 0x6c, 0x26, 0x88, 0x2e, 0x78, 0x2b, 0x88, 0x2b, 0x77,
  0x2b, 0x88, 0x2b, 0x77, 0x2c, 0x89, 0x2c, 0x77, 0x2a, 0x88, 0x29, 0x78,
  0x29, 0x87, 0x29, 0x78, 0x28, 0x88, 0x2a, 0x78, 0x2f, 0x8a, 0x2f, 0x76,
  0x2f, 0x8a, 0x2e, 0x76, 0x28, 0x87, 0x26, 0x78, 0x26, 0x87, 0x25, 0x79,
  0x25, 0x87, 0x25, 0x79, 0x25, 0x87, 0x25, 0x79, 0x25, 0x86, 0x25, 0x79,
  0x25, 0x86, 0x25, 0x79, 0x24, 0x87, 0x24, 0x79, 0x23, 0x86, 0x23, 0x79,
  0x23, 0x86, 0x23, 0x79, 0x23, 0x86, 0x23, 0x7a, 0x23, 0x85, 0x23, 0x7a,
  0x23, 0x85, 0x23, 0x7a, 0x23, 0x84, 0x24, 0x7b, 0x24, 0x83, 0x25, 0x7c,
  0x26, 0x81, 0x28, 0x7d, 0x29, 0x7e, 0x2c, 0x7f, 0x30, 0x7d, 0x2a, 0x81,
  0x68, 0x58, 0xc8, 0x93, 0xbe, 0x44, 0xc0, 0x9c, 0xc0, 0x48, 0xc0, 0x9b,
  0xc0, 0x47, 0xc0, 0x9b, 0xc0, 0x47, 0xc1, 0x9b, 0xc0, 0x47, 0xc0, 0x9b,
  0xc0, 0x47, 0xc0, 0x9b, 0xc0, 0x48, 0xc0, 0x9b, 0xbf, 0x44, 0xbe, 0x9d,
  0xc7, 0x56, 0x68, 0x93, 0x2a, 0x7c, 0x30, 0x81, 0x2a, 0x7e, 0x27, 0x80,
  0x24, 0x81, 0x23, 0x7d, 0x21, 0x83, 0x20, 0x7c, 0x20, 0x84, 0x1f, 0x7b,
  0x1e, 0x84, 0x1f, 0x7b, 0x1f, 0x84, 0x1f, 0x7b, 0x1f, 0x84, 0x1f, 0x7a,
  0x1f, 0x84, 0x1e, 0x7b, 0x1e, 0x84, 0x1e, 0x7a, 0x1e, 0x84, 0x1f, 0x7a,
  0x1f, 0x84, 0x1e, 0x7a, 0x1e, 0x84, 0x1e, 0x7a, 0x1e, 0x84, 0x1e, 0x7a,
  0x1f, 0x84, 0x1e, 0x7a, 0x1e, 0x84, 0x1e, 0x7a, 0x1f, 0x84, 0x1e, 0x7a,
  0x1e, 0x84, 0x1e, 0x7a, 0x1e, 0x84, 0x1e, 0x7a, 0x1f, 0x84, 0x1e, 0x7a,
  0x1e, 0x84, 0x1e, 0x7a, 0x1e, 0x84, 0x1e, 0x7a, 0x1e, 0x84, 0x1e, 0x7a,
  0x1e, 0x84, 0x1e, 0x7b, 0x1e, 0x84, 0x1e, 0x7a, 0x1e, 0x84, 0x1e, 0x7b,
  0x1e, 0x84, 0x1e, 0x7a, 0x1e, 0x84, 0x1d, 0x7a, 0x1d, 0x84, 0x1d, 0x7b,
  0x1d, 0x84, 0x1e, 0x7a, 0x1d, 0x84, 0x1d, 0x7b, 0x1d, 0x84, 0x1d, 0x7a,
  0x1d, 0x84, 0x1d, 0x7b, 0x1e, 0x84, 0x1e, 0x7a, 0x1e, 0x84, 0x1d, 0x7b,
  0x1e, 0x84, 0x1d, 0x7b, 0x1e, 0x84, 0x1e, 0x7b, 0x1d, 0x84, 0x1e, 0x7a,
  0x1e, 0x84, 0x1e, 0x7b, 0x1e, 0x84, 0x1e, 0x7a, 0x1e, 0x84, 0x1d, 0x7a,
  0x1e, 0x84, 0x1e, 0x7a, 0x1e, 0x84, 0x1e, 0x7a, 0x1e, 0x84, 0x1e, 0x7a,
  0x1e, 0x84, 0x1e, 0x7a, 0x1e, 0x85, 0x1e, 0x7a, 0x1e, 0x84, 0x1e, 0x7a,
  0x1e, 0x84, 0x1e, 0x7a, 0x1e, 0x85, 0x1e, 0x7a, 0x1f, 0x84, 0x1f, 0x7a,
  0x1f, 0x84, 0x1f, 0x7a, 0x1f, 0x84, 0x20, 0x7b, 0x20, 0x84, 0x20, 0x7b,
  0x21, 0x83, 0x22, 0x7c, 0x22, 0x81, 0x23, 0x7d, 0x24, 0x7f, 0x26, 0x7f,
  0x2b, 0x7e, 0x27, 0x80, 0x55, 0x5a, 0xc2, 0x92, 0xbd, 0x42, 0xbe, 0x9e,
  0xbf, 0x47, 0xbf, 0x9c, 0xbf, 0x47, 0xc0, 0x9b, 0xc0, 0x47, 0xc0, 0x9b,
  0xc0, 0x47, 0xc0, 0x9b, 0xc0, 0x47, 0xc0, 0x9b, 0xc0, 0x47, 0xc0, 0x9b,
  0xc0, 0x47, 0xc0, 0x9b, 0xc0, 0x48, 0xc0, 0x9b, 0xc0, 0x48, 0xc0, 0x9b,
  0xbe, 0x45, 0xc8, 0x9c, 0x83, 0x6b, 0x2a, 0x8a, 0x31, 0x7f, 0x2d, 0x7f,
  0x2a, 0x7f, 0x28, 0x7f, 0x26, 0x82, 0x25, 0x7d, 0x24, 0x84, 0x24, 0x7c,
  0x23, 0x85, 0x23, 0x7b, 0x23, 0x85, 0x23, 0x7a, 0x22, 0x86, 0x22, 0x7a,
  0x23, 0x86, 0x23, 0x7a, 0x25, 0x87, 0x2a, 0x77, 0x2a, 0x89, 0x2b, 0x76,
  0x27, 0x87, 0x24, 0x78, 0x24, 0x86, 0x24, 0x79, 0x24, 0x86, 0x24, 0x79,
  0x25, 0x86, 0x25, 0x79, 0x26, 0x87, 0x26, 0x78, 0x26, 0x87, 0x26, 0x79,
  0x26, 0x88, 0x29, 0x78, 0x2e, 0x8a, 0x2f, 0x75, 0x30, 0x8a, 0x2f, 0x74,
  0x2b, 0x89, 0x29, 0x77, 0x29, 0x88, 0x29, 0x78, 0x2a, 0x88, 0x2a, 0x77,
  0x2c, 0x89, 0x2d, 0x76, 0x2c, 0x89, 0x2b, 0x76, 0x2c, 0x89, 0x2c, 0x75,
  0x2d, 0x88, 0x22, 0x77, 0x5d, 0x91, 0xbc, 0x64, 0x92, 0x9b, 0x78, 0x61,
  0x61, 0x91, 0x52, 0x70, 0x4a, 0x89, 0x47, 0x76, 0x46, 0x88, 0x49, 0x77,
  0x46, 0x87, 0x40, 0x77, 0x45, 0x87, 0x50, 0x78, 0x58, 0x87, 0x56, 0x78,
  0x4d, 0x88, 0x4a, 0x77, 0x54, 0x87, 0x5d, 0x78, 0x5d, 0x86, 0x5f, 0x79,
  0x61, 0x86, 0x63, 0x78, 0x66, 0x86, 0x6a, 0x79, 0x6a, 0x86, 0x6a, 0x78,
  0x6b, 0x87, 0x5b, 0x78, 0x98, 0x80, 0xe9, 0x7d, 0xdb, 0x7e, 0xdb, 0x7f,
  0xe1, 0x7f, 0xca, 0x7e, 0x45, 0x83, 0x33, 0x7b, 0x2d, 0x84, 0x28, 0x7b,
  0x36, 0x84, 0x3d, 0x7a, 0xac, 0x83, 0xac, 0x7b, 0x4a, 0x8b, 0x59, 0x75,
  0x6d, 0x94, 0x6e, 0x6c, 0x2e, 0x87, 0x33, 0x78, 0x4a, 0x86, 0x59, 0x79,
  0x59, 0x89, 0x55, 0x77, 0x7b, 0x93, 0x97, 0x69, 0x3b, 0x8a, 0x25, 0x73,
  0x2e, 0x88, 0x2c, 0x77, 0x2c, 0x88, 0x2b, 0x77, 0x2b, 0x88, 0x2c, 0x77,
  0x2c, 0x89, 0x2b, 0x77, 0x29, 0x87, 0x29, 0x78, 0x29, 0x87, 0x29, 0x78,
  0x2a, 0x88, 0x2e, 0x77, 0x30, 0x8a, 0x30, 0x75, 0x2f, 0x88, 0x28, 0x77,
  0x25, 0x86, 0x26, 0x79, 0x26, 0x86, 0x26, 0x79, 0x25, 0x86, 0x25, 0x79,
  0x25, 0x86, 0x25, 0x79, 0x25, 0x86, 0x25, 0x79, 0x25, 0x86, 0x24, 0x79,
  0x24, 0x86, 0x23, 0x7a, 0x23, 0x86, 0x23, 0x7a, 0x23, 0x86, 0x23, 0x7a,
  0x23, 0x85, 0x23, 0x7a, 0x23, 0x85, 0x23, 0x7a, 0x23, 0x84, 0x24, 0x7b,
  0x25, 0x83, 0x26, 0x7c, 0x27, 0x81, 0x28, 0x7d, 0x2a, 0x7e, 0x2c, 0x80,
  0x31, 0x7b, 0x2b, 0x82, 0x83, 0x53, 0xc9, 0x96, 0xbe, 0x45, 0xc0, 0x9c,
  0xc0, 0x48, 0xc0, 0x9b, 0xc0, 0x48, 0xc1, 0x9b, 0xc0, 0x48, 0xc0, 0x9b,
  0xc1, 0x48, 0xc1, 0x9b, 0xc1, 0x48, 0xc1, 0x9b, 0xc1, 0x48, 0xc0, 0x9a,
  0xbf, 0x44, 0xc1, 0x9d, 0xb9, 0x5e, 0x44, 0x91, 0x2f, 0x7d, 0x2e, 0x81,
  0x2a, 0x7d, 0x27, 0x80, 0x24, 0x81, 0x23, 0x7d, 0x22, 0x82, 0x20, 0x7c,
  0x20, 0x84, 0x1f, 0x7b, 0x1f, 0x84, 0x1f, 0x7a, 0x1e, 0x84, 0x1f, 0x7b,
  0x1e, 0x84, 0x1f, 0x7a, 0x1f, 0x85, 0x1e, 0x7a, 0x1e, 0x85, 0x1e, 0x7a,
  0x1e, 0x85, 0x1e, 0x7a, 0x1e, 0x85, 0x1e, 0x7a, 0x1e, 0x84, 0x1e, 0x7a,
  0x1e, 0x84, 0x1e, 0x7a, 0x1e, 0x84, 0x1e, 0x7a, 0x1e, 0x84, 0x1e, 0x7a,
  0x1e, 0x85, 0x1e, 0x7a, 0x1e, 0x85, 0x1e, 0x7a, 0x1e, 0x84, 0x1e, 0x7a,
  0x1e, 0x85, 0x1e, 0x7a, 0x1e, 0x84, 0x1e, 0x7b, 0x1e, 0x84, 0x1e, 0x7b,
  0x1e, 0x84, 0x1e, 0x7a, 0x1e, 0x84, 0x1e, 0x7a, 0x1e, 0x84, 0x1e, 0x7b,
  0x1d, 0x84, 0x1e, 0x7b, 0x1d, 0x84, 0x1d, 0x7a, 0x1e, 0x84, 0x1d, 0x7a,
  0x1d, 0x84, 0x1d, 0x7a, 0x1d, 0x84, 0x1d, 0x7a, 0x1d, 0x84, 0x1d, 0x7a,
  0x1d, 0x84, 0x1d, 0x7b, 0x1d, 0x84, 0x1e, 0x7b, 0x1e, 0x84, 0x1e, 0x7a,
  0x1e, 0x85, 0x1e, 0x7a, 0x1e, 0x85, 0x1e, 0x7a, 0x1e, 0x84, 0x1e, 0x7a,
  0x1e, 0x85, 0x1e, 0x7a, 0x1e, 0x85, 0x1e, 0x7b, 0x1e, 0x84, 0x1e, 0x7a,
  0x1e, 0x84, 0x1f, 0x7a, 0x1e, 0x84, 0x1e, 0x7a, 0x1e, 0x85, 0x1f, 0x7a,
  0x1e, 0x85, 0x1e, 0x7a, 0x1e, 0x85, 0x1e, 0x7a, 0x1e, 0x85, 0x1f, 0x7a,
  0x1e, 0x85, 0x1e, 0x7a, 0x1e, 0x85, 0x1e, 0x7a, 0x1e, 0x85, 0x1e, 0x7a,
  0x1f, 0x84, 0x1f, 0x7a, 0x1f, 0x85, 0x1f, 0x7a, 0x20, 0x84, 0x20, 0x7b,
  0x20, 0x84, 0x21, 0x7b, 0x21, 0x83, 0x22, 0x7c, 0x22, 0x81, 0x24, 0x7d,
  0x25, 0x7e, 0x27, 0x7f, 0x2c, 0x7e, 0x28, 0x80, 0x51, 0x5a, 0xc0, 0x92,
  0xbe, 0x42, 0xbe, 0x9e, 0xbf, 0x47, 0xbf, 0x9b, 0xbf, 0x47, 0xbf, 0x9c,
  0xbf, 0x47, 0xc0, 0x9b, 0xc0, 0x47, 0xbf, 0x9b, 0xc0, 0x47, 0xc0, 0x9b,
  0xc0, 0x47, 0xc0, 0x9b, 0xc0, 0x47, 0xc0, 0x9b, 0xc0, 0x47, 0xc0, 0x9b,
  0xbf, 0x48, 0xc0, 0x9b, 0xbe, 0x44, 0xc4, 0x9d, 0xa7, 0x63, 0x34, 0x8e,
  0x31, 0x7f, 0x2e, 0x80, 0x2b, 0x7f, 0x29, 0x7f, 0x26, 0x82, 0x25, 0x7d,
  0x25, 0x84, 0x24, 0x7c, 0x24, 0x84, 0x23, 0x7b, 0x23, 0x85, 0x23, 0x7a,
  0x23, 0x86, 0x23, 0x7a, 0x23, 0x86, 0x24, 0x79, 0x2a, 0x89, 0x2a, 0x76,
  0x2b, 0x88, 0x28, 0x77, 0x24, 0x86, 0x25, 0x79, 0x24, 0x86, 0x24, 0x79,
  0x25, 0x87, 0x25, 0x79, 0x25, 0x87, 0x26, 0x79, 0x26, 0x87, 0x26, 0x78,
  0x26, 0x87, 0x26, 0x79, 0x2a, 0x89, 0x2f, 0x76, 0x2f, 0x8a, 0x2f, 0x74,
  0x2e, 0x89, 0x2a, 0x76, 0x29, 0x88, 0x2a, 0x77, 0x2a, 0x88, 0x2a, 0x77,
  0x2b, 0x89, 0x2c, 0x76, 0x2d, 0x89, 0x2c, 0x76, 0x2c, 0x89, 0x2c, 0x76,
  0x2c, 0x89, 0x2c, 0x75, 0x2d, 0x89, 0x28, 0x74, 0x9c, 0x95, 0xab, 0x5f,
  0x82, 0x99, 0x6a, 0x66, 0x57, 0x8e, 0x4b, 0x73, 0x47, 0x88, 0x46, 0x77,
  0x49, 0x88, 0x3c, 0x77, 0x4b, 0x85, 0x80, 0x79, 0xae, 0x81, 0xcb, 0x7d,
  0xcc, 0x80, 0xca, 0x7d, 0xb9, 0x82, 0x94, 0x7c, 0x65, 0x87, 0x4f, 0x79,
  0x5c, 0x87, 0x5f, 0x79, 0x5f, 0x87, 0x61, 0x78, 0x62, 0x87, 0x66, 0x79,
  0x67, 0x87, 0x68, 0x78, 0x5e, 0x85, 0x74, 0x79, 0xe4, 0x7f, 0xe0, 0x7e,
  0xde, 0x7e, 0xdd, 0x7e, 0xdd, 0x7e, 0xe1, 0x7e, 0xcb, 0x7f, 0xb5, 0x7e,
  0xa1, 0x81, 0x72, 0x7d, 0x38, 0x84, 0x2a, 0x7b, 0x56, 0x82, 0xe0, 0x7c,
  0x93, 0x87, 0x41, 0x79, 0x5c, 0x8f, 0x58, 0x71, 0x28, 0x85, 0x2e, 0x79,
  0x45, 0x86, 0x57, 0x79, 0x5a, 0x87, 0x56, 0x7a, 0x57, 0x91, 0x81, 0x6f,
  0x9b, 0x90, 0x3a, 0x6b, 0x26, 0x88, 0x2f, 0x77, 0x2c, 0x89, 0x2c, 0x76,
  0x2b, 0x88, 0x2a, 0x77, 0x2b, 0x89, 0x2d, 0x76, 0x2c, 0x88, 0x2a, 0x77,
  0x2a, 0x87, 0x29, 0x78, 0x29, 0x87, 0x2a, 0x78, 0x2e, 0x89, 0x2f, 0x76,
  0x30, 0x89, 0x2f, 0x76, 0x28, 0x87, 0x26, 0x78, 0x26, 0x87, 0x26, 0x79,
  0x26, 0x86, 0x25, 0x79, 0x25, 0x87, 0x25, 0x79, 0x25, 0x86, 0x25, 0x79,
  0x25, 0x86, 0x25, 0x79, 0x25, 0x86, 0x24, 0x79, 0x24, 0x86, 0x23, 0x79,
  0x23, 0x86, 0x24, 0x7a, 0x23, 0x86, 0x24, 0x79, 0x24, 0x85, 0x24, 0x7a,
  0x24, 0x84, 0x25, 0x7b, 0x25, 0x83, 0x26, 0x7c, 0x27, 0x81, 0x28, 0x7d,
  0x2a, 0x7e, 0x2d, 0x80, 0x31, 0x79, 0x2e, 0x83, 0x9a, 0x4f, 0xc7, 0x98,
  0xbf, 0x45, 0xc1, 0x9c, 0xc0, 0x48, 0xc1, 0x9b, 0xc0, 0x47, 0xc0, 0x9b,
  0xc0, 0x48, 0xc0, 0x9b, 0xc0, 0x47, 0xc0, 0x9b, 0xc0, 0x48, 0xc0, 0x9b,
  0xc0, 0x48, 0xc0, 0x9b, 0xbf, 0x44, 0xc7, 0x9c, 0x97, 0x66, 0x2e, 0x8c,
  0x32, 0x7d, 0x2d, 0x81, 0x29, 0x7e, 0x26, 0x80, 0x24, 0x81, 0x23, 0x7d,
  0x21, 0x82, 0x20, 0x7c, 0x1f, 0x84, 0x1f, 0x7b, 0x1e, 0x84, 0x1f, 0x7b,
  0x1f, 0x84, 0x1f, 0x7b, 0x1f, 0x85, 0x1e, 0x7a, 0x1f, 0x85, 0x1e, 0x7a,
  0x1e, 0x85, 0x1e, 0x7a, 0x1e, 0x85, 0x1e, 0x7a, 0x1f, 0x85, 0x1e, 0x7a,
  0x1e, 0x85, 0x1e, 0x7a, 0x1e, 0x85, 0x1e, 0x7a, 0x1e, 0x85, 0x1e, 0x7a,
  0x1e, 0x85, 0x1e, 0x7a, 0x1e, 0x85, 0x1e, 0x7a, 0x1e, 0x85, 0x1e, 0x7a,
  0x1e, 0x85, 0x1e, 0x7a, 0x1f, 0x85, 0x1f, 0x7a, 0x1e, 0x85, 0x1e, 0x7a,
  0x1e, 0x84, 0x1e, 0x7a, 0x1e, 0x85, 0x1e, 0x7a, 0x1e, 0x84, 0x1e, 0x7a,
  0x1e, 0x84, 0x1e, 0x7a, 0x1e, 0x85, 0x1e, 0x7a, 0x1e, 0x84, 0x1e, 0x7a,
  0x1e, 0x85, 0x1e, 0x7a, 0x1e, 0x85, 0x1e, 0x7a, 0x1d, 0x84, 0x1d, 0x7a,
  0x1d, 0x84, 0x1e, 0x7b, 0x1d, 0x84, 0x1e, 0x7b, 0x1e, 0x84, 0x1e, 0x7b,
  0x1e, 0x84, 0x1e, 0x7b, 0x1e, 0x84, 0x1e, 0x7b, 0x1e, 0x84, 0x1e, 0x7b,
  0x1e, 0x84, 0x1e, 0x7b, 0x1e, 0x84, 0x1e, 0x7b, 0x1e, 0x84, 0x1e, 0x7b,
  0x1e, 0x84, 0x1e, 0x7b, 0x1e, 0x84, 0x1e, 0x7b, 0x1e, 0x84, 0x1e, 0x7b,
  0x1e, 0x84, 0x1e, 0x7a, 0x1e, 0x84, 0x1f, 0x7b, 0x1f, 0x84, 0x1f, 0x7b,
  0x1f, 0x84, 0x1e, 0x7b, 0x1f, 0x84, 0x1f, 0x7a, 0x1f, 0x84, 0x1e, 0x7a,
  0x1f, 0x84, 0x1f, 0x7b, 0x1f, 0x84, 0x1f, 0x7b, 0x1f, 0x84, 0x1f, 0x7b,
  0x1f, 0x84, 0x20, 0x7b, 0x20, 0x84, 0x21, 0x7b, 0x21, 0x83, 0x21, 0x7c,
  0x22, 0x81, 0x23, 0x7d, 0x25, 0x7f, 0x28, 0x7f, 0x2a, 0x7f, 0x2d, 0x80,
  0x38, 0x60, 0xaf, 0x8f, 0xc2, 0x42, 0xbe, 0x9d, 0xbf, 0x47, 0xbf, 0x9c,
  0xbf, 0x46, 0xc0, 0x9b, 0xc0, 0x47, 0xc0, 0x9b, 0xc0, 0x47, 0xc0, 0x9b,
  0xc0, 0x47, 0xc0, 0x9b, 0xc0, 0x47, 0xc0, 0x9b, 0xc0, 0x47, 0xc0, 0x9b,
  0xc0, 0x47, 0xc0, 0x9b, 0xc0, 0x48, 0xc0, 0x9b, 0xbf, 0x43, 0xbf, 0x9d,
  0xbf, 0x5d, 0x4f, 0x91, 0x2e, 0x7e, 0x30, 0x7f, 0x2c, 0x7e, 0x29, 0x7f,
  0x27, 0x81, 0x26, 0x7d, 0x25, 0x83, 0x24, 0x7c, 0x24, 0x84, 0x23, 0x7b,
  0x23, 0x85, 0x23, 0x7a, 0x22, 0x86, 0x23, 0x7a, 0x23, 0x87, 0x28, 0x79,
  0x2b, 0x89, 0x2a, 0x76, 0x29, 0x87, 0x25, 0x78, 0x25, 0x86, 0x25, 0x7a,
  0x24, 0x86, 0x25, 0x79, 0x25, 0x87, 0x26, 0x79, 0x27, 0x87, 0x27, 0x79,
  0x27, 0x87, 0x27, 0x79, 0x27, 0x88, 0x2b, 0x78, 0x30, 0x8a, 0x30, 0x74,
  0x30, 0x8a, 0x2f, 0x75, 0x2a, 0x88, 0x29, 0x78, 0x2a, 0x88, 0x2b, 0x78,
  0x2b, 0x89, 0x2c, 0x77, 0x2d, 0x89, 0x2d, 0x76, 0x2c, 0x89, 0x2c, 0x76,
  0x2d, 0x89, 0x2d, 0x75, 0x2d, 0x89, 0x2f, 0x76, 0x26, 0x8b, 0x4f, 0x71,
  0xba, 0x98, 0x95, 0x5d, 0x77, 0x97, 0x5e, 0x69, 0x4f, 0x8b, 0x47, 0x75,
  0x46, 0x88, 0x49, 0x78, 0x3d, 0x86, 0x71, 0x79, 0xa4, 0x83, 0x81, 0x7c,
  0x69, 0x82, 0xaa, 0x7c, 0xe1, 0x7f, 0xd7, 0x7e, 0xdc, 0x7f, 0xe0, 0x7e,
  0xd4, 0x82, 0x99, 0x7d, 0x56, 0x87, 0x57, 0x78, 0x5e, 0x87, 0x5f, 0x79,
  0x62, 0x86, 0x64, 0x79, 0x65, 0x87, 0x66, 0x78, 0x57, 0x83, 0xb6, 0x7b,
  0xe7, 0x7e, 0xdd, 0x7f, 0xdf, 0x7f, 0xdd, 0x7e, 0xdc, 0x7e, 0xdb, 0x7e,
  0xdc, 0x7f, 0xdd, 0x7e, 0xde, 0x7e, 0xdf, 0x7e, 0xbe, 0x81, 0x5a, 0x7d,
  0x23, 0x82, 0xa3, 0x7b, 0xe0, 0x83, 0x66, 0x7b, 0x46, 0x8c, 0x4e, 0x75,
  0x2a, 0x84, 0x29, 0x7a, 0x3f, 0x86, 0x50, 0x7a, 0x5a, 0x87, 0x55, 0x79,
  0x53, 0x8a, 0x57, 0x77, 0x82, 0x94, 0x9b, 0x68, 0x3d, 0x8b, 0x24, 0x74,
  0x31, 0x89, 0x2d, 0x77, 0x2c, 0x89, 0x2c, 0x77, 0x2b, 0x88, 0x2b, 0x77,
  0x2d, 0x89, 0x2d, 0x77, 0x2a, 0x87, 0x2a, 0x78, 0x29, 0x87, 0x28, 0x79,
  0x29, 0x88, 0x2d, 0x78, 0x30, 0x8a, 0x30, 0x76, 0x30, 0x88, 0x29, 0x77,
  0x27, 0x87, 0x26, 0x79, 0x26, 0x87, 0x26, 0x79, 0x25, 0x86, 0x25, 0x79,
  0x25, 0x86, 0x25, 0x7a, 0x25, 0x86, 0x25, 0x7a, 0x25, 0x86, 0x25, 0x7a,
  0x24, 0x86, 0x24, 0x7a, 0x23, 0x86, 0x23, 0x7a, 0x23, 0x86, 0x23, 0x7a,
  0x24, 0x85, 0x24, 0x7a, 0x24, 0x84, 0x25, 0x7b, 0x25, 0x83, 0x26, 0x7c,
  0x28, 0x81, 0x29, 0x7e, 0x2b, 0x7e, 0x2e, 0x80, 0x2f, 0x77, 0x37, 0x84,
  0xac, 0x4c, 0xc4, 0x99, 0xc0, 0x46, 0xc0, 0x9c, 0xc0, 0x48, 0xc1, 0x9b,
  0xc0, 0x47, 0xc0, 0x9b, 0xc1, 0x47, 0xc1, 0x9b, 0xc0, 0x47, 0xc0, 0x9b,
  0xc0, 0x48, 0xc0, 0x9b, 0xc0, 0x47, 0xc0, 0x9b, 0xbe, 0x46, 0xc8, 0x9b,
  0x6c, 0x6d, 0x2a, 0x89, 0x32, 0x7d, 0x2c, 0x81, 0x29, 0x7e, 0x26, 0x7f,
  0x24, 0x81, 0x23, 0x7d, 0x22, 0x82, 0x21, 0x7c, 0x20, 0x84, 0x1f, 0x7b,
  0x1f, 0x84, 0x1f, 0x7b, 0x1f, 0x84, 0x1f, 0x7b, 0x1f, 0x84, 0x1f, 0x7b,
  0x1f, 0x84, 0x1f, 0x7a, 0x1e, 0x84, 0x1f, 0x7a, 0x1f, 0x84, 0x1e, 0x7a,
  0x1e, 0x84, 0x1f, 0x7a, 0x1f, 0x84, 0x1e, 0x7a, 0x1e, 0x84, 0x1e, 0x7b,
  0x1f, 0x84, 0x1e, 0x7a, 0x1e, 0x84, 0x1f, 0x7a, 0x1f, 0x84, 0x1f, 0x7a,
  0x1f, 0x84, 0x1f, 0x7a, 0x1e, 0x84, 0x1f, 0x7b, 0x1e, 0x84, 0x1e, 0x7b,
  0x1e, 0x84, 0x1e, 0x7b, 0x1e, 0x84, 0x1e, 0x7b, 0x1e, 0x84, 0x1e, 0x7b,
  0x1e, 0x84, 0x1e, 0x7a, 0x1e, 0x84, 0x1e, 0x7a, 0x1e, 0x84, 0x1e, 0x7b,
  0x1e, 0x84, 0x1e, 0x7a, 0x1e, 0x84, 0x1e, 0x7b, 0x1e, 0x84, 0x1d, 0x7b,
  0x1e, 0x84, 0x1e, 0x7b, 0x1d, 0x84, 0x1d, 0x7a, 0x1d, 0x84, 0x1e, 0x7b,
  0x1d, 0x84, 0x1d, 0x7b, 0x1d, 0x84, 0x1e, 0x7b, 0x1e, 0x84, 0x1d, 0x7a,
  0x1e, 0x84, 0x1e, 0x7a, 0x1e, 0x84, 0x1e, 0x7a, 0x1e, 0x84, 0x1e, 0x7b,
  0x1e, 0x84, 0x1e, 0x7b, 0x1e, 0x84, 0x1e, 0x7a, 0x1e, 0x84, 0x1e, 0x7b,
  0x1e, 0x85, 0x1e, 0x7a, 0x1e, 0x84, 0x1e, 0x7a, 0x1e, 0x84, 0x1e, 0x7a,
  0x1e, 0x85, 0x1e, 0x7a, 0x1e, 0x84, 0x1f, 0x7a, 0x1f, 0x84, 0x1e, 0x7a,
  0x1f, 0x84, 0x1e, 0x7a, 0x1e, 0x84, 0x1e, 0x7a, 0x1f, 0x84, 0x1f, 0x7b,
  0x1f, 0x84, 0x1f, 0x7b, 0x1f, 0x84, 0x20, 0x7b, 0x20, 0x84, 0x20, 0x7c,
  0x21, 0x83, 0x22, 0x7c, 0x23, 0x81, 0x24, 0x7d, 0x25, 0x7f, 0x27, 0x7f,
  0x2a, 0x7e, 0x30, 0x80, 0x29, 0x6b, 0x7d, 0x8a, 0xc8, 0x44, 0xbc, 0x9d,
  0xbf, 0x47, 0xbf, 0x9b, 0xbf, 0x47, 0xc0, 0x9c, 0xc0, 0x47, 0xbf, 0x9b,
  0xc0, 0x47, 0xc0, 0x9c, 0xc0, 0x47, 0xc0, 0x9c, 0xc0, 0x47, 0xc0, 0x9b,
  0xc0, 0x48, 0xc0, 0x9b, 0xc0, 0x48, 0xc0, 0x9b, 0xc0, 0x48, 0xc0, 0x9b,
  0xc0, 0x45, 0xbd, 0x9d, 0xc8, 0x57, 0x6f, 0x95, 0x2c, 0x7d, 0x33, 0x81,
  0x2d, 0x7e, 0x2a, 0x80, 0x28, 0x81, 0x26, 0x7e, 0x25, 0x83, 0x25, 0x7c,
  0x24, 0x84, 0x23, 0x7b, 0x23, 0x85, 0x23, 0x7a, 0x23, 0x86, 0x23, 0x79,
  0x27, 0x89, 0x2a, 0x77, 0x2a, 0x89, 0x29, 0x76, 0x25, 0x86, 0x25, 0x79,
  0x25, 0x86, 0x25, 0x79, 0x25, 0x87, 0x25, 0x79, 0x27, 0x87, 0x27, 0x78,
  0x27, 0x87, 0x27, 0x78, 0x27, 0x87, 0x27, 0x79, 0x2c, 0x8a, 0x30, 0x76,
  0x31, 0x8b, 0x31, 0x74, 0x2e, 0x8a, 0x2a, 0x76, 0x29, 0x88, 0x2a, 0x78,
  0x2a, 0x89, 0x2b, 0x77, 0x2c, 0x89, 0x2c, 0x76, 0x2d, 0x8a, 0x2d, 0x76,
  0x2d, 0x8a, 0x2e, 0x75, 0x2e, 0x8a, 0x2e, 0x75, 0x2e, 0x8a, 0x30, 0x77,
  0x24, 0x8d, 0x81, 0x6c, 0xb2, 0x9a, 0x85, 0x5e, 0x6a, 0x94, 0x54, 0x6d,
  0x48, 0x8a, 0x43, 0x76, 0x46, 0x87, 0x3c, 0x78, 0x88, 0x83, 0xa1, 0x7b,
  0x48, 0x85, 0x3b, 0x7a, 0x3e, 0x85, 0x40, 0x7b, 0xc2, 0x80, 0xd8, 0x7e,
  0xd5, 0x80, 0xd5, 0x7e, 0xd9, 0x7f, 0xe3, 0x7e, 0xba, 0x83, 0x5a, 0x7b,
  0x54, 0x87, 0x5e, 0x78, 0x5e, 0x87, 0x5f, 0x78, 0x62, 0x87, 0x5b, 0x78,
  0x76, 0x82, 0xe0, 0x7c, 0xde, 0x7e, 0xde, 0x7f, 0xde, 0x7f, 0xdd, 0x7e,
  0xdc, 0x7f, 0xdb, 0x7e, 0xda, 0x7f, 0xd9, 0x7e, 0xd9, 0x7f, 0xd8, 0x7e,
  0xde, 0x7f, 0xd1, 0x7e, 0x63, 0x81, 0x9c, 0x7d, 0xe2, 0x81, 0xb9, 0x7d,
  0x4a, 0x88, 0x48, 0x78, 0x2f, 0x84, 0x24, 0x7b, 0x39, 0x85, 0x48, 0x7a,
  0x59, 0x87, 0x57, 0x79, 0x55, 0x87, 0x55, 0x79, 0x59, 0x91, 0x83, 0x6f,
  0xa2, 0x91, 0x4f, 0x6a, 0x23, 0x89, 0x2f, 0x77, 0x2e, 0x8a, 0x2c, 0x76,
  0x2c, 0x89, 0x2b, 0x77, 0x2b, 0x89, 0x2d, 0x77, 0x2c, 0x89, 0x2b, 0x77,
  0x2a, 0x87, 0x29, 0x78, 0x29, 0x87, 0x29, 0x78, 0x2e, 0x8a, 0x31, 0x76,
  0x30, 0x8a, 0x30, 0x76, 0x28, 0x87, 0x26, 0x79, 0x26, 0x86, 0x26, 0x7a,
  0x26, 0x86, 0x26, 0x7a, 0x26, 0x86, 0x26, 0x79, 0x26, 0x86, 0x26, 0x7a,
  0x25, 0x86, 0x25, 0x7a, 0x25, 0x86, 0x25, 0x7a, 0x24, 0x86, 0x24, 0x7a,
  0x24, 0x86, 0x24, 0x7a, 0x24, 0x85, 0x24, 0x7a, 0x25, 0x84, 0x25, 0x7b,
  0x26, 0x82, 0x26, 0x7c, 0x28, 0x81, 0x29, 0x7e, 0x2a, 0x7f, 0x2f, 0x80,
  0x2e, 0x75, 0x45, 0x85, 0xba, 0x4b, 0xc2, 0x99, 0xc0, 0x47, 0xc0, 0x9c,
  0xc0, 0x48, 0xc0, 0x9b, 0xc0, 0x48, 0xc0, 0x9b, 0xc0, 0x48, 0xc0, 0x9b,
  0xc0, 0x48, 0xc0, 0x9b, 0xc0, 0x48, 0xc0, 0x9b, 0xc0, 0x46, 0xbf, 0x9b,
  0xc1, 0x4a, 0xb8, 0x9a, 0x42, 0x74, 0x2f, 0x86, 0x2f, 0x7d, 0x2b, 0x81,
  0x28, 0x7f, 0x26, 0x7f, 0x24, 0x81, 0x23, 0x7d, 0x22, 0x83, 0x21, 0x7c,
  0x20, 0x84, 0x1f, 0x7c, 0x1f, 0x84, 0x1f, 0x7b, 0x1f, 0x85, 0x1f, 0x7b,
  0x1f, 0x85, 0x1f, 0x7b, 0x1f, 0x84, 0x1e, 0x7a, 0x1f, 0x85, 0x1e, 0x7a,
  0x1e, 0x85, 0x1e, 0x7a, 0x1e, 0x84, 0x1e, 0x7a, 0x1e, 0x85, 0x1e, 0x7a,
  0x1e, 0x85, 0x1f, 0x7a, 0x1e, 0x85, 0x1e, 0x7a, 0x1e, 0x85, 0x1e, 0x7a,
  0x1e, 0x85, 0x1e, 0x7b, 0x1e, 0x85, 0x1e, 0x7a, 0x1e, 0x85, 0x1e, 0x7a,
  0x1e, 0x85, 0x1e, 0x7a, 0x1e, 0x84, 0x1e, 0x7a, 0x1e, 0x84, 0x1e, 0x7a,
  0x1e, 0x84, 0x1e, 0x7a, 0x1e, 0x84, 0x1e, 0x7b, 0x1e, 0x84, 0x1e, 0x7b,
  0x1e, 0x84, 0x1e, 0x7a, 0x1e, 0x84, 0x1e, 0x7b, 0x1e, 0x84, 0x1e, 0x7b,
  0x1e, 0x84, 0x1d, 0x7a, 0x1e, 0x84, 0x1d, 0x7b, 0x1d, 0x84, 0x1d, 0x7a,
  0x1d, 0x84, 0x1d, 0x7b, 0x1d, 0x84, 0x1d, 0x7a, 0x1e, 0x84, 0x1d, 0x7b,
  0x1d, 0x84, 0x1e, 0x7a, 0x1d, 0x84, 0x1d, 0x7a, 0x1d, 0x84, 0x1e, 0x7a,
  0x1e, 0x84, 0x1e, 0x7a, 0x1e, 0x84, 0x1e, 0x7b, 0x1e, 0x84, 0x1e, 0x7a,
  0x1e, 0x84, 0x1e, 0x7a, 0x1e, 0x84, 0x1e, 0x7b, 0x1e, 0x84, 0x1f, 0x7a,
  0x1f, 0x84, 0x1f, 0x7a, 0x1f, 0x84, 0x1e, 0x7a, 0x1e, 0x84, 0x1f, 0x7b,
  0x1e, 0x84, 0x1e, 0x7b, 0x1f, 0x84, 0x1e, 0x7a, 0x1e, 0x84, 0x1f, 0x7a,
  0x1f, 0x84, 0x1f, 0x7a, 0x1f, 0x84, 0x1f, 0x7a, 0x1f, 0x84, 0x20, 0x7a,
  0x20, 0x84, 0x20, 0x7b, 0x21, 0x83, 0x22, 0x7c, 0x22, 0x82, 0x23, 0x7d,
  0x25, 0x7f, 0x27, 0x7f, 0x2a, 0x7d, 0x2e, 0x80, 0x2e, 0x74, 0x45, 0x86,
  0xb9, 0x49, 0xc0, 0x9a, 0xbf, 0x46, 0xc0, 0x9c, 0xc0, 0x47, 0xc0, 0x9b,
  0xc0, 0x47, 0xc0, 0x9b, 0xc0, 0x47, 0xc0, 0x9b, 0xc1, 0x47, 0xc0, 0x9b,
  0xc0, 0x47, 0xc0, 0x9b, 0xc0, 0x47, 0xc0, 0x9b, 0xc1, 0x47, 0xc0, 0x9b,
  0xc0, 0x48, 0xc0, 0x9b, 0xc1, 0x45, 0xbe, 0x9c, 0xc7, 0x50, 0x93, 0x97,
  0x2e, 0x7b, 0x33, 0x82, 0x2e, 0x7e, 0x2b, 0x80, 0x29, 0x81, 0x27, 0x7e,
  0x26, 0x83, 0x25, 0x7c, 0x24, 0x84, 0x24, 0x7b, 0x23, 0x85, 0x23, 0x7a,
  0x23, 0x86, 0x26, 0x79, 0x2b, 0x89, 0x29, 0x76, 0x2a, 0x88, 0x26, 0x77,
  0x24, 0x86, 0x24, 0x7a, 0x25, 0x86, 0x25, 0x79, 0x26, 0x87, 0x27, 0x78,
  0x28, 0x87, 0x27, 0x78, 0x27, 0x87, 0x27, 0x79, 0x27, 0x88, 0x2c, 0x78,
  0x31, 0x8b, 0x31, 0x74, 0x31, 0x8a, 0x2f, 0x75, 0x2a, 0x88, 0x2a, 0x77,
  0x2a, 0x88, 0x2b, 0x77, 0x2b, 0x89, 0x2c, 0x76, 0x2d, 0x89, 0x2d, 0x76,
  0x2d, 0x89, 0x2d, 0x76, 0x2e, 0x8a, 0x2e, 0x75, 0x2e, 0x8a, 0x2f, 0x74,
  0x2f, 0x89, 0x2e, 0x76, 0x35, 0x8f, 0xa9, 0x68, 0x9f, 0x9a, 0x7b, 0x60,
  0x60, 0x91, 0x4d, 0x70, 0x43, 0x88, 0x44, 0x76, 0x38, 0x85, 0x7e, 0x79,
  0xa7, 0x84, 0x3c, 0x7a, 0x42, 0x85, 0x35, 0x7a, 0x27, 0x83, 0x45, 0x7b,
  0xc0, 0x80, 0xda, 0x7e, 0xd6, 0x7f, 0xd7, 0x7e, 0xd7, 0x7f, 0xd5, 0x7e,
  0xe2, 0x80, 0xc3, 0x7d, 0x59, 0x86, 0x54, 0x79, 0x5a, 0x87, 0x5b, 0x79,
  0x5e, 0x87, 0x51, 0x78, 0x9f, 0x81, 0xe7, 0x7d, 0xdb, 0x7e, 0xdd, 0x7f,
  0xdd, 0x7f, 0xdb, 0x7e, 0xdb, 0x7f, 0xda, 0x7e, 0xda, 0x7f, 0xda, 0x7e,
  0xda, 0x7f, 0xd9, 0x7e, 0xd7, 0x7f, 0xd8, 0x7e, 0xd7, 0x7f, 0xd6, 0x7e,
  0xd5, 0x7f, 0xe1, 0x7e, 0x83, 0x85, 0x3c, 0x79, 0x34, 0x84, 0x20, 0x7a,
  0x32, 0x85, 0x41, 0x7a, 0x54, 0x87, 0x5a, 0x79, 0x57, 0x87, 0x57, 0x79,
  0x56, 0x8a, 0x5a, 0x77, 0x7f, 0x94, 0xa9, 0x69, 0x6b, 0x8d, 0x27, 0x70,
  0x2a, 0x89, 0x30, 0x76, 0x2c, 0x89, 0x2c, 0x76, 0x2b, 0x88, 0x2b, 0x77,
  0x2c, 0x89, 0x2d, 0x76, 0x2b, 0x88, 0x2a, 0x78, 0x29, 0x87, 0x2a, 0x79,
  0x2a, 0x88, 0x2f, 0x77, 0x31, 0x8a, 0x30, 0x75, 0x2e, 0x88, 0x27, 0x78,
  0x26, 0x87, 0x26, 0x7a, 0x26, 0x87, 0x26, 0x79, 0x25, 0x87, 0x26, 0x79,
  0x25, 0x86, 0x26, 0x79, 0x25, 0x86, 0x25, 0x7a, 0x25, 0x86, 0x24, 0x7a,
  0x24, 0x86, 0x24, 0x7a, 0x24, 0x86, 0x24, 0x7a, 0x24, 0x85, 0x24, 0x7a,
  0x24, 0x84, 0x25, 0x7b, 0x25, 0x83, 0x26, 0x7c, 0x28, 0x81, 0x29, 0x7e,
  0x2c, 0x7f, 0x30, 0x7f, 0x2c, 0x72, 0x57, 0x86, 0xc4, 0x48, 0xc0, 0x9a,
  0xc1, 0x47, 0xc0, 0x9b, 0xc1, 0x48, 0xc0, 0x9b, 0xc0, 0x47, 0xc0, 0x9b,
  0xc0, 0x47, 0xc0, 0x9b, 0xc0, 0x47, 0xc0, 0x9b, 0xc0, 0x48, 0xc0, 0x9b,
  0xc0, 0x45, 0xbe, 0x9c, 0xc7, 0x4f, 0x94, 0x97, 0x2d, 0x78, 0x32, 0x84,
  0x2e, 0x7c, 0x2b, 0x81, 0x28, 0x7f, 0x26, 0x7e, 0x24, 0x82, 0x23, 0x7d,
  0x22, 0x83, 0x21, 0x7c, 0x21, 0x83, 0x20, 0x7b, 0x20, 0x84, 0x1f, 0x7b,
  0x1f, 0x85, 0x1f, 0x7a, 0x1f, 0x84, 0x1e, 0x7a, 0x1f, 0x85, 0x1f, 0x7a,
  0x1f, 0x84, 0x1f, 0x7a, 0x1e, 0x84, 0x1f, 0x7a, 0x1f, 0x84, 0x1e, 0x7a,
  0x1e, 0x85, 0x1f, 0x7b, 0x1f, 0x85, 0x1e, 0x7a, 0x1f, 0x84, 0x1e, 0x7a,
  0x1f, 0x85, 0x1e, 0x7a, 0x1e, 0x84, 0x1f, 0x7a, 0x1f, 0x84, 0x1e, 0x7a,
  0x1e, 0x84, 0x1f, 0x7a, 0x1e, 0x84, 0x1e, 0x7a, 0x1e, 0x84, 0x1e, 0x7a,
  0x1e, 0x84, 0x1e, 0x7a, 0x1e, 0x84, 0x1e, 0x7a, 0x1e, 0x85, 0x1e, 0x7a,
  0x1e, 0x84, 0x1e, 0x7b, 0x1e, 0x84, 0x1e, 0x7a, 0x1e, 0x84, 0x1e, 0x7a,
  0x1e, 0x84, 0x1e, 0x7a, 0x1e, 0x84, 0x1d, 0x7a, 0x1d, 0x84, 0x1e, 0x7a,
  0x1d, 0x84, 0x1d, 0x7b, 0x1d, 0x84, 0x1d, 0x7b, 0x1d, 0x84, 0x1d, 0x7b,
  0x1e, 0x84, 0x1e, 0x7b, 0x1d, 0x84, 0x1e, 0x7b, 0x1e, 0x84, 0x1e, 0x7b,
  0x1e, 0x84, 0x1e, 0x7b, 0x1e, 0x84, 0x1e, 0x7b, 0x1e, 0x84, 0x1e, 0x7b,
  0x1e, 0x84, 0x1e, 0x7b, 0x1e, 0x84, 0x1e, 0x7b, 0x1e, 0x84, 0x1e, 0x7b,
  0x1e, 0x84, 0x1e, 0x7b, 0x1e, 0x84, 0x1e, 0x7b, 0x1e, 0x84, 0x1e, 0x7a,
  0x1f, 0x84, 0x1e, 0x7b, 0x1e, 0x84, 0x1e, 0x7b, 0x1e, 0x84, 0x1e, 0x7a,
  0x1e, 0x84, 0x1e, 0x7a, 0x1f, 0x84, 0x1e, 0x7a, 0x1f, 0x84, 0x1f, 0x7b,
  0x1f, 0x84, 0x20, 0x7b, 0x20, 0x84, 0x20, 0x7b, 0x20, 0x83, 0x21, 0x7c,
  0x22, 0x81, 0x23, 0x7d, 0x25, 0x80, 0x27, 0x7e, 0x29, 0x7d, 0x2c, 0x80,
  0x32, 0x7a, 0x2c, 0x83, 0x85, 0x51, 0xc8, 0x97, 0xbd, 0x44, 0xbf, 0x9d,
  0xc0, 0x47, 0xc0, 0x9b, 0xc0, 0x47, 0xc0, 0x9b, 0xc0, 0x47, 0xc0, 0x9b,
  0xc0, 0x47, 0xc0, 0x9b, 0xc0, 0x47, 0xc0, 0x9c, 0xc0, 0x47, 0xc0, 0x9b,
  0xc0, 0x47, 0xc0, 0x9b, 0xc0, 0x48, 0xc0, 0x9b, 0xc0, 0x46, 0xc0, 0x9c,
  0xc3, 0x4c, 0xb2, 0x99, 0x3d, 0x77, 0x31, 0x84, 0x2f, 0x7e, 0x2c, 0x80,
  0x2a, 0x80, 0x28, 0x7e, 0x27, 0x83, 0x26, 0x7c, 0x25, 0x84, 0x24, 0x7b,
  0x24, 0x85, 0x23, 0x7b, 0x24, 0x87, 0x2a, 0x78, 0x2b, 0x89, 0x2b, 0x76,
  0x27, 0x87, 0x24, 0x78, 0x24, 0x86, 0x25, 0x7a, 0x26, 0x87, 0x26, 0x79,
  0x28, 0x87, 0x29, 0x78, 0x27, 0x87, 0x28, 0x79, 0x27, 0x87, 0x27, 0x79,
  0x2b, 0x8a, 0x31, 0x76, 0x31, 0x8b, 0x31, 0x74, 0x2f, 0x89, 0x2a, 0x77,
  0x2a, 0x88, 0x2a, 0x78, 0x2b, 0x89, 0x2c, 0x77, 0x2c, 0x89, 0x2d, 0x76,
  0x2d, 0x89, 0x2d, 0x76, 0x2d, 0x89, 0x2e, 0x76, 0x2f, 0x8a, 0x2f, 0x75,
  0x2f, 0x8b, 0x30, 0x74, 0x32, 0x8a, 0x28, 0x76, 0x55, 0x92, 0xb7, 0x64,
  0x8f, 0x9a, 0x71, 0x62, 0x57, 0x8f, 0x48, 0x72, 0x43, 0x88, 0x3b, 0x78,
  0x5b, 0x84, 0xc6, 0x7a, 0x4e, 0x85, 0x38, 0x7a, 0x2a, 0x83, 0x3e, 0x7b,
  0x86, 0x81, 0xbf, 0x7e, 0xd3, 0x80, 0xd3, 0x7e, 0xd5, 0x7f, 0xd6, 0x7e,
  0xd6, 0x7f, 0xd7, 0x7e, 0xd5, 0x7e, 0xe2, 0x7e, 0xb4, 0x84, 0x4b, 0x7b,
  0x56, 0x87, 0x5a, 0x78, 0x5b, 0x86, 0x58, 0x79, 0xc2, 0x7f, 0xe1, 0x7e,
  0xdb, 0x7e, 0xdc, 0x7f, 0xdb, 0x7f, 0xda, 0x7e, 0xda, 0x7f, 0xda, 0x7e,
  0xd9, 0x7f, 0xda, 0x7e, 0xd9, 0x7f, 0xd9, 0x7e, 0xd9, 0x7f, 0xd9, 0x7e,
  0xd8, 0x7f, 0xd8, 0x7e, 0xd7, 0x7f, 0xda, 0x7e, 0xbf, 0x83, 0x42, 0x7b,
  0x33, 0x84, 0x1d, 0x7b, 0x2b, 0x85, 0x3a, 0x7b, 0x4b, 0x86, 0x58, 0x79,
  0x59, 0x87, 0x57, 0x79, 0x57, 0x87, 0x56, 0x79, 0x59, 0x8f, 0x70, 0x72,
  0xa3, 0x93, 0x8d, 0x68, 0x38, 0x8a, 0x25, 0x74, 0x2f, 0x8a, 0x2c, 0x76,
  0x2c, 0x89, 0x2b, 0x77, 0x2b, 0x89, 0x2d, 0x77, 0x2e, 0x89, 0x2a, 0x77,
  0x29, 0x87, 0x2a, 0x78, 0x2a, 0x87, 0x2a, 0x78, 0x2f, 0x89, 0x30, 0x76,
  0x30, 0x89, 0x2e, 0x76, 0x27, 0x87, 0x27, 0x78, 0x26, 0x87, 0x26, 0x79,
  0x26, 0x86, 0x26, 0x79, 0x25, 0x86, 0x26, 0x7a, 0x26, 0x86, 0x25, 0x7a,
  0x25, 0x86, 0x25, 0x7a, 0x25, 0x86, 0x24, 0x7a, 0x24, 0x86, 0x24, 0x7a,
  0x24, 0x85, 0x24, 0x7b, 0x25, 0x84, 0x25, 0x7b, 0x26, 0x83, 0x27, 0x7c,
  0x28, 0x80, 0x2a, 0x7e, 0x2c, 0x7f, 0x32, 0x7f, 0x2b, 0x6e, 0x6e, 0x88,
  0xc9, 0x46, 0xbe, 0x9c, 0xc1, 0x47, 0xc1, 0x9b, 0xc1, 0x48, 0xc0, 0x9b,
  0xc0, 0x48, 0xc0, 0x9b, 0xc0, 0x47, 0xc0, 0x9b, 0xc0, 0x47, 0xc0, 0x9b,
  0xc0, 0x48, 0xc0, 0x9b, 0xc0, 0x44, 0xbe, 0x9d, 0xc7, 0x57, 0x65, 0x94,
  0x2b, 0x7b, 0x31, 0x82, 0x2c, 0x7c, 0x2a, 0x81, 0x27, 0x80, 0x26, 0x7f,
  0x24, 0x81, 0x23, 0x7d, 0x22, 0x83, 0x21, 0x7c, 0x21, 0x84, 0x20, 0x7b,
  0x1f, 0x84, 0x1f, 0x7b, 0x1f, 0x84, 0x1f, 0x7b, 0x1f, 0x84, 0x1f, 0x7a,
  0x1e, 0x84, 0x1f, 0x7b, 0x1e, 0x84, 0x1e, 0x7b, 0x1e, 0x84, 0x1e, 0x7b,
  0x1f, 0x85, 0x1e, 0x7b, 0x1e, 0x85, 0x1e, 0x7a, 0x1e, 0x85, 0x1e, 0x7b,
  0x1e, 0x84, 0x1e, 0x7b, 0x1e, 0x85, 0x1e, 0x7a, 0x1e, 0x84, 0x1e, 0x7b,
  0x1e, 0x84, 0x1f, 0x7b, 0x1e, 0x84, 0x1e, 0x7b, 0x1e, 0x84, 0x1e, 0x7b,
  0x1e, 0x84, 0x1e, 0x7b, 0x1f, 0x84, 0x1e, 0x7b, 0x1e, 0x84, 0x1e, 0x7b,
  0x1e, 0x84, 0x1e, 0x7a, 0x1e, 0x84, 0x1e, 0x7b, 0x1e, 0x84, 0x1e, 0x7b,
  0x1e, 0x84, 0x1e, 0x7b, 0x1e, 0x84, 0x1e, 0x7b, 0x1d, 0x84, 0x1d, 0x7a,
  0x1d, 0x84, 0x1e, 0x7b, 0x1d, 0x84, 0x1e, 0x7b, 0x1e, 0x84, 0x1d, 0x7b,
  0x1e, 0x84, 0x1e, 0x7b, 0x1d, 0x84, 0x1d, 0x7b, 0x1e, 0x84, 0x1e, 0x7b,
  0x1e, 0x84, 0x1e, 0x7b, 0x1e, 0x84, 0x1e, 0x7a, 0x1d, 0x85, 0x1e, 0x7b,
  0x1e, 0x84, 0x1e, 0x7b, 0x1e, 0x84, 0x1e, 0x7b, 0x1e, 0x84, 0x1e, 0x7b,
  0x1f, 0x84, 0x1f, 0x7b, 0x1e, 0x84, 0x1e, 0x7a, 0x1f, 0x84, 0x1e, 0x7a,
  0x1f, 0x85, 0x1f, 0x7a, 0x1f, 0x85, 0x1f, 0x7b, 0x1e, 0x84, 0x1f, 0x7b,
  0x1f, 0x84, 0x1f, 0x7b, 0x1f, 0x84, 0x1f, 0x7a, 0x1f, 0x85, 0x1f, 0x7b,
  0x1f, 0x84, 0x1f, 0x7b, 0x20, 0x84, 0x20, 0x7b, 0x20, 0x84, 0x20, 0x7b,
  0x21, 0x83, 0x21, 0x7b, 0x22, 0x82, 0x23, 0x7d, 0x24, 0x80, 0x26, 0x7e,
  0x28, 0x7d, 0x2b, 0x80, 0x30, 0x7d, 0x2f, 0x81, 0x49, 0x5c, 0xbb, 0x92,
  0xbf, 0x42, 0xbf, 0x9d, 0xbf, 0x47, 0xbf, 0x9b, 0xc0, 0x47, 0xc0, 0x9b,
  0xc0, 0x47, 0xc0, 0x9b, 0xc0, 0x47, 0xc0, 0x9b, 0xc0, 0x47, 0xc0, 0x9b,
  0xc0, 0x47, 0xc0, 0x9b, 0xc0, 0x47, 0xc0, 0x9b, 0xc0, 0x47, 0xc0, 0x9b,
  0xc0, 0x47, 0xc0, 0x9b, 0xc0, 0x48, 0xc5, 0x9b, 0x57, 0x72, 0x2d, 0x86,
  0x31, 0x7f, 0x2c, 0x80, 0x2a, 0x80, 0x29, 0x7f, 0x27, 0x83, 0x26, 0x7c,
  0x25, 0x84, 0x24, 0x7b, 0x24, 0x85, 0x24, 0x7b, 0x28, 0x88, 0x2b, 0x77,
  0x2b, 0x88, 0x29, 0x77, 0x25, 0x86, 0x24, 0x7a, 0x25, 0x86, 0x25, 0x7a,
  0x26, 0x87, 0x26, 0x79, 0x28, 0x87, 0x28, 0x78, 0x27, 0x86, 0x27, 0x79,
  0x27, 0x88, 0x2a, 0x78, 0x31, 0x8b, 0x31, 0x74, 0x32, 0x8a, 0x2f, 0x75,
  0x2a, 0x88, 0x2a, 0x78, 0x2b, 0x88, 0x2b, 0x77, 0x2c, 0x89, 0x2d, 0x76,
  0x2d, 0x89, 0x2d, 0x76, 0x2d, 0x89, 0x2e, 0x76, 0x2e, 0x8a, 0x2f, 0x75,
  0x30, 0x8b, 0x30, 0x75, 0x30, 0x8b, 0x31, 0x74, 0x33, 0x8b, 0x27, 0x74,
  0x7c, 0x94, 0xb4, 0x61, 0x85, 0x9a, 0x69, 0x65, 0x50, 0x8d, 0x44, 0x74,
  0x40, 0x87, 0x3a, 0x78, 0xaf, 0x84, 0x9b, 0x7b, 0x2f, 0x85, 0x29, 0x7a,
  0x57, 0x81, 0xb3, 0x7d, 0xd0, 0x80, 0xd0, 0x7d, 0xd1, 0x7f, 0xd3, 0x7e,
  0xd4, 0x7f, 0xd4, 0x7e, 0xd5, 0x7f, 0xd6, 0x7e, 0xd7, 0x7f, 0xd5, 0x7f,
  0xe5, 0x81, 0x97, 0x7d, 0x49, 0x87, 0x58, 0x78, 0x50, 0x86, 0x64, 0x79,
  0xd9, 0x7f, 0xdd, 0x7e, 0xdb, 0x7f, 0xdb, 0x7e, 0xda, 0x7f, 0xd9, 0x7e,
  0xd9, 0x7f, 0xd8, 0x7e, 0xd6, 0x7f, 0xd7, 0x7e, 0xd9, 0x7e, 0xd8, 0x7e,
  0xd8, 0x7f, 0xd8, 0x7e, 0xd8, 0x7f, 0xd8, 0x7e, 0xd7, 0x7f, 0xd2, 0x7f,
  0xd9, 0x82, 0x72, 0x7d, 0x2f, 0x84, 0x21, 0x7b, 0x23, 0x84, 0x34, 0x7b,
  0x41, 0x86, 0x52, 0x79, 0x5a, 0x86, 0x5a, 0x79, 0x59, 0x87, 0x58, 0x79,
  0x57, 0x89, 0x5a, 0x78, 0x67, 0x92, 0x94, 0x6d, 0xa4, 0x90, 0x55, 0x6a,
  0x22, 0x89, 0x2d, 0x76, 0x2d, 0x89, 0x2b, 0x76, 0x2b, 0x88, 0x2c, 0x77,
  0x2e, 0x89, 0x2d, 0x76, 0x2b, 0x88, 0x2a, 0x77, 0x2a, 0x87, 0x2a, 0x79,
  0x2a, 0x88, 0x2f, 0x78, 0x31, 0x8a, 0x31, 0x75, 0x2d, 0x88, 0x27, 0x78,
  0x27, 0x86, 0x26, 0x7a, 0x26, 0x86, 0x26, 0x79, 0x25, 0x87, 0x26, 0x79,
  0x26, 0x86, 0x25, 0x7a, 0x25, 0x86, 0x25, 0x7a, 0x25, 0x86, 0x24, 0x7a,
  0x25, 0x86, 0x24, 0x7a, 0x25, 0x85, 0x25, 0x7b, 0x25, 0x84, 0x26, 0x7b,
  0x26, 0x83, 0x27, 0x7c, 0x28, 0x80, 0x2a, 0x7e, 0x2d, 0x7f, 0x33, 0x7f,
  0x2c, 0x6b, 0x85, 0x8a, 0xc9, 0x44, 0xbe, 0x9c, 0xc0, 0x47, 0xc0, 0x9b,
  0xc0, 0x48, 0xc0, 0x9b, 0xc0, 0x48, 0xc0, 0x9b, 0xc0, 0x48, 0xc0, 0x9b,
  0xc0, 0x48, 0xc0, 0x9b, 0xc0, 0x48, 0xc0, 0x9b, 0xbf, 0x43, 0xc2, 0x9c,
  0xb4, 0x5f, 0x3e, 0x90, 0x30, 0x7d, 0x2f, 0x82, 0x2b, 0x7d, 0x29, 0x80,
  0x26, 0x80, 0x25, 0x7e, 0x23, 0x82, 0x23, 0x7c, 0x21, 0x83, 0x21, 0x7b,
  0x21, 0x84, 0x20, 0x7b, 0x20, 0x84, 0x20, 0x7b, 0x20, 0x85, 0x1f, 0x7b,
  0x1f, 0x85, 0x1f, 0x7a, 0x1f, 0x85, 0x1f, 0x7a, 0x1f, 0x85, 0x1f, 0x7a,
  0x1f, 0x85, 0x1f, 0x7b, 0x1f, 0x85, 0x1f, 0x7a, 0x1f, 0x85, 0x1f, 0x7a,
  0x1f, 0x84, 0x1e, 0x7a, 0x1f, 0x85, 0x1f, 0x7a, 0x1f, 0x85, 0x1f, 0x7a,
  0x1f, 0x84, 0x1f, 0x7b, 0x1f, 0x84, 0x1f, 0x7a, 0x1f, 0x84, 0x1e, 0x7b,
  0x1e, 0x84, 0x1e, 0x7b, 0x1e, 0x84, 0x1e, 0x7b, 0x1f, 0x85, 0x1f, 0x7b,
  0x1e, 0x85, 0x1e, 0x7a, 0x1e, 0x84, 0x1e, 0x7a, 0x1e, 0x84, 0x1e, 0x7b,
  0x1e, 0x84, 0x1e, 0x7b, 0x1e, 0x84, 0x1e, 0x7b, 0x1d, 0x84, 0x1e, 0x7b,
  0x1d, 0x84, 0x1e, 0x7b, 0x1e, 0x84, 0x1e, 0x7b, 0x1d, 0x84, 0x1e, 0x7b,
  0x1d, 0x84, 0x1d, 0x7b, 0x1e, 0x84, 0x1e, 0x7b, 0x1e, 0x84, 0x1d, 0x7b,
  0x1d, 0x84, 0x1e, 0x7b, 0x1e, 0x84, 0x1e, 0x7b, 0x1e, 0x84, 0x1e, 0x7b,
  0x1e, 0x84, 0x1e, 0x7b, 0x1e, 0x84, 0x1e, 0x7a, 0x1e, 0x84, 0x1e, 0x7b,
  0x1e, 0x85, 0x1e, 0x7b, 0x1e, 0x84, 0x1e, 0x7a, 0x1f, 0x85, 0x1f, 0x7a,
  0x1e, 0x84, 0x1e, 0x7a, 0x1f, 0x84, 0x1e, 0x7a, 0x1f, 0x85, 0x1f, 0x7a,
  0x1f, 0x85, 0x1e, 0x7a, 0x1e, 0x85, 0x1e, 0x7a, 0x1e, 0x85, 0x1f, 0x7b,
  0x1f, 0x85, 0x1f, 0x7a, 0x1f, 0x84, 0x1f, 0x7b, 0x1f, 0x84, 0x20, 0x7b,
  0x20, 0x84, 0x20, 0x7b, 0x21, 0x83, 0x21, 0x7c, 0x22, 0x82, 0x23, 0x7d,
  0x24, 0x81, 0x25, 0x7e, 0x27, 0x7d, 0x2a, 0x80, 0x2d, 0x7e, 0x34, 0x80,
  0x2d, 0x68, 0x88, 0x8c, 0xc7, 0x43, 0xbd, 0x9d, 0xc0, 0x47, 0xc0, 0x9b,
  0xbf, 0x47, 0xc0, 0x9b, 0xc0, 0x47, 0xc0, 0x9b, 0xc0, 0x47, 0xc0, 0x9b,
  0xc0, 0x47, 0xc0, 0x9b, 0xc0, 0x47, 0xbf, 0x9b, 0xc0, 0x47, 0xc0, 0x9b,
  0xc0, 0x47, 0xc0, 0x9b, 0xc0, 0x47, 0xc0, 0x9b, 0xbe, 0x46, 0xc9, 0x9c,
  0x7a, 0x6d, 0x2a, 0x89, 0x33, 0x7f, 0x2d, 0x80, 0x2b, 0x80, 0x29, 0x7e,
  0x28, 0x82, 0x26, 0x7d, 0x26, 0x84, 0x25, 0x7c, 0x24, 0x86, 0x27, 0x7a,
  0x2b, 0x89, 0x2b, 0x76, 0x2c, 0x88, 0x26, 0x77, 0x25, 0x86, 0x25, 0x79,
  0x25, 0x86, 0x26, 0x79, 0x26, 0x87, 0x27, 0x78, 0x27, 0x87, 0x27, 0x78,
  0x27, 0x87, 0x27, 0x79, 0x2a, 0x89, 0x2f, 0x77, 0x30, 0x8b, 0x31, 0x74,
  0x2f, 0x89, 0x2a, 0x77, 0x2a, 0x88, 0x2b, 0x78, 0x2c, 0x89, 0x2c, 0x76,
  0x2d, 0x8a, 0x2d, 0x76, 0x2d, 0x89, 0x2d, 0x76, 0x2e, 0x8a, 0x2e, 0x75,
  0x2f, 0x8b, 0x30, 0x75, 0x31, 0x8b, 0x31, 0x74, 0x31, 0x8c, 0x32, 0x73,
  0x33, 0x8b, 0x2d, 0x72, 0x9a, 0x96, 0xa6, 0x5f, 0x7c, 0x99, 0x61, 0x67,
  0x4b, 0x8c, 0x43, 0x75, 0x37, 0x86, 0x69, 0x79, 0xd6, 0x83, 0x71, 0x7c,
  0x19, 0x83, 0x50, 0x7b, 0xc5, 0x80, 0xd1, 0x7e, 0xce, 0x80, 0xd0, 0x7d,
  0xd1, 0x80, 0xd2, 0x7e, 0xd3, 0x7f, 0xd4, 0x7e, 0xd5, 0x7f, 0xd6, 0x7e,
  0xd7, 0x7f, 0xd7, 0x7e, 0xd9, 0x7f, 0xd9, 0x7e, 0x65, 0x86, 0x4c, 0x79,
  0x4d, 0x85, 0x7a, 0x79, 0xe1, 0x7e, 0xda, 0x7e, 0xda, 0x7e, 0xda, 0x7e,
  0xd9, 0x7f, 0xd9, 0x7e, 0xd7, 0x7f, 0xd6, 0x7e, 0xe1, 0x7f, 0xdf, 0x7e,
  0xdb, 0x7f, 0xe1, 0x7e, 0xe0, 0x7f, 0xd6, 0x7e, 0xd7, 0x7f, 0xd9, 0x7e,
  0xd7, 0x7f, 0xd3, 0x7e, 0xd9, 0x81, 0xa7, 0x7d, 0x35, 0x84, 0x27, 0x7b,
  0x1d, 0x83, 0x2f, 0x7c, 0x39, 0x86, 0x47, 0x79, 0x57, 0x87, 0x5c, 0x79,
  0x5b, 0x87, 0x59, 0x79, 0x59, 0x87, 0x59, 0x79, 0x5b, 0x8b, 0x60, 0x77,
  0x81, 0x95, 0xac, 0x68, 0x77, 0x8d, 0x29, 0x6e, 0x28, 0x89, 0x2f, 0x77,
  0x2c, 0x89, 0x2c, 0x77, 0x2b, 0x89, 0x2d, 0x76, 0x2d, 0x89, 0x2a, 0x77,
  0x2a, 0x88, 0x2a, 0x79, 0x2a, 0x88, 0x2c, 0x78, 0x31, 0x8a, 0x31, 0x76,
  0x31, 0x89, 0x2b, 0x77, 0x26, 0x87, 0x26, 0x79, 0x26, 0x87, 0x26, 0x79,
  0x26, 0x87, 0x26, 0x79, 0x26, 0x87, 0x26, 0x79, 0x26, 0x86, 0x25, 0x79,
  0x25, 0x86, 0x25, 0x7a, 0x25, 0x85, 0x25, 0x7a, 0x25, 0x85, 0x25, 0x7a,
  0x26, 0x84, 0x26, 0x7b, 0x26, 0x82, 0x28, 0x7d, 0x29, 0x80, 0x2b, 0x7e,
  0x2e, 0x80, 0x33, 0x7f, 0x30, 0x67, 0x9b, 0x8c, 0xc7, 0x44, 0xbf, 0x9c,
  0xc0, 0x47, 0xc0, 0x9b, 0xc1, 0x47, 0xc0, 0x9b, 0xc0, 0x48, 0xc0, 0x9b,
  0xc0, 0x48, 0xc0, 0x9b, 0xc0, 0x47, 0xc0, 0x9b, 0xc0, 0x48, 0xc0, 0x9b,
  0xbe, 0x44, 0xc9, 0x9c, 0x8e, 0x67, 0x2d, 0x8c, 0x33, 0x7d, 0x2d, 0x81,
  0x2b, 0x7d, 0x28, 0x80, 0x26, 0x81, 0x25, 0x7e, 0x23, 0x82, 0x22, 0x7d,
  0x21, 0x83, 0x21, 0x7c, 0x21, 0x84, 0x20, 0x7b, 0x20, 0x84, 0x20, 0x7b,
  0x1f, 0x85, 0x1f, 0x7a, 0x1f, 0x85, 0x1f, 0x7a, 0x1f, 0x85, 0x1e, 0x7a,
  0x1f, 0x85, 0x1f, 0x7a, 0x1e, 0x85, 0x1f, 0x7b, 0x1f, 0x85, 0x1f, 0x7a,
  0x1e, 0x84, 0x1e, 0x7a, 0x1f, 0x85, 0x1e, 0x7a, 0x1f, 0x85, 0x1e, 0x7a,
  0x1f, 0x85, 0x1f, 0x7b, 0x1f, 0x85, 0x1e, 0x7a, 0x1f, 0x84, 0x1e, 0x7a,
  0x1e, 0x85, 0x1e, 0x7b, 0x1e, 0x84, 0x1e, 0x7a, 0x1f, 0x85, 0x1e, 0x7b,
  0x1e, 0x85, 0x1e, 0x7a, 0x1e, 0x85, 0x1e, 0x7a, 0x1e, 0x84, 0x1e, 0x7b,
  0x1e, 0x84, 0x1e, 0x7b, 0x1e, 0x84, 0x1d, 0x7b, 0x1e, 0x84, 0x1e, 0x7b,
  0x1e, 0x84, 0x1e, 0x7b, 0x1e, 0x84, 0x1e, 0x7b, 0x1e, 0x84, 0x1e, 0x7a,
  0x1e, 0x85, 0x1e, 0x7a, 0x1e, 0x85, 0x1d, 0x7b, 0x1e, 0x85, 0x1e, 0x7b,
  0x1e, 0x85, 0x1e, 0x7a, 0x1d, 0x85, 0x1e, 0x7b, 0x1e, 0x85, 0x1e, 0x7b,
  0x1e, 0x85, 0x1e, 0x7a, 0x1e, 0x85, 0x1e, 0x7b, 0x1e, 0x85, 0x1e, 0x7b,
  0x1e, 0x85, 0x1e, 0x7b, 0x1e, 0x85, 0x1e, 0x7b, 0x1e, 0x85, 0x1e, 0x7a,
  0x1e, 0x85, 0x1f, 0x7a, 0x1f, 0x85, 0x1f, 0x7b, 0x1f, 0x85, 0x1f, 0x7b,
  0x1f, 0x85, 0x1f, 0x7a, 0x1f, 0x85, 0x1f, 0x7a, 0x1f, 0x85, 0x1e, 0x7a,
  0x1f, 0x85, 0x1f, 0x7b, 0x1f, 0x85, 0x1f, 0x7b, 0x1f, 0x85, 0x1f, 0x7b,
  0x1f, 0x85, 0x1f, 0x7b, 0x20, 0x84, 0x20, 0x7b, 0x21, 0x83, 0x21, 0x7b,
  0x22, 0x82, 0x22, 0x7c, 0x24, 0x81, 0x25, 0x7d, 0x27, 0x7e, 0x29, 0x7f,
  0x2c, 0x7d, 0x31, 0x81, 0x30, 0x73, 0x4b, 0x87, 0xbc, 0x49, 0xc0, 0x9a,
  0xbf, 0x46, 0xc0, 0x9b, 0xc0, 0x47, 0xc0, 0x9b, 0xc0, 0x47, 0xc0, 0x9b,
  0xc0, 0x47, 0xc0, 0x9b, 0xc0, 0x47, 0xc0, 0x9b, 0xc0, 0x47, 0xc0, 0x9b,
  0xc0, 0x47, 0xc0, 0x9b, 0xc0, 0x47, 0xc0, 0x9b, 0xc0, 0x48, 0xc0, 0x9b,
  0xbf, 0x44, 0xc7, 0x9c, 0x9e, 0x66, 0x30, 0x8c, 0x32, 0x80, 0x2e, 0x80,
  0x2c, 0x7f, 0x2a, 0x7f, 0x29, 0x82, 0x27, 0x7d, 0x25, 0x84, 0x25, 0x7c,
  0x26, 0x86, 0x2a, 0x79, 0x2b, 0x88, 0x2c, 0x77, 0x28, 0x87, 0x25, 0x79,
  0x25, 0x86, 0x25, 0x7a, 0x25, 0x87, 0x26, 0x79, 0x26, 0x87, 0x27, 0x7a,
  0x27, 0x86, 0x28, 0x79, 0x27, 0x87, 0x29, 0x79, 0x2f, 0x8a, 0x2f, 0x76,
  0x30, 0x8a, 0x2f, 0x76, 0x2b, 0x88, 0x2b, 0x78, 0x2b, 0x88, 0x2c, 0x77,
  0x2c, 0x89, 0x2d, 0x76, 0x2e, 0x89, 0x2d, 0x76, 0x2d, 0x89, 0x2e, 0x76,
  0x2e, 0x8a, 0x2f, 0x75, 0x2f, 0x8a, 0x30, 0x74, 0x31, 0x8b, 0x32, 0x73,
  0x32, 0x8b, 0x33, 0x73, 0x30, 0x8c, 0x3c, 0x70, 0xac, 0x98, 0x97, 0x5e,
  0x74, 0x97, 0x59, 0x6a, 0x47, 0x8b, 0x3f, 0x76, 0x37, 0x85, 0xa1, 0x7a,
  0xd9, 0x83, 0x68, 0x7c, 0x24, 0x82, 0xb1, 0x7c, 0xd0, 0x80, 0xcc, 0x7e,
  0xcf, 0x80, 0xd0, 0x7e, 0xd1, 0x80, 0xd1, 0x7e, 0xd2, 0x80, 0xd3, 0x7e,
  0xd3, 0x80, 0xd4, 0x7e, 0xd6, 0x7f, 0xd7, 0x7e, 0xd5, 0x7f, 0xde, 0x7e,
  0xb2, 0x84, 0x4d, 0x7a, 0x4d, 0x86, 0x8f, 0x7a, 0xe3, 0x7e, 0xd7, 0x7e,
  0xda, 0x7f, 0xd9, 0x7e, 0xd8, 0x7f, 0xd7, 0x7e, 0xd9, 0x7f, 0xde, 0x7e,
  0x96, 0x80, 0x55, 0x7e, 0x45, 0x80, 0x53, 0x7e, 0x9b, 0x7f, 0xdf, 0x7e,
  0xda, 0x7f, 0xd7, 0x7e, 0xd7, 0x7f, 0xd4, 0x7e, 0xd4, 0x80, 0xc9, 0x7e,
  0x4b, 0x83, 0x28, 0x7b, 0x1a, 0x82, 0x28, 0x7c, 0x33, 0x85, 0x3e, 0x7a,
  0x4e, 0x87, 0x5a, 0x79, 0x5c, 0x86, 0x5b, 0x79, 0x5b, 0x87, 0x5b, 0x79,
  0x5a, 0x87, 0x5a, 0x79, 0x5d, 0x8f, 0x75, 0x71, 0xa9, 0x94, 0x99, 0x66,
  0x3a, 0x8a, 0x25, 0x74, 0x30, 0x89, 0x2c, 0x77, 0x2c, 0x89, 0x2b, 0x77,
  0x2e, 0x89, 0x2c, 0x76, 0x2a, 0x88, 0x2b, 0x78, 0x2b, 0x87, 0x2b, 0x79,
  0x2d, 0x89, 0x31, 0x77, 0x30, 0x8a, 0x2f, 0x76, 0x29, 0x87, 0x27, 0x78,
  0x27, 0x86, 0x27, 0x7a, 0x26, 0x87, 0x26, 0x7a, 0x26, 0x86, 0x26, 0x79,
  0x25, 0x87, 0x25, 0x79, 0x25, 0x86, 0x25, 0x7a, 0x25, 0x86, 0x25, 0x7a,
  0x25, 0x85, 0x25, 0x7b, 0x25, 0x84, 0x25, 0x7b, 0x26, 0x82, 0x28, 0x7c,
  0x29, 0x80, 0x2b, 0x7e, 0x2e, 0x80, 0x31, 0x80, 0x39, 0x61, 0xad, 0x8e,
  0xc4, 0x43, 0xbf, 0x9d, 0xc0, 0x47, 0xc1, 0x9b, 0xc1, 0x47, 0xc0, 0x9b,
  0xc1, 0x47, 0xc0, 0x9b, 0xc0, 0x47, 0xc1, 0x9a, 0xc1, 0x47, 0xc1, 0x9a,
  0xc0, 0x47, 0xc1, 0x9b, 0xbf, 0x47, 0xc5, 0x9b, 0x5b, 0x70, 0x2d, 0x88,
  0x31, 0x7c, 0x2d, 0x81, 0x2a, 0x7e, 0x27, 0x80, 0x25, 0x81, 0x24, 0x7e,
  0x23, 0x82, 0x21, 0x7c, 0x21, 0x83, 0x21, 0x7b, 0x20, 0x84, 0x1f, 0x7b,
  0x20, 0x85, 0x20, 0x7b, 0x1f, 0x85, 0x1f, 0x7a, 0x1f, 0x85, 0x1f, 0x7a,
  0x1f, 0x85, 0x1f, 0x7a, 0x1f, 0x85, 0x1f, 0x7a, 0x1f, 0x85, 0x1f, 0x7a,
  0x1f, 0x85, 0x1f, 0x7a, 0x1f, 0x85, 0x1f, 0x7a, 0x1f, 0x85, 0x1f, 0x7a,
  0x1f, 0x85, 0x1f, 0x7b, 0x1f, 0x85, 0x1f, 0x7b, 0x1f, 0x85, 0x1f, 0x7a,
  0x1e, 0x85, 0x1f, 0x7a, 0x1e, 0x85, 0x1e, 0x7a, 0x1e, 0x85, 0x1e, 0x7a,
  0x1f, 0x85, 0x1e, 0x7a, 0x1e, 0x85, 0x1e, 0x7b, 0x1e, 0x85, 0x1e, 0x7a,
  0x1e, 0x85, 0x1e, 0x7a, 0x1e, 0x85, 0x1e, 0x7b, 0x1e, 0x85, 0x1e, 0x7a,
  0x1e, 0x84, 0x1e, 0x7b, 0x1e, 0x85, 0x1e, 0x7b, 0x1e, 0x85, 0x1e, 0x7b,
  0x1e, 0x85, 0x1e, 0x7b, 0x1d, 0x84, 0x1e, 0x7b, 0x1d, 0x84, 0x1e, 0x7a,
  0x1e, 0x84, 0x1e, 0x7a, 0x1e, 0x84, 0x1e, 0x7a, 0x1e, 0x85, 0x1d, 0x7b,
  0x1d, 0x85, 0x1e, 0x7b, 0x1d, 0x84, 0x1e, 0x7b, 0x1e, 0x84, 0x1e, 0x7b,
  0x1e, 0x85, 0x1e, 0x7b, 0x1e, 0x85, 0x1e, 0x7a, 0x1e, 0x85, 0x1e, 0x7a,
  0x1e, 0x85, 0x1e, 0x7a, 0x1f, 0x85, 0x1e, 0x7b, 0x1e, 0x84, 0x1e, 0x7a,
  0x1e, 0x85, 0x1e, 0x7b, 0x1e, 0x85, 0x1e, 0x7a, 0x1e, 0x84, 0x1e, 0x7a,
  0x1e, 0x85, 0x1f, 0x7b, 0x1e, 0x85, 0x1f, 0x7b, 0x1f, 0x85, 0x1f, 0x7a,
  0x1f, 0x85, 0x1f, 0x7a, 0x1f, 0x84, 0x20, 0x7b, 0x1f, 0x84, 0x20, 0x7b,
  0x20, 0x84, 0x21, 0x7b, 0x22, 0x83, 0x22, 0x7c, 0x23, 0x81, 0x25, 0x7d,
  0x26, 0x7f, 0x28, 0x7f, 0x2b, 0x7b, 0x2e, 0x81, 0x33, 0x7a, 0x2c, 0x83,
  0x86, 0x52, 0xc8, 0x96, 0xbd, 0x44, 0xbf, 0x9c, 0xbf, 0x47, 0xbf, 0x9b,
  0xc0, 0x47, 0xc0, 0x9c, 0xc0, 0x47, 0xc0, 0x9b, 0xbf, 0x47, 0xc0, 0x9b,
  0xc0, 0x48, 0xc0, 0x9b, 0xc0, 0x47, 0xc0, 0x9b, 0xc0, 0x47, 0xc0, 0x9b,
  0xc0, 0x48, 0xc0, 0x9b, 0xc0, 0x44, 0xc2, 0x9c, 0xb8, 0x5f, 0x43, 0x90,
  0x2f, 0x7f, 0x30, 0x80, 0x2d, 0x7f, 0x2b, 0x7f, 0x29, 0x82, 0x28, 0x7d,
  0x26, 0x84, 0x26, 0x7c, 0x29, 0x87, 0x2b, 0x78, 0x2b, 0x88, 0x2a, 0x77,
  0x26, 0x86, 0x25, 0x79, 0x25, 0x86, 0x25, 0x79, 0x26, 0x87, 0x26, 0x79,
  0x26, 0x87, 0x27, 0x78, 0x27, 0x87, 0x27, 0x79, 0x28, 0x88, 0x2e, 0x77,
  0x30, 0x8a, 0x2f, 0x75, 0x2e, 0x89, 0x2b, 0x76, 0x2a, 0x88, 0x2b, 0x77,
  0x2c, 0x89, 0x2c, 0x76, 0x2e, 0x8a, 0x2e, 0x75, 0x2c, 0x89, 0x2d, 0x76,
  0x2d, 0x8a, 0x2e, 0x75, 0x2e, 0x8a, 0x2f, 0x74, 0x30, 0x8b, 0x31, 0x74,
  0x32, 0x8b, 0x32, 0x73, 0x33, 0x8c, 0x34, 0x73, 0x2d, 0x8d, 0x51, 0x6e,
  0xb1, 0x99, 0x89, 0x5f, 0x6a, 0x95, 0x51, 0x6c, 0x44, 0x89, 0x38, 0x76,
  0x4c, 0x84, 0xc0, 0x7a, 0xcc, 0x82, 0xaa, 0x7d, 0x99, 0x81, 0xce, 0x7d,
  0xca, 0x81, 0xcc, 0x7d, 0xcd, 0x80, 0xcf, 0x7d, 0xcf, 0x80, 0xce, 0x7d,
  0xcf, 0x80, 0xd0, 0x7d, 0xd2, 0x80, 0xd3, 0x7e, 0xd4, 0x80, 0xd6, 0x7e,
  0xd7, 0x7e, 0xd7, 0x7e, 0xe1, 0x82, 0x74, 0x7c, 0x32, 0x85, 0x9c, 0x79,
  0xe4, 0x7e, 0xd8, 0x7e, 0xdb, 0x7f, 0xda, 0x7e, 0xd7, 0x7f, 0xd6, 0x7e,
  0xd7, 0x7f, 0x78, 0x7e, 0x66, 0x7f, 0x98, 0x7e, 0x9f, 0x7f, 0x80, 0x7e,
  0x40, 0x7f, 0x5d, 0x7e, 0xd5, 0x7f, 0xd7, 0x7e, 0xd5, 0x7f, 0xd4, 0x7f,
  0xd2, 0x80, 0xd8, 0x7e, 0x6b, 0x83, 0x27, 0x7b, 0x1d, 0x82, 0x1e, 0x7c,
  0x2e, 0x84, 0x38, 0x7a, 0x43, 0x86, 0x51, 0x79, 0x5b, 0x86, 0x5d, 0x79,
  0x5e, 0x87, 0x5d, 0x79, 0x5c, 0x87, 0x5a, 0x78, 0x5a, 0x89, 0x5c, 0x78,
  0x6b, 0x93, 0x9a, 0x6a, 0xa8, 0x90, 0x4e, 0x69, 0x23, 0x89, 0x2f, 0x77,
  0x2c, 0x89, 0x2b, 0x76, 0x2b, 0x89, 0x2e, 0x76, 0x2d, 0x89, 0x2b, 0x77,
  0x2b, 0x87, 0x2b, 0x78, 0x2b, 0x88, 0x2d, 0x77, 0x30, 0x8a, 0x30, 0x75,
  0x2e, 0x88, 0x27, 0x77, 0x27, 0x87, 0x27, 0x79, 0x26, 0x87, 0x26, 0x79,
  0x26, 0x87, 0x26, 0x79, 0x26, 0x86, 0x25, 0x79, 0x25, 0x86, 0x25, 0x7a,
  0x25, 0x86, 0x25, 0x7a, 0x25, 0x85, 0x25, 0x7b, 0x25, 0x84, 0x25, 0x7b,
  0x26, 0x83, 0x27, 0x7c, 0x29, 0x80, 0x2b, 0x7f, 0x2f, 0x80, 0x2f, 0x80,
  0x47, 0x5e, 0xbb, 0x90, 0xc1, 0x43, 0xc0, 0x9d, 0xc0, 0x48, 0xc0, 0x9b,
  0xc0, 0x48, 0xc0, 0x9b, 0xc0, 0x48, 0xc1, 0x9b, 0xc1, 0x48, 0xc0, 0x9b,
  0xc0, 0x48, 0xc0, 0x9b, 0xc0, 0x46, 0xc0, 0x9c, 0xc5, 0x4c, 0xaa, 0x99,
  0x38, 0x75, 0x32, 0x85, 0x2f, 0x7c, 0x2b, 0x81, 0x29, 0x7f, 0x26, 0x7f,
  0x25, 0x81, 0x24, 0x7d, 0x23, 0x83, 0x22, 0x7c, 0x21, 0x84, 0x21, 0x7b,
  0x20, 0x84, 0x20, 0x7b, 0x1f, 0x85, 0x1f, 0x7b, 0x1f, 0x85, 0x1f, 0x7a,
  0x1f, 0x85, 0x1e, 0x7a, 0x1f, 0x85, 0x1f, 0x7a, 0x1f, 0x85, 0x1f, 0x7a,
  0x1f, 0x85, 0x1f, 0x7b, 0x1f, 0x85, 0x1f, 0x7a, 0x1e, 0x85, 0x1f, 0x7a,
  0x1f, 0x85, 0x1e, 0x7a, 0x1f, 0x85, 0x1e, 0x7a, 0x1e, 0x85, 0x1e, 0x7b,
  0x1e, 0x85, 0x1e, 0x7b, 0x1e, 0x85, 0x1e, 0x7a, 0x1e, 0x85, 0x1e, 0x7a,
  0x1e, 0x85, 0x1e, 0x7b, 0x1e, 0x85, 0x1e, 0x7a, 0x1e, 0x85, 0x1e, 0x7a,
  0x1e, 0x85, 0x1e, 0x7b, 0x1e, 0x84, 0x1e, 0x7b, 0x1e, 0x85, 0x1e, 0x7a,
  0x1e, 0x84, 0x1e, 0x7b, 0x1e, 0x84, 0x1e, 0x7a, 0x1e, 0x84, 0x1e, 0x7b,
  0x1e, 0x84, 0x1e, 0x7a, 0x1e, 0x84, 0x1e, 0x7b, 0x1d, 0x84, 0x1d, 0x7a,
  0x1d, 0x84, 0x1d, 0x7a, 0x1d, 0x84, 0x1e, 0x7a, 0x1d, 0x84, 0x1d, 0x7a,
  0x1e, 0x84, 0x1e, 0x7a, 0x1e, 0x84, 0x1e, 0x7a, 0x1e, 0x84, 0x1e, 0x7a,
  0x1d, 0x84, 0x1e, 0x7a, 0x1e, 0x84, 0x1e, 0x7a, 0x1e, 0x84, 0x1e, 0x7a,
  0x1e, 0x84, 0x1e, 0x7a, 0x1f, 0x84, 0x1e, 0x7a, 0x1e, 0x84, 0x1e, 0x7a,
  0x1e, 0x84, 0x1e, 0x7a, 0x1e, 0x84, 0x1e, 0x7a, 0x1e, 0x84, 0x1e, 0x7a,
  0x1e, 0x85, 0x1e, 0x7a, 0x1e, 0x84, 0x1f, 0x7a, 0x1f, 0x85, 0x1f, 0x7a,
  0x1f, 0x84, 0x1f, 0x7a, 0x1f, 0x85, 0x1f, 0x7a, 0x1f, 0x84, 0x20, 0x7a,
  0x20, 0x84, 0x20, 0x7b, 0x20, 0x83, 0x21, 0x7b, 0x21, 0x83, 0x22, 0x7c,
  0x23, 0x82, 0x24, 0x7d, 0x25, 0x80, 0x27, 0x7e, 0x2a, 0x7b, 0x2c, 0x81,
  0x30, 0x7c, 0x2e, 0x81, 0x49, 0x5c, 0xbc, 0x91, 0xc0, 0x43, 0xbf, 0x9d,
  0xc0, 0x47, 0xc0, 0x9b, 0xc0, 0x47, 0xc0, 0x9b, 0xc0, 0x47, 0xc0, 0x9b,
  0xc0, 0x47, 0xc0, 0x9b, 0xc0, 0x47, 0xc0, 0x9b, 0xc0, 0x47, 0xc0, 0x9b,
  0xc0, 0x47, 0xc0, 0x9b, 0xc0, 0x48, 0xc0, 0x9b, 0xc0, 0x44, 0xbe, 0x9c,
  0xc6, 0x57, 0x61, 0x93, 0x2c, 0x7e, 0x32, 0x81, 0x2e, 0x7e, 0x2c, 0x7f,
  0x2a, 0x82, 0x29, 0x7d, 0x27, 0x84, 0x28, 0x7c, 0x2b, 0x87, 0x2b, 0x78,
  0x2b, 0x87, 0x27, 0x78, 0x25, 0x86, 0x25, 0x79, 0x25, 0x87, 0x26, 0x79,
  0x26, 0x87, 0x26, 0x79, 0x27, 0x87, 0x27, 0x78, 0x28, 0x87, 0x29, 0x78,
  0x2e, 0x89, 0x31, 0x75, 0x30, 0x8a, 0x2f, 0x75, 0x2a, 0x88, 0x2a, 0x78,
  0x2b, 0x88, 0x2c, 0x77, 0x2d, 0x89, 0x2e, 0x76, 0x2f, 0x8a, 0x2d, 0x75,
  0x2e, 0x8a, 0x2e, 0x75, 0x2e, 0x8a, 0x2f, 0x75, 0x2f, 0x8b, 0x30, 0x74,
  0x31, 0x8b, 0x32, 0x73, 0x33, 0x8c, 0x33, 0x72, 0x33, 0x8c, 0x35, 0x73,
  0x2a, 0x8e, 0x66, 0x6c, 0xaf, 0x9a, 0x7c, 0x5f, 0x5f, 0x93, 0x4c, 0x6f,
  0x42, 0x89, 0x34, 0x77, 0x6e, 0x83, 0xce, 0x7b, 0xc6, 0x81, 0xcd, 0x7d,
  0xd0, 0x80, 0xca, 0x7d, 0xcc, 0x81, 0xcc, 0x7d, 0xca, 0x80, 0xcc, 0x7d,
  0xd2, 0x80, 0xd7, 0x7d, 0xd5, 0x80, 0xcf, 0x7d, 0xce, 0x80, 0xd1, 0x7d,
  0xd3, 0x80, 0xd4, 0x7e, 0xd6, 0x7f, 0xd6, 0x7e, 0xde, 0x80, 0xbd, 0x7d,
  0x5d, 0x83, 0xbf, 0x7c, 0xe0, 0x7e, 0xd9, 0x7e, 0xd9, 0x7f, 0xd8, 0x7e,
  0xd5, 0x7f, 0xde, 0x7e, 0x94, 0x80, 0x95, 0x7e, 0xec, 0x7e, 0xf0, 0x7e,
  0xef, 0x7f, 0xf0, 0x7e, 0xe1, 0x80, 0x59, 0x7e, 0x53, 0x7f, 0xde, 0x7e,
  0xd5, 0x7f, 0xd6, 0x7e, 0xd2, 0x80, 0xda, 0x7e, 0x8f, 0x84, 0x29, 0x7b,
  0x24, 0x82, 0x16, 0x7c, 0x28, 0x83, 0x32, 0x7b, 0x3a, 0x86, 0x47, 0x79,
  0x54, 0x87, 0x5c, 0x79, 0x5e, 0x87, 0x5e, 0x79, 0x5e, 0x87, 0x5c, 0x78,
  0x5a, 0x87, 0x58, 0x78, 0x5a, 0x8d, 0x66, 0x75, 0x8f, 0x95, 0xb3, 0x65,
  0x65, 0x8c, 0x23, 0x70, 0x2e, 0x89, 0x2c, 0x77, 0x2c, 0x89, 0x2c, 0x76,
  0x2f, 0x89, 0x2c, 0x76, 0x2b, 0x88, 0x2b, 0x78, 0x2b, 0x87, 0x2a, 0x78,
  0x2d, 0x89, 0x30, 0x76, 0x30, 0x89, 0x2d, 0x76, 0x28, 0x87, 0x28, 0x79,
  0x26, 0x87, 0x26, 0x79, 0x26, 0x87, 0x26, 0x79, 0x26, 0x86, 0x26, 0x79,
  0x25, 0x86, 0x25, 0x79, 0x25, 0x86, 0x25, 0x79, 0x25, 0x85, 0x26, 0x7a,
  0x26, 0x84, 0x26, 0x7b, 0x27, 0x83, 0x28, 0x7c, 0x2a, 0x7f, 0x2c, 0x7f,
  0x31, 0x7f, 0x2c, 0x80, 0x59, 0x5a, 0xc3, 0x92, 0xbe, 0x43, 0xc0, 0x9d,
  0xc0, 0x48, 0xc0, 0x9b, 0xc0, 0x47, 0xc1, 0x9b, 0xc1, 0x48, 0xc1, 0x9b,
  0xc1, 0x48, 0xc1, 0x9b, 0xc1, 0x48, 0xc1, 0x9b, 0xc1, 0x45, 0xbe, 0x9c,
  0xc9, 0x53, 0x7c, 0x95, 0x2d, 0x7a, 0x34, 0x83, 0x2d, 0x7c, 0x2a, 0x81,
  0x28, 0x7f, 0x26, 0x7e, 0x25, 0x82, 0x24, 0x7d, 0x23, 0x83, 0x22, 0x7c,
  0x21, 0x84, 0x21, 0x7b, 0x20, 0x84, 0x20, 0x7b, 0x1f, 0x84, 0x1f, 0x7a,
  0x1f, 0x85, 0x1f, 0x7a, 0x1f, 0x85, 0x1f, 0x7a, 0x1f, 0x85, 0x1f, 0x7a,
  0x1f, 0x84, 0x1f, 0x7a, 0x1f, 0x85, 0x1f, 0x7a, 0x1f, 0x85, 0x1f, 0x7a,
  0x1e, 0x85, 0x1f, 0x7a, 0x1f, 0x85, 0x1e, 0x7a, 0x1f, 0x85, 0x1e, 0x7a,
  0x1e, 0x84, 0x1e, 0x7a, 0x1e, 0x84, 0x1e, 0x7a, 0x1e, 0x85, 0x1e, 0x7a,
  0x1e, 0x85, 0x1e, 0x7a, 0x1e, 0x84, 0x1e, 0x7a, 0x1e, 0x84, 0x1e, 0x7a,
  0x1e, 0x84, 0x1e, 0x7a, 0x1e, 0x84, 0x1e, 0x7a, 0x1e, 0x84, 0x1e, 0x7a,
  0x1e, 0x84, 0x1e, 0x7a, 0x1e, 0x84, 0x1e, 0x7a, 0x1e, 0x84, 0x1e, 0x7a,
  0x1e, 0x84, 0x1e, 0x7a, 0x1d, 0x84, 0x1d, 0x7a, 0x1d, 0x84, 0x1d, 0x7a,
  0x1d, 0x84, 0x1d, 0x7a, 0x1d, 0x84, 0x1e, 0x7b, 0x1e, 0x84, 0x1d, 0x7a,
  0x1d, 0x84, 0x1e, 0x7b, 0x1e, 0x85, 0x1e, 0x7b, 0x1e, 0x84, 0x1e, 0x7b,
  0x1e, 0x84, 0x1f, 0x7b, 0x1e, 0x85, 0x1e, 0x7b, 0x1e, 0x85, 0x1e, 0x7b,
  0x1f, 0x85, 0x1e, 0x7b, 0x1e, 0x85, 0x1f, 0x7a, 0x1e, 0x85, 0x1f, 0x7a,
  0x1f, 0x85, 0x1f, 0x7a, 0x1e, 0x85, 0x1f, 0x7a, 0x1e, 0x85, 0x1e, 0x7a,
  0x1f, 0x85, 0x1f, 0x7b, 0x1f, 0x85, 0x1f, 0x7b, 0x1f, 0x85, 0x1f, 0x7b,
  0x1f, 0x85, 0x1f, 0x7a, 0x1f, 0x85, 0x1f, 0x7a, 0x20, 0x85, 0x1f, 0x7a,
  0x1f, 0x84, 0x20, 0x7b, 0x1f, 0x84, 0x20, 0x7b, 0x20, 0x84, 0x20, 0x7b,
  0x21, 0x83, 0x21, 0x7c, 0x22, 0x82, 0x23, 0x7d, 0x25, 0x80, 0x26, 0x7e,
  0x29, 0x7d, 0x2b, 0x80, 0x2e, 0x7d, 0x33, 0x81, 0x2c, 0x69, 0x87, 0x8b,
  0xc8, 0x44, 0xbd, 0x9c, 0xbf, 0x46, 0xc0, 0x9b, 0xbf, 0x47, 0xc0, 0x9b,
  0xc0, 0x47, 0xc0, 0x9b, 0xc0, 0x47, 0xc0, 0x9b, 0xc0, 0x47, 0xc0, 0x9b,
  0xc0, 0x47, 0xc0, 0x9b, 0xc0, 0x47, 0xc0, 0x9b, 0xc0, 0x47, 0xc0, 0x9b,
  0xc0, 0x44, 0xbe, 0x9c, 0xc9, 0x51, 0x84, 0x96, 0x2c, 0x7c, 0x34, 0x82,
  0x2f, 0x7f, 0x2d, 0x7f, 0x2b, 0x81, 0x2a, 0x7e, 0x28, 0x84, 0x2b, 0x7b,
  0x2c, 0x87, 0x2b, 0x78, 0x29, 0x87, 0x26, 0x79, 0x25, 0x86, 0x26, 0x7a,
  0x26, 0x87, 0x26, 0x79, 0x26, 0x87, 0x27, 0x79, 0x28, 0x87, 0x28, 0x79,
  0x28, 0x88, 0x2c, 0x78, 0x30, 0x8a, 0x30, 0x75, 0x30, 0x89, 0x2c, 0x76,
  0x2a, 0x88, 0x2b, 0x78, 0x2c, 0x89, 0x2c, 0x77, 0x2e, 0x8a, 0x2f, 0x76,
  0x2d, 0x89, 0x2d, 0x76, 0x2e, 0x8a, 0x2f, 0x75, 0x2f, 0x8a, 0x30, 0x75,
  0x30, 0x8b, 0x31, 0x74, 0x31, 0x8c, 0x32, 0x73, 0x33, 0x8c, 0x33, 0x72,
  0x34, 0x8c, 0x36, 0x72, 0x2b, 0x90, 0x7a, 0x6a, 0xa8, 0x9b, 0x74, 0x60,
  0x5a, 0x92, 0x47, 0x70, 0x3f, 0x88, 0x33, 0x77, 0x8d, 0x83, 0xce, 0x7b,
  0xc6, 0x81, 0xc8, 0x7d, 0xc9, 0x81, 0xcd, 0x7e, 0xcd, 0x80, 0xcb, 0x7e,
  0xd1, 0x81, 0xd2, 0x7e, 0xb7, 0x81, 0xa6, 0x7e, 0xb2, 0x80, 0xcd, 0x7e,
  0xd5, 0x80, 0xcf, 0x7e, 0xd3, 0x7f, 0xd4, 0x7e, 0xd5, 0x7f, 0xd5, 0x7e,
  0xd6, 0x7f, 0xda, 0x7e, 0xda, 0x7f, 0xdb, 0x7e, 0xd8, 0x7f, 0xd9, 0x7f,
  0xd8, 0x7f, 0xd7, 0x7f, 0xda, 0x7f, 0xcd, 0x7e, 0xa9, 0x7f, 0xe6, 0x7e,
  0xe3, 0x7e, 0xe5, 0x7e, 0xe6, 0x7e, 0xe0, 0x7e, 0xe0, 0x7f, 0xe4, 0x7e,
  0x50, 0x80, 0x95, 0x7e, 0xe4, 0x7f, 0xd2, 0x7e, 0xd2, 0x80, 0xd3, 0x7e,
  0xae, 0x84, 0x36, 0x7b, 0x29, 0x82, 0x15, 0x7b, 0x1f, 0x83, 0x2c, 0x7c,
  0x33, 0x85, 0x3e, 0x7a, 0x4a, 0x86, 0x55, 0x79, 0x5b, 0x87, 0x5f, 0x79,
  0x60, 0x87, 0x60, 0x79, 0x5d, 0x87, 0x5a, 0x78, 0x59, 0x88, 0x5b, 0x79,
  0x66, 0x93, 0x86, 0x6d, 0xb6, 0x92, 0x74, 0x66, 0x23, 0x89, 0x2d, 0x76,
  0x2d, 0x89, 0x2c, 0x76, 0x2c, 0x89, 0x2e, 0x76, 0x2b, 0x88, 0x2b, 0x77,
  0x2b, 0x88, 0x2a, 0x78, 0x2a, 0x89, 0x2f, 0x78, 0x30, 0x8a, 0x30, 0x76,
  0x2b, 0x88, 0x27, 0x78, 0x27, 0x87, 0x27, 0x79, 0x26, 0x87, 0x26, 0x79,
  0x26, 0x87, 0x26, 0x79, 0x25, 0x86, 0x26, 0x79, 0x25, 0x86, 0x25, 0x7a,
  0x25, 0x85, 0x26, 0x7a, 0x26, 0x84, 0x27, 0x7b, 0x27, 0x83, 0x29, 0x7d,
  0x2a, 0x7f, 0x2d, 0x7f, 0x32, 0x7e, 0x2b, 0x81, 0x6f, 0x56, 0xc8, 0x93,
  0xbe, 0x43, 0xc0, 0x9d, 0xc0, 0x47, 0xc0, 0x9b, 0xc0, 0x47, 0xc0, 0x9b,
  0xc0, 0x47, 0xc1, 0x9b, 0xc1, 0x47, 0xc0, 0x9b, 0xc0, 0x48, 0xc1, 0x9a,
  0xc0, 0x44, 0xc1, 0x9c, 0xbe, 0x5c, 0x4d, 0x91, 0x2f, 0x7c, 0x31, 0x82,
  0x2c, 0x7c, 0x29, 0x81, 0x27, 0x80, 0x26, 0x7f, 0x24, 0x82, 0x23, 0x7d,
  0x22, 0x83, 0x21, 0x7c, 0x21, 0x84, 0x20, 0x7b, 0x20, 0x84, 0x20, 0x7b,
  0x1f, 0x85, 0x1f, 0x7a, 0x1f, 0x85, 0x20, 0x7a, 0x1f, 0x85, 0x1f, 0x7a,
  0x1f, 0x85, 0x1f, 0x7a, 0x1f, 0x85, 0x1f, 0x7a, 0x1f, 0x85, 0x1f, 0x7a,
  0x1f, 0x85, 0x1f, 0x7a, 0x1f, 0x85, 0x1f, 0x7a, 0x1f, 0x85, 0x1f, 0x7a,
  0x1f, 0x85, 0x1e, 0x7a, 0x1f, 0x85, 0x1f, 0x7a, 0x1f, 0x85, 0x1f, 0x7a,
  0x1f, 0x85, 0x1e, 0x7a, 0x1e, 0x85, 0x1f, 0x7b, 0x1e, 0x85, 0x1e, 0x7b,
  0x1e, 0x85, 0x1e, 0x7b, 0x1e, 0x85, 0x1f, 0x7a, 0x1e, 0x85, 0x1e, 0x7a,
  0x1e, 0x85, 0x1f, 0x7a, 0x1f, 0x85, 0x1e, 0x7a, 0x1e, 0x85, 0x1e, 0x7a,
  0x1e, 0x84, 0x1e, 0x7b, 0x1e, 0x85, 0x1e, 0x7b, 0x1e, 0x85, 0x1e, 0x7b,
  0x1e, 0x84, 0x1e, 0x7b, 0x1e, 0x85, 0x1e, 0x7a, 0x1d, 0x84, 0x1d, 0x7a,
  0x1e, 0x84, 0x1d, 0x7a, 0x1e, 0x84, 0x1e, 0x7a, 0x1e, 0x85, 0x1e, 0x7b,
  0x1e, 0x84, 0x1e, 0x7a, 0x1e, 0x84, 0x1e, 0x7a, 0x1e, 0x85, 0x1e, 0x7a,
  0x1e, 0x84, 0x1e, 0x7b, 0x1e, 0x85, 0x1e, 0x7a, 0x1e, 0x85, 0x1e, 0x7a,
  0x1e, 0x85, 0x1e, 0x7a, 0x1e, 0x84, 0x1e, 0x7a, 0x1e, 0x85, 0x1e, 0x7a,
  0x1e, 0x85, 0x1e, 0x7a, 0x1e, 0x85, 0x1f, 0x7a, 0x1e, 0x85, 0x1e, 0x7a,
  0x1f, 0x85, 0x1f, 0x7a, 0x1f, 0x85, 0x1f, 0x7a, 0x1f, 0x85, 0x1f, 0x7a,
  0x1f, 0x85, 0x1f, 0x7a, 0x1f, 0x84, 0x1f, 0x7a, 0x20, 0x84, 0x20, 0x7a,
  0x20, 0x84, 0x21, 0x7b, 0x21, 0x83, 0x22, 0x7b, 0x22, 0x82, 0x23, 0x7c,
  0x25, 0x81, 0x27, 0x7e, 0x28, 0x7e, 0x2a, 0x7f, 0x2d, 0x7c, 0x31, 0x81,
  0x2f, 0x73, 0x46, 0x86, 0xba, 0x49, 0xc0, 0x9a, 0xbf, 0x46, 0xbf, 0x9c,
  0xbf, 0x47, 0xc0, 0x9c, 0xc0, 0x47, 0xc0, 0x9b, 0xc0, 0x47, 0xc0, 0x9b,
  0xc0, 0x47, 0xc0, 0x9b, 0xc0, 0x47, 0xc0, 0x9b, 0xc0, 0x47, 0xc0, 0x9b,
  0xc1, 0x47, 0xc0, 0x9b, 0xc0, 0x45, 0xbf, 0x9c, 0xc5, 0x4d, 0xa5, 0x98,
  0x34, 0x79, 0x32, 0x83, 0x2f, 0x7f, 0x2d, 0x80, 0x2c, 0x81, 0x2a, 0x7e,
  0x2a, 0x85, 0x2b, 0x7b, 0x2b, 0x87, 0x2b, 0x79, 0x27, 0x86, 0x26, 0x79,
  0x26, 0x86, 0x26, 0x79, 0x26, 0x86, 0x26, 0x79, 0x27, 0x87, 0x27, 0x79,
  0x27, 0x87, 0x28, 0x79, 0x2a, 0x89, 0x2e, 0x77, 0x2f, 0x8a, 0x2f, 0x75,
  0x2d, 0x88, 0x2a, 0x77, 0x2a, 0x88, 0x2b, 0x78, 0x2c, 0x89, 0x2d, 0x76,
  0x2f, 0x8a, 0x2e, 0x75, 0x2d, 0x8a, 0x2e, 0x75, 0x2e, 0x8a, 0x2f, 0x74,
  0x30, 0x8b, 0x30, 0x75, 0x31, 0x8b, 0x32, 0x73, 0x32, 0x8c, 0x33, 0x73,
  0x33, 0x8d, 0x34, 0x71, 0x34, 0x8d, 0x36, 0x72, 0x2e, 0x91, 0x89, 0x68,
  0x9f, 0x9b, 0x6c, 0x61, 0x53, 0x90, 0x43, 0x72, 0x3c, 0x88, 0x35, 0x78,
  0xa1, 0x83, 0xcc, 0x7c, 0xc7, 0x81, 0xc8, 0x7d, 0xc9, 0x80, 0xcc, 0x7d,
  0xcb, 0x80, 0xd7, 0x7d, 0xb4, 0x80, 0x4c, 0x7d, 0x3d, 0x80, 0x50, 0x7d,
  0x58, 0x81, 0x6a, 0x7d, 0xab, 0x80, 0xd7, 0x7e, 0xd0, 0x80, 0xd2, 0x7e,
  0xd4, 0x80, 0xd5, 0x7e, 0xd7, 0x7f, 0xd8, 0x7e, 0xd9, 0x7f, 0xd9, 0x7e,
  0xd9, 0x7f, 0xd9, 0x7e, 0xd9, 0x7f, 0xd8, 0x7e, 0xdc, 0x7f, 0xc4, 0x7e,
  0xd1, 0x7f, 0xe5, 0x7e, 0xe1, 0x7e, 0xe4, 0x7e, 0xe4, 0x7e, 0xe3, 0x7e,
  0xdf, 0x7e, 0xe6, 0x7e, 0xc1, 0x7f, 0x52, 0x7e, 0xd4, 0x80, 0xd2, 0x7e,
  0xd1, 0x80, 0xcf, 0x7e, 0xc2, 0x83, 0x49, 0x7b, 0x29, 0x82, 0x1a, 0x7b,
  0x15, 0x82, 0x27, 0x7c, 0x2e, 0x85, 0x37, 0x7a, 0x41, 0x86, 0x4c, 0x79,
  0x55, 0x86, 0x5c, 0x79, 0x60, 0x86, 0x60, 0x79, 0x5f, 0x87, 0x5d, 0x79,
  0x5a, 0x87, 0x59, 0x79, 0x5a, 0x8d, 0x64, 0x75, 0x81, 0x96, 0xb3, 0x66,
  0x7b, 0x8d, 0x25, 0x6e, 0x2e, 0x89, 0x2d, 0x77, 0x2c, 0x89, 0x2d, 0x76,
  0x2d, 0x89, 0x2c, 0x77, 0x2b, 0x88, 0x2b, 0x78, 0x2b, 0x88, 0x2b, 0x78,
  0x30, 0x89, 0x30, 0x76, 0x2f, 0x88, 0x28, 0x77, 0x27, 0x87, 0x27, 0x79,
  0x26, 0x86, 0x26, 0x79, 0x26, 0x87, 0x26, 0x79, 0x26, 0x86, 0x26, 0x79,
  0x25, 0x86, 0x25, 0x7a, 0x26, 0x85, 0x26, 0x7a, 0x27, 0x84, 0x27, 0x7b,
  0x28, 0x82, 0x29, 0x7d, 0x2b, 0x7f, 0x2d, 0x7f, 0x32, 0x7d, 0x2b, 0x81,
  0x85, 0x52, 0xc9, 0x96, 0xbe, 0x44, 0xc0, 0x9c, 0xc0, 0x48, 0xc0, 0x9b,
  0xc0, 0x47, 0xc1, 0x9b, 0xc0, 0x48, 0xc1, 0x9b, 0xc1, 0x48, 0xc1, 0x9b,
  0xc0, 0x48, 0xc1, 0x9b, 0xbf, 0x44, 0xc7, 0x9c, 0x9a, 0x65, 0x31, 0x8d,
  0x33, 0x7d, 0x2e, 0x81, 0x2b, 0x7d, 0x28, 0x80, 0x27, 0x80, 0x25, 0x7e,
  0x23, 0x82, 0x23, 0x7c, 0x22, 0x83, 0x22, 0x7c, 0x21, 0x84, 0x20, 0x7b,
  0x20, 0x84, 0x20, 0x7a, 0x20, 0x85, 0x1f, 0x7a, 0x1f, 0x85, 0x1f, 0x7a,
  0x1f, 0x85, 0x1f, 0x7a, 0x1f, 0x85, 0x1f, 0x7a, 0x1f, 0x85, 0x1f, 0x7a,
  0x1f, 0x85, 0x1f, 0x7a, 0x1f, 0x85, 0x1f, 0x7a, 0x1f, 0x85, 0x1e, 0x7a,
  0x1e, 0x85, 0x1f, 0x7a, 0x1e, 0x85, 0x1f, 0x7a, 0x1f, 0x85, 0x1e, 0x7a,
  0x1e, 0x85, 0x1f, 0x7a, 0x1e, 0x85, 0x1e, 0x7a, 0x1e, 0x85, 0x1e, 0x7a,
  0x1e, 0x84, 0x1e, 0x7a, 0x1e, 0x85, 0x1e, 0x7a, 0x1e, 0x85, 0x1e, 0x7a,
  0x1e, 0x85, 0x1e, 0x7a, 0x1e, 0x85, 0x1e, 0x7a, 0x1e, 0x85, 0x1e, 0x7a,
  0x1e, 0x85, 0x1e, 0x7a, 0x1e, 0x85, 0x1e, 0x7a, 0x1e, 0x85, 0x1e, 0x7a,
  0x1e, 0x84, 0x1e, 0x7b, 0x1e, 0x84, 0x1e, 0x7a, 0x1e, 0x84, 0x1e, 0x7a,
  0x1e, 0x84, 0x1e, 0x7a, 0x1e, 0x84, 0x1e, 0x7a, 0x1e, 0x84, 0x1e, 0x7a,
  0x1e, 0x84, 0x1e, 0x7a, 0x1e, 0x84, 0x1e, 0x7a, 0x1f, 0x84, 0x1e, 0x7a,
  0x1e, 0x84, 0x1e, 0x7a, 0x1f, 0x84, 0x1f, 0x7a, 0x1e, 0x84, 0x1e, 0x7a,
  0x1e, 0x84, 0x1e, 0x7a, 0x1f, 0x84, 0x1f, 0x7a, 0x1e, 0x84, 0x1e, 0x7a,
  0x1e, 0x84, 0x1f, 0x7a, 0x1e, 0x84, 0x1f, 0x7a, 0x1f, 0x84, 0x1f, 0x7a,
  0x1f, 0x84, 0x1f, 0x7a, 0x1f, 0x84, 0x1f, 0x7a, 0x1f, 0x84, 0x1f, 0x7a,
  0x1f, 0x84, 0x1f, 0x7a, 0x1f, 0x84, 0x1f, 0x7a, 0x1f, 0x84, 0x1f, 0x7a,
  0x20, 0x84, 0x20, 0x7a, 0x20, 0x84, 0x20, 0x7b, 0x21, 0x83, 0x22, 0x7b,
  0x22, 0x83, 0x23, 0x7c, 0x24, 0x81, 0x26, 0x7d, 0x27, 0x7f, 0x29, 0x7f,
  0x2c, 0x7c, 0x2e, 0x81, 0x34, 0x7a, 0x2c, 0x82, 0x7f, 0x52, 0xc8, 0x96,
  0xbd, 0x44, 0xbf, 0x9d, 0xc0, 0x47, 0xc0, 0x9b, 0xc0, 0x47, 0xc0, 0x9c,
  0xc0, 0x47, 0xc0, 0x9b, 0xc1, 0x47, 0xc1, 0x9b, 0xc0, 0x47, 0xc0, 0x9b,
  0xc0, 0x47, 0xc0, 0x9b, 0xc0, 0x48, 0xc0, 0x9b, 0xc1, 0x46, 0xc0, 0x9c,
  0xc0, 0x49, 0xbc, 0x9a, 0x48, 0x75, 0x2f, 0x85, 0x31, 0x7f, 0x2e, 0x80,
  0x2c, 0x81, 0x2b, 0x7e, 0x2b, 0x85, 0x2b, 0x7a, 0x2b, 0x86, 0x29, 0x79,
  0x26, 0x86, 0x26, 0x7a, 0x26, 0x86, 0x26, 0x7a, 0x27, 0x86, 0x27, 0x79,
  0x27, 0x87, 0x27, 0x79, 0x28, 0x87, 0x28, 0x79, 0x2b, 0x89, 0x2d, 0x76,
  0x2e, 0x8a, 0x2e, 0x76, 0x2a, 0x88, 0x29, 0x78, 0x2a, 0x88, 0x2c, 0x77,
  0x2c, 0x89, 0x2e, 0x75, 0x2e, 0x89, 0x2d, 0x75, 0x2e, 0x8a, 0x2e, 0x75,
  0x2f, 0x8a, 0x2f, 0x74, 0x30, 0x8b, 0x31, 0x74, 0x32, 0x8b, 0x32, 0x73,
  0x32, 0x8c, 0x33, 0x72, 0x34, 0x8d, 0x35, 0x71, 0x35, 0x8d, 0x36, 0x72,
  0x31, 0x92, 0x94, 0x67, 0x96, 0x9b, 0x65, 0x62, 0x4d, 0x8e, 0x40, 0x73,
  0x3a, 0x87, 0x3c, 0x78, 0xad, 0x83, 0xc9, 0x7c, 0xc7, 0x81, 0xc9, 0x7d,
  0xca, 0x81, 0xc8, 0x7d, 0xd2, 0x80, 0xaa, 0x7d, 0x2d, 0x80, 0x7a, 0x7d,
  0xc4, 0x80, 0xd6, 0x7e, 0xd9, 0x80, 0xc2, 0x7d, 0x85, 0x81, 0x9e, 0x7e,
  0xd3, 0x80, 0xd0, 0x7e, 0xd3, 0x80, 0xd4, 0x7e, 0xd6, 0x7f, 0xd7, 0x7e,
  0xd8, 0x7f, 0xd9, 0x7f, 0xd9, 0x7f, 0xda, 0x7e, 0xd9, 0x7f, 0xd8, 0x7f,
  0xda, 0x80, 0xc4, 0x7d, 0xd4, 0x7f, 0xe2, 0x7e, 0xee, 0x7d, 0xed, 0x80,
  0xe5, 0x7e, 0xe2, 0x7f, 0xe1, 0x7f, 0xdb, 0x7e, 0xe3, 0x7f, 0x69, 0x7e,
  0xa4, 0x80, 0xdc, 0x7e, 0xd1, 0x80, 0xd0, 0x7e, 0xcf, 0x82, 0x5c, 0x7c,
  0x27, 0x83, 0x1f, 0x7b, 0x13, 0x82, 0x21, 0x7c, 0x2a, 0x84, 0x30, 0x7b,
  0x38, 0x86, 0x43, 0x79, 0x4d, 0x86, 0x55, 0x79, 0x5c, 0x86, 0x5e, 0x79,
  0x60, 0x87, 0x5f, 0x79, 0x5d, 0x87, 0x5a, 0x78, 0x59, 0x88, 0x59, 0x78,
  0x64, 0x92, 0x7f, 0x6d, 0xb3, 0x93, 0x7c, 0x66, 0x23, 0x8a, 0x2e, 0x75,
  0x2d, 0x89, 0x2c, 0x76, 0x2d, 0x89, 0x2c, 0x77, 0x2b, 0x88, 0x2c, 0x77,
  0x2b, 0x87, 0x2a, 0x78, 0x2d, 0x89, 0x30, 0x76, 0x2f, 0x89, 0x2c, 0x76,
  0x27, 0x87, 0x28, 0x79, 0x27, 0x86, 0x26, 0x79, 0x26, 0x86, 0x26, 0x7a,
  0x26, 0x86, 0x26, 0x7a, 0x26, 0x85, 0x26, 0x7a, 0x26, 0x85, 0x26, 0x7a,
  0x27, 0x84, 0x28, 0x7b, 0x28, 0x82, 0x29, 0x7d, 0x2c, 0x7f, 0x2e, 0x7f,
  0x32, 0x7b, 0x2f, 0x82, 0x98, 0x4f, 0xc7, 0x97, 0xbe, 0x44, 0xc0, 0x9c,
  0xc0, 0x48, 0xc1, 0x9b, 0xc1, 0x48, 0xc0, 0x9b, 0xc0, 0x48, 0xc1, 0x9b,
  0xc1, 0x48, 0xc1, 0x9b, 0xc1, 0x47, 0xc0, 0x9b, 0xbf, 0x46, 0xc8, 0x9b,
  0x68, 0x6e, 0x2c, 0x89, 0x33, 0x7d, 0x2e, 0x81, 0x2a, 0x7e, 0x28, 0x80,
  0x26, 0x81, 0x24, 0x7e, 0x23, 0x82, 0x23, 0x7c, 0x22, 0x84, 0x22, 0x7c,
  0x21, 0x84, 0x20, 0x7a, 0x20, 0x84, 0x20, 0x7a, 0x20, 0x84, 0x20, 0x7a,
  0x1f, 0x85, 0x1f, 0x7a, 0x1f, 0x84, 0x1f, 0x7a, 0x1f, 0x84, 0x1f, 0x7a,
  0x1f, 0x84, 0x1f, 0x7a, 0x1f, 0x85, 0x1f, 0x7a, 0x1f, 0x84, 0x1f, 0x7a,
  0x1f, 0x85, 0x1f, 0x7a, 0x1f, 0x84, 0x1f, 0x7a, 0x1f, 0x85, 0x1e, 0x7a,
  0x1f, 0x85, 0x1f, 0x7a, 0x1e, 0x84, 0x1e, 0x7a, 0x1e, 0x84, 0x1e, 0x7a,
  0x1e, 0x84, 0x1e, 0x7a, 0x1e, 0x84, 0x1e, 0x7a, 0x1e, 0x84, 0x1e, 0x7a,
  0x1e, 0x84, 0x1e, 0x7a, 0x1e, 0x84, 0x1f, 0x7a, 0x1f, 0x84, 0x1f, 0x7a,
  0x1e, 0x84, 0x1e, 0x7a, 0x1e, 0x84, 0x1e, 0x7a, 0x1e, 0x84, 0x1e, 0x7a,
  0x1e, 0x84, 0x1e, 0x7a, 0x1e, 0x84, 0x1e, 0x7a, 0x1e, 0x84, 0x1e, 0x7a,
  0x1d, 0x84, 0x1d, 0x7a, 0x1e, 0x84, 0x1d, 0x7b, 0x1e, 0x84, 0x1e, 0x7b,
  0x1d, 0x84, 0x1d, 0x7a, 0x1e, 0x84, 0x1d, 0x7a, 0x1e, 0x84, 0x1e, 0x7a,
  0x1e, 0x84, 0x1e, 0x7a, 0x1e, 0x84, 0x1e, 0x7a, 0x1e, 0x84, 0x1e, 0x7a,
  0x1e, 0x84, 0x1e, 0x7a, 0x1e, 0x84, 0x1e, 0x7a, 0x1e, 0x85, 0x1e, 0x7a,
  0x1e, 0x84, 0x1e, 0x7a, 0x1e, 0x84, 0x1f, 0x7a, 0x1e, 0x85, 0x1e, 0x7a,
  0x1f, 0x84, 0x1f, 0x7a, 0x1f, 0x84, 0x1f, 0x7a, 0x1f, 0x84, 0x1f, 0x7a,
  0x1f, 0x84, 0x1f, 0x7a, 0x1f, 0x85, 0x1f, 0x7a, 0x1f, 0x85, 0x1f, 0x7a,
  0x1f, 0x84, 0x20, 0x7a, 0x20, 0x84, 0x20, 0x7a, 0x20, 0x84, 0x21, 0x7b,
  0x21, 0x84, 0x21, 0x7b, 0x22, 0x83, 0x22, 0x7c, 0x24, 0x82, 0x25, 0x7d,
  0x27, 0x80, 0x28, 0x7f, 0x2a, 0x7c, 0x2d, 0x80, 0x31, 0x7d, 0x31, 0x81,
  0x42, 0x5e, 0xb6, 0x90, 0xc1, 0x43, 0xbf, 0x9d, 0xbf, 0x47, 0xbf, 0x9b,
  0xc0, 0x47, 0xc0, 0x9b, 0xc0, 0x47, 0xc0, 0x9b, 0xc0, 0x47, 0xc0, 0x9b,
  0xc0, 0x47, 0xc1, 0x9b, 0xc0, 0x47, 0xc0, 0x9b, 0xc0, 0x47, 0xc0, 0x9b,
  0xc1, 0x47, 0xc0, 0x9b, 0xbe, 0x46, 0xc7, 0x9c, 0x69, 0x71, 0x2c, 0x87,
  0x33, 0x80, 0x2f, 0x7f, 0x2c, 0x81, 0x2c, 0x7e, 0x2c, 0x85, 0x2c, 0x7b,
  0x2b, 0x86, 0x27, 0x7a, 0x26, 0x85, 0x26, 0x7a, 0x26, 0x86, 0x26, 0x79,
  0x27, 0x87, 0x27, 0x79, 0x26, 0x87, 0x28, 0x78, 0x28, 0x88, 0x2a, 0x78,
  0x2c, 0x89, 0x2c, 0x77, 0x2d, 0x89, 0x2b, 0x77, 0x2a, 0x88, 0x2b, 0x78,
  0x2c, 0x89, 0x2c, 0x76, 0x2e, 0x8a, 0x2e, 0x76, 0x2d, 0x8a, 0x2e, 0x76,
  0x2e, 0x8a, 0x2e, 0x75, 0x30, 0x8b, 0x31, 0x74, 0x32, 0x8c, 0x32, 0x73,
  0x33, 0x8c, 0x33, 0x73, 0x33, 0x8c, 0x34, 0x72, 0x35, 0x8d, 0x36, 0x71,
  0x36, 0x8d, 0x36, 0x72, 0x38, 0x93, 0x9d, 0x66, 0x8e, 0x9a, 0x60, 0x64,
  0x4a, 0x8d, 0x3f, 0x74, 0x38, 0x87, 0x42, 0x78, 0xb4, 0x83, 0xc6, 0x7c,
  0xc6, 0x81, 0xc8, 0x7d, 0xc9, 0x81, 0xcb, 0x7d, 0xc3, 0x81, 0x32, 0x7d,
  0x88, 0x80, 0xe9, 0x7e, 0xe0, 0x7f, 0xe0, 0x7e, 0xe2, 0x7e, 0xe9, 0x7e,
  0xe1, 0x80, 0xa1, 0x7e, 0xb6, 0x80, 0xd4, 0x7e, 0xd1, 0x7f, 0xd3, 0x7e,
  0xd4, 0x7f, 0xd6, 0x7f, 0xd7, 0x7f, 0xd8, 0x7f, 0xd9, 0x7f, 0xd9, 0x7e,
  0xd9, 0x7f, 0xd8, 0x7f, 0xd7, 0x80, 0xc7, 0x7e, 0xdc, 0x80, 0xda, 0x7d,
  0xad, 0x84, 0xb9, 0x76, 0xe2, 0x7f, 0xe4, 0x7e, 0xdf, 0x7f, 0xda, 0x7f,
  0xdf, 0x80, 0x95, 0x7e, 0x89, 0x80, 0xe5, 0x7e, 0xd2, 0x80, 0xd0, 0x7e,
  0xd3, 0x82, 0x69, 0x7c, 0x25, 0x83, 0x24, 0x7b, 0x16, 0x85, 0x2b, 0x79,
  0x26, 0x84, 0x2a, 0x7a, 0x32, 0x85, 0x3b, 0x7a, 0x46, 0x86, 0x4e, 0x79,
  0x55, 0x86, 0x5b, 0x79, 0x5f, 0x87, 0x5f, 0x79, 0x5e, 0x87, 0x5c, 0x78,
  0x5a, 0x87, 0x59, 0x78, 0x5a, 0x8c, 0x65, 0x75, 0x7e, 0x96, 0xb2, 0x66,
  0x75, 0x8c, 0x22, 0x6f, 0x2f, 0x89, 0x2c, 0x77, 0x2d, 0x89, 0x2d, 0x76,
  0x2c, 0x88, 0x2c, 0x77, 0x2c, 0x88, 0x2c, 0x78, 0x2b, 0x89, 0x2f, 0x77,
  0x30, 0x8a, 0x30, 0x76, 0x2a, 0x88, 0x27, 0x78, 0x26, 0x87, 0x26, 0x79,
  0x26, 0x86, 0x26, 0x79, 0x26, 0x86, 0x26, 0x7a, 0x26, 0x86, 0x26, 0x7a,
  0x26, 0x85, 0x26, 0x7a, 0x27, 0x84, 0x28, 0x7b, 0x29, 0x82, 0x2a, 0x7d,
  0x2c, 0x80, 0x2e, 0x7f, 0x31, 0x79, 0x37, 0x83, 0xaa, 0x4d, 0xc4, 0x98,
  0xbf, 0x45, 0xc0, 0x9c, 0xc1, 0x47, 0xc1, 0x9b, 0xc1, 0x47, 0xc1, 0x9b,
  0xc1, 0x47, 0xc1, 0x9b, 0xc1, 0x48, 0xc1, 0x9b, 0xc1, 0x46, 0xc0, 0x9b,
  0xc2, 0x4b, 0xb3, 0x99, 0x3f, 0x74, 0x31, 0x86, 0x30, 0x7c, 0x2d, 0x81,
  0x2a, 0x7f, 0x27, 0x7f, 0x25, 0x81, 0x23, 0x7e, 0x22, 0x83, 0x22, 0x7c,
  0x22, 0x84, 0x22, 0x7b, 0x21, 0x84, 0x21, 0x7b, 0x20, 0x85, 0x20, 0x7b,
  0x20, 0x85, 0x20, 0x7a, 0x1f, 0x85, 0x1f, 0x7a, 0x1f, 0x85, 0x1f, 0x7a,
  0x1f, 0x85, 0x1f, 0x7a, 0x1f, 0x85, 0x1f, 0x7a, 0x1f, 0x85, 0x1f, 0x7a,
  0x1f, 0x85, 0x1f, 0x7a, 0x1f, 0x85, 0x1f, 0x7a, 0x1f, 0x85, 0x1f, 0x7a,
  0x1f, 0x85, 0x1e, 0x7a, 0x1f, 0x85, 0x1f, 0x7a, 0x1e, 0x85, 0x1f, 0x7a,
  0x1e, 0x84, 0x1e, 0x7a, 0x1e, 0x85, 0x1e, 0x7a, 0x1e, 0x85, 0x1e, 0x7a,
  0x1e, 0x84, 0x1e, 0x7b, 0x1e, 0x85, 0x1e, 0x7a, 0x1e, 0x84, 0x1e, 0x7a,
  0x1e, 0x84, 0x1f, 0x7a, 0x1e, 0x84, 0x1e, 0x7a, 0x1e, 0x84, 0x1e, 0x7b,
  0x1e, 0x84, 0x1e, 0x7a, 0x1d, 0x85, 0x1e, 0x7b, 0x1e, 0x84, 0x1e, 0x7a,
  0x1d, 0x84, 0x1e, 0x7b, 0x1e, 0x84, 0x1e, 0x7a, 0x1e, 0x84, 0x1e, 0x7a,
  0x1d, 0x84, 0x1e, 0x7b, 0x1e, 0x84, 0x1e, 0x7b, 0x1e, 0x84, 0x1e, 0x7b,
  0x1e, 0x84, 0x1e, 0x7b, 0x1e, 0x84, 0x1f, 0x7a, 0x1e, 0x84, 0x1e, 0x7a,
  0x1e, 0x84, 0x1e, 0x7a, 0x1f, 0x84, 0x1e, 0x7a, 0x1f, 0x84, 0x1f, 0x7a,
  0x1f, 0x84, 0x1f, 0x7a, 0x1f, 0x84, 0x1f, 0x7a, 0x1f, 0x84, 0x1e, 0x7a,
  0x1f, 0x84, 0x1f, 0x7a, 0x1f, 0x84, 0x1f, 0x7a, 0x1f, 0x84, 0x1f, 0x7a,
  0x1f, 0x84, 0x20, 0x7a, 0x1f, 0x84, 0x1f, 0x7a, 0x1f, 0x84, 0x1f, 0x7a,
  0x1f, 0x84, 0x1f, 0x7a, 0x1f, 0x84, 0x1f, 0x7a, 0x20, 0x84, 0x20, 0x7a,
  0x20, 0x84, 0x20, 0x7b, 0x21, 0x83, 0x21, 0x7b, 0x22, 0x83, 0x23, 0x7c,
  0x24, 0x82, 0x24, 0x7c, 0x26, 0x80, 0x28, 0x7e, 0x29, 0x7d, 0x2c, 0x80,
  0x2f, 0x7d, 0x34, 0x81, 0x2c, 0x6b, 0x79, 0x8b, 0xc8, 0x45, 0xbd, 0x9d,
  0xbf, 0x46, 0xc0, 0x9c, 0xbf, 0x47, 0xc0, 0x9c, 0xc0, 0x47, 0xc0, 0x9c,
  0xc0, 0x47, 0xc0, 0x9c, 0xc0, 0x47, 0xc0, 0x9b, 0xc0, 0x47, 0xc0, 0x9b,
  0xbf, 0x47, 0xc0, 0x9b, 0xc0, 0x48, 0xc0, 0x9b, 0xbd, 0x44, 0xc7, 0x9d,
  0x90, 0x6a, 0x2e, 0x8b, 0x34, 0x80, 0x2f, 0x7f, 0x2d, 0x81, 0x2e, 0x7e,
  0x2c, 0x84, 0x2c, 0x7b, 0x29, 0x85, 0x27, 0x7b, 0x27, 0x85, 0x26, 0x7a,
  0x26, 0x86, 0x26, 0x79, 0x27, 0x86, 0x27, 0x79, 0x27, 0x87, 0x28, 0x79,
  0x29, 0x88, 0x2c, 0x77, 0x2c, 0x89, 0x2d, 0x77, 0x2b, 0x88, 0x2a, 0x77,
  0x2b, 0x88, 0x2c, 0x77, 0x2c, 0x89, 0x2e, 0x76, 0x2f, 0x8a, 0x2d, 0x75,
  0x2d, 0x8a, 0x2e, 0x76, 0x2e, 0x8a, 0x2f, 0x75, 0x30, 0x8b, 0x31, 0x74,
  0x32, 0x8c, 0x33, 0x73, 0x33, 0x8c, 0x34, 0x72, 0x34, 0x8d, 0x35, 0x72,
  0x36, 0x8e, 0x36, 0x70, 0x37, 0x8e, 0x35, 0x71, 0x3f, 0x94, 0xa2, 0x64,
  0x85, 0x9a, 0x5b, 0x65, 0x47, 0x8c, 0x3d, 0x75, 0x37, 0x87, 0x44, 0x78,
  0xb6, 0x83, 0xc4, 0x7c, 0xc5, 0x81, 0xc7, 0x7d, 0xc6, 0x81, 0xd7, 0x7d,
  0x7b, 0x81, 0x59, 0x7d, 0xdb, 0x80, 0xd5, 0x7d, 0xdc, 0x7f, 0xe0, 0x7e,
  0xe1, 0x7e, 0xe1, 0x7e, 0xe5, 0x7f, 0xe3, 0x7e, 0xae, 0x80, 0xc9, 0x7e,
  0xd2, 0x80, 0xd2, 0x7e, 0xd4, 0x7f, 0xd5, 0x7e, 0xd6, 0x7f, 0xd8, 0x7e,
  0xd8, 0x7f, 0xd8, 0x7e, 0xd8, 0x7e, 0xd8, 0x7e, 0xd6, 0x7f, 0xca, 0x7e,
  0xd0, 0x81, 0x5d, 0x7b, 0x2b, 0x82, 0xb5, 0x77, 0xd3, 0x85, 0xcf, 0x72,
  0xe0, 0x7e, 0xd9, 0x7f, 0xdc, 0x80, 0xb3, 0x7e, 0x87, 0x7f, 0xe3, 0x7e,
  0xd2, 0x80, 0xcf, 0x7e, 0xd1, 0x82, 0x85, 0x7d, 0x28, 0x83, 0x2a, 0x7b,
  0x19, 0x8a, 0x38, 0x75, 0x38, 0x88, 0x1f, 0x77, 0x2e, 0x84, 0x35, 0x7b,
  0x3e, 0x86, 0x47, 0x79, 0x4e, 0x86, 0x55, 0x79, 0x5a, 0x86, 0x5d, 0x79,
  0x5e, 0x87, 0x5e, 0x79, 0x5c, 0x87, 0x5a, 0x78, 0x57, 0x88, 0x58, 0x78,
  0x62, 0x92, 0x7d, 0x6d, 0xb4, 0x92, 0x65, 0x68, 0x23, 0x89, 0x30, 0x77,
  0x2c, 0x89, 0x2d, 0x76, 0x2e, 0x88, 0x2c, 0x77, 0x2c, 0x87, 0x2b, 0x78,
  0x2b, 0x88, 0x2c, 0x77, 0x30, 0x89, 0x30, 0x76, 0x2e, 0x88, 0x28, 0x78,
  0x27, 0x87, 0x27, 0x79, 0x27, 0x87, 0x26, 0x79, 0x26, 0x86, 0x26, 0x79,
  0x25, 0x86, 0x26, 0x7a, 0x27, 0x85, 0x27, 0x7a, 0x27, 0x84, 0x28, 0x7c,
  0x2a, 0x82, 0x2b, 0x7d, 0x2d, 0x80, 0x30, 0x7f, 0x2f, 0x76, 0x45, 0x84,
  0xba, 0x4a, 0xc1, 0x9a, 0xbf, 0x46, 0xc0, 0x9c, 0xc0, 0x48, 0xc0, 0x9b,
  0xc0, 0x48, 0xc0, 0x9b, 0xc0, 0x47, 0xc0, 0x9b, 0xc0, 0x48, 0xc0, 0x9b,
  0xc0, 0x45, 0xbe, 0x9c, 0xc8, 0x51, 0x88, 0x96, 0x2d, 0x7a, 0x33, 0x83,
  0x2e, 0x7c, 0x2b, 0x81, 0x29, 0x7f, 0x26, 0x7e, 0x25, 0x81, 0x23, 0x7d,
  0x23, 0x83, 0x22, 0x7c, 0x22, 0x84, 0x21, 0x7b, 0x21, 0x84, 0x20, 0x7b,
  0x20, 0x84, 0x1f, 0x7a, 0x20, 0x85, 0x1f, 0x7a, 0x1f, 0x84, 0x1f, 0x7a,
  0x1f, 0x85, 0x1f, 0x7a, 0x1f, 0x85, 0x1f, 0x7a, 0x1f, 0x84, 0x1f, 0x7a,
  0x1f, 0x85, 0x1f, 0x7a, 0x1f, 0x85, 0x20, 0x7a, 0x20, 0x84, 0x1f, 0x7a,
  0x1f, 0x84, 0x1f, 0x7a, 0x1f, 0x85, 0x1f, 0x7a, 0x1f, 0x84, 0x1f, 0x7a,
  0x1e, 0x84, 0x1f, 0x7a, 0x1f, 0x85, 0x1f, 0x7a, 0x1f, 0x84, 0x1f, 0x7a,
  0x1f, 0x84, 0x1e, 0x7a, 0x1e, 0x84, 0x1e, 0x7a, 0x1f, 0x84, 0x1f, 0x7a,
  0x1e, 0x84, 0x1e, 0x7a, 0x1f, 0x84, 0x1f, 0x7a, 0x1f, 0x84, 0x1e, 0x7a,
  0x1e, 0x84, 0x1e, 0x7a, 0x1f, 0x84, 0x1e, 0x7a, 0x1e, 0x84, 0x1e, 0x7a,
  0x1e, 0x84, 0x1e, 0x7a, 0x1e, 0x84, 0x1e, 0x7a, 0x1e, 0x85, 0x1e, 0x7b,
  0x1e, 0x84, 0x1e, 0x7b, 0x1e, 0x85, 0x1e, 0x7b, 0x1e, 0x85, 0x1e, 0x7b,
  0x1e, 0x85, 0x1e, 0x7b, 0x1e, 0x85, 0x1e, 0x7b, 0x1e, 0x85, 0x1e, 0x7b,
  0x1e, 0x85, 0x1e, 0x7b, 0x1e, 0x85, 0x1e, 0x7b, 0x1e, 0x85, 0x1e, 0x7b,
  0x1e, 0x85, 0x1e, 0x7b, 0x1e, 0x85, 0x1e, 0x7b, 0x1e, 0x85, 0x1e, 0x7b,
  0x1e, 0x85, 0x1f, 0x7b, 0x1e, 0x85, 0x1e, 0x7b, 0x1e, 0x85, 0x1f, 0x7b,
  0x1e, 0x85, 0x1f, 0x7b, 0x1f, 0x85, 0x1f, 0x7b, 0x1f, 0x85, 0x1e, 0x7b,
  0x1f, 0x85, 0x1f, 0x7a, 0x1f, 0x85, 0x1e, 0x7b, 0x1f, 0x85, 0x1f, 0x7b,
  0x1f, 0x85, 0x20, 0x7b, 0x20, 0x85, 0x20, 0x7b, 0x20, 0x84, 0x20, 0x7b,
  0x21, 0x83, 0x22, 0x7c, 0x23, 0x82, 0x24, 0x7c, 0x26, 0x81, 0x27, 0x7e,
  0x29, 0x7f, 0x2b, 0x80, 0x2d, 0x7c, 0x30, 0x81, 0x31, 0x75, 0x3d, 0x86,
  0xb0, 0x4a, 0xc1, 0x9a, 0xbe, 0x45, 0xbf, 0x9d, 0xc0, 0x47, 0xbf, 0x9c,
  0xbf, 0x47, 0xc0, 0x9b, 0xc0, 0x47, 0xc0, 0x9b, 0xbf, 0x48, 0xbf, 0x9b,
  0xc0, 0x48, 0xc0, 0x9b, 0xc0, 0x47, 0xc0, 0x9b, 0xc0, 0x48, 0xbf, 0x9b,
  0xbe, 0x44, 0xc3, 0x9d, 0xad, 0x64, 0x3a, 0x8e, 0x32, 0x81, 0x31, 0x7f,
  0x2f, 0x81, 0x2e, 0x7e, 0x2c, 0x84, 0x2b, 0x7c, 0x29, 0x85, 0x28, 0x7b,
  0x27, 0x85, 0x27, 0x7a, 0x27, 0x86, 0x27, 0x79, 0x27, 0x87, 0x28, 0x79,
  0x28, 0x87, 0x29, 0x78, 0x2a, 0x88, 0x2c, 0x77, 0x2d, 0x88, 0x2d, 0x77,
  0x2a, 0x88, 0x2a, 0x78, 0x2b, 0x88, 0x2c, 0x77, 0x2d, 0x89, 0x2e, 0x75,
  0x2d, 0x89, 0x2e, 0x76, 0x2e, 0x8a, 0x2f, 0x75, 0x2f, 0x8a, 0x30, 0x74,
  0x31, 0x8b, 0x32, 0x74, 0x33, 0x8c, 0x34, 0x73, 0x34, 0x8d, 0x35, 0x72,
  0x35, 0x8d, 0x36, 0x71, 0x37, 0x8e, 0x37, 0x70, 0x39, 0x8e, 0x35, 0x70,
  0x46, 0x95, 0xa3, 0x63, 0x7f, 0x99, 0x57, 0x66, 0x44, 0x8b, 0x3b, 0x76,
  0x36, 0x87, 0x42, 0x79, 0xb4, 0x83, 0xc4, 0x7c, 0xc4, 0x81, 0xc7, 0x7d,
  0xc7, 0x81, 0xd1, 0x7d, 0x4f, 0x80, 0xa8, 0x7d, 0xd9, 0x80, 0xd6, 0x7e,
  0xdc, 0x7f, 0xdf, 0x7e, 0xe0, 0x7e, 0xe9, 0x7f, 0xf0, 0x7d, 0xf0, 0x80,
  0xcb, 0x80, 0xb6, 0x7e, 0xd3, 0x80, 0xd1, 0x7e, 0xd3, 0x7f, 0xd4, 0x7f,
  0xd5, 0x7f, 0xd6, 0x7f, 0xd7, 0x7f, 0xd8, 0x7f, 0xd8, 0x7f, 0xd8, 0x7f,
  0xd4, 0x81, 0xcd, 0x7d, 0x75, 0x81, 0x25, 0x7b, 0x2a, 0x7c, 0xcd, 0x81,
  0x9e, 0x8a, 0x87, 0x6c, 0xe4, 0x81, 0xd7, 0x7c, 0xd9, 0x7f, 0xba, 0x7f,
  0x8d, 0x80, 0xdf, 0x7e, 0xd2, 0x80, 0xd2, 0x7f, 0xcc, 0x81, 0xc8, 0x7e,
  0x65, 0x83, 0x24, 0x7c, 0x22, 0x8b, 0x33, 0x74, 0x64, 0x90, 0x2c, 0x6f,
  0x27, 0x82, 0x30, 0x7c, 0x37, 0x86, 0x40, 0x79, 0x48, 0x86, 0x4f, 0x79,
  0x56, 0x86, 0x5a, 0x79, 0x5c, 0x87, 0x5e, 0x79, 0x5d, 0x87, 0x5a, 0x79,
  0x57, 0x87, 0x56, 0x78, 0x56, 0x8d, 0x60, 0x74, 0x86, 0x95, 0xb7, 0x65,
  0x4f, 0x8b, 0x27, 0x72, 0x30, 0x89, 0x2c, 0x77, 0x2d, 0x89, 0x2d, 0x77,
  0x2c, 0x88, 0x2b, 0x78, 0x2c, 0x87, 0x2b, 0x78, 0x2d, 0x89, 0x30, 0x77,
  0x30, 0x89, 0x2b, 0x77, 0x27, 0x87, 0x27, 0x79, 0x27, 0x86, 0x27, 0x79,
  0x26, 0x86, 0x26, 0x7a, 0x26, 0x86, 0x26, 0x7a, 0x27, 0x85, 0x27, 0x7b,
  0x28, 0x84, 0x28, 0x7c, 0x2a, 0x81, 0x2c, 0x7e, 0x2d, 0x80, 0x31, 0x7f,
  0x2c, 0x73, 0x56, 0x86, 0xc3, 0x47, 0xbf, 0x9b, 0xc0, 0x46, 0xc0, 0x9b,
  0xc0, 0x47, 0xc0, 0x9b, 0xc0, 0x47, 0xc0, 0x9b, 0xc0, 0x48, 0xc0, 0x9b,
  0xc0, 0x48, 0xc0, 0x9b, 0xbf, 0x43, 0xbf, 0x9d, 0xc2, 0x5a, 0x56, 0x92,
  0x2f, 0x7d, 0x32, 0x82, 0x2d, 0x7d, 0x2a, 0x81, 0x28, 0x80, 0x26, 0x7e,
  0x25, 0x82, 0x23, 0x7d, 0x22, 0x83, 0x22, 0x7c, 0x22, 0x84, 0x21, 0x7b,
  0x21, 0x84, 0x20, 0x7b, 0x20, 0x84, 0x20, 0x7b, 0x1f, 0x85, 0x1f, 0x7b,
  0x1e, 0x85, 0x1f, 0x7b, 0x1f, 0x85, 0x1f, 0x7b, 0x1f, 0x85, 0x1f, 0x7b,
  0x1f, 0x85, 0x1f, 0x7b, 0x1f, 0x85, 0x1f, 0x7a, 0x1f, 0x85, 0x1f, 0x7b,
  0x1f, 0x85, 0x1f, 0x7b, 0x1f, 0x85, 0x1f, 0x7b, 0x1f, 0x85, 0x1f, 0x7b,
  0x1f, 0x85, 0x1e, 0x7b, 0x1f, 0x85, 0x1e, 0x7b, 0x1e, 0x85, 0x1e, 0x7b,
  0x1e, 0x85, 0x1e, 0x7b, 0x1e, 0x85, 0x1e, 0x7a, 0x1e, 0x85, 0x1e, 0x7b,
  0x1e, 0x85, 0x1e, 0x7b, 0x1e, 0x85, 0x1e, 0x7b, 0x1e, 0x85, 0x1e, 0x7b,
  0x1e, 0x85, 0x1e, 0x7b, 0x1e, 0x84, 0x1e, 0x7b, 0x1e, 0x85, 0x1e, 0x7b,
  0x1e, 0x84, 0x1e, 0x7b, 0x1e, 0x84, 0x1e, 0x7b, 0x1e, 0x85, 0x1e, 0x7b,
  0x1e, 0x84, 0x1e, 0x7a, 0x1e, 0x84, 0x1e, 0x7a, 0x1e, 0x84, 0x1e, 0x7a,
  0x1e, 0x84, 0x1e, 0x7a, 0x1e, 0x84, 0x1e, 0x7a, 0x1e, 0x84, 0x1e, 0x7a,
  0x1e, 0x84, 0x1e, 0x7a, 0x1f, 0x84, 0x1f, 0x7a, 0x1e, 0x84, 0x1e, 0x7a,
  0x1f, 0x84, 0x1f, 0x7a, 0x1f, 0x84, 0x1f, 0x7a, 0x1f, 0x84, 0x1f, 0x7a,
  0x1f, 0x84, 0x1f, 0x7a, 0x1f, 0x84, 0x1f, 0x7a, 0x1f, 0x84, 0x1f, 0x7a,
  0x1f, 0x84, 0x1f, 0x7a, 0x1f, 0x85, 0x1f, 0x7a, 0x1f, 0x84, 0x1f, 0x7a,
  0x1f, 0x85, 0x1f, 0x7a, 0x1f, 0x84, 0x1f, 0x7a, 0x1f, 0x85, 0x1f, 0x7a,
  0x1f, 0x85, 0x1f, 0x7a, 0x20, 0x84, 0x20, 0x7a, 0x1f, 0x84, 0x20, 0x7a,
  0x20, 0x84, 0x21, 0x7a, 0x21, 0x83, 0x22, 0x7b, 0x23, 0x82, 0x24, 0x7c,
  0x24, 0x81, 0x26, 0x7d, 0x27, 0x7f, 0x2a, 0x7e, 0x2c, 0x7c, 0x2e, 0x81,
  0x33, 0x7b, 0x2c, 0x82, 0x73, 0x54, 0xc8, 0x95, 0xbd, 0x43, 0xbf, 0x9d,
  0xbf, 0x47, 0xbf, 0x9b, 0xbf, 0x47, 0xc0, 0x9c, 0xc0, 0x47, 0xc0, 0x9c,
  0xc0, 0x47, 0xc0, 0x9b, 0xc0, 0x47, 0xc1, 0x9b, 0xc0, 0x47, 0xc0, 0x9b,
  0xc0, 0x48, 0xc1, 0x9b, 0xc0, 0x44, 0xbf, 0x9d, 0xc2, 0x5c, 0x52, 0x91,
  0x2e, 0x80, 0x32, 0x80, 0x2f, 0x80, 0x2e, 0x7e, 0x2c, 0x83, 0x2a, 0x7c,
  0x29, 0x84, 0x28, 0x7a, 0x27, 0x86, 0x26, 0x7a, 0x26, 0x86, 0x26, 0x79,
  0x27, 0x87, 0x28, 0x79, 0x28, 0x87, 0x29, 0x78, 0x2b, 0x88, 0x2c, 0x77,
  0x2d, 0x88, 0x2c, 0x78, 0x2a, 0x88, 0x2b, 0x77, 0x2c, 0x88, 0x2d, 0x76,
  0x2e, 0x89, 0x2e, 0x75, 0x2d, 0x8a, 0x2e, 0x75, 0x2e, 0x8a, 0x2f, 0x75,
  0x30, 0x8b, 0x31, 0x74, 0x31, 0x8b, 0x32, 0x73, 0x33, 0x8c, 0x34, 0x72,
  0x34, 0x8d, 0x35, 0x72, 0x36, 0x8e, 0x37, 0x70, 0x38, 0x8e, 0x39, 0x6f,
  0x3a, 0x8e, 0x36, 0x6f, 0x4d, 0x96, 0xa5, 0x63, 0x79, 0x98, 0x55, 0x67,
  0x41, 0x8a, 0x39, 0x76, 0x36, 0x87, 0x3f, 0x78, 0xb1, 0x83, 0xc5, 0x7c,
  0xc4, 0x81, 0xc6, 0x7d, 0xcb, 0x80, 0xbb, 0x7d, 0x50, 0x81, 0xc6, 0x7d,
  0xd2, 0x80, 0xd7, 0x7d, 0xdb, 0x7e, 0xdd, 0x7f, 0xe4, 0x82, 0xc5, 0x79,
  0x91, 0x87, 0xb3, 0x70, 0xda, 0x80, 0xb9, 0x7d, 0xce, 0x80, 0xd1, 0x7e,
  0xd2, 0x7f, 0xd4, 0x7e, 0xd4, 0x7e, 0xd5, 0x7e, 0xd7, 0x7e, 0xd7, 0x7f,
  0xd7, 0x7e, 0xd7, 0x7f, 0xd7, 0x80, 0xcb, 0x7c, 0x4e, 0x80, 0x1c, 0x7a,
  0x0a, 0x7c, 0x1e, 0x81, 0x15, 0x88, 0x65, 0x6f, 0xdc, 0x82, 0xd7, 0x78,
  0xd7, 0x7f, 0xb2, 0x7f, 0x9a, 0x80, 0xdf, 0x7d, 0xd4, 0x7f, 0xd4, 0x7e,
  0xcf, 0x80, 0xcd, 0x7e, 0xb9, 0x82, 0x39, 0x7c, 0x1f, 0x8a, 0x2c, 0x75,
  0x68, 0x96, 0x67, 0x68, 0x1e, 0x83, 0x2d, 0x7a, 0x31, 0x85, 0x3a, 0x7a,
  0x42, 0x86, 0x49, 0x79, 0x50, 0x86, 0x56, 0x79, 0x5a, 0x87, 0x5b, 0x79,
  0x5b, 0x87, 0x5a, 0x78, 0x57, 0x87, 0x56, 0x78, 0x54, 0x89, 0x57, 0x78,
  0x67, 0x95, 0x95, 0x69, 0xa8, 0x8f, 0x36, 0x6a, 0x2b, 0x88, 0x2e, 0x78,
  0x2c, 0x89, 0x2d, 0x76, 0x2d, 0x88, 0x2c, 0x77, 0x2c, 0x87, 0x2c, 0x78,
  0x2c, 0x88, 0x2f, 0x77, 0x30, 0x89, 0x2e, 0x76, 0x28, 0x87, 0x27, 0x79,
  0x27, 0x86, 0x27, 0x79, 0x26, 0x86, 0x26, 0x79, 0x26, 0x86, 0x26, 0x79,
  0x27, 0x85, 0x27, 0x7a, 0x28, 0x83, 0x28, 0x7c, 0x2a, 0x81, 0x2c, 0x7e,
  0x2e, 0x81, 0x31, 0x7e, 0x29, 0x70, 0x69, 0x87, 0xc8, 0x46, 0xbe, 0x9c,
  0xc1, 0x47, 0xc0, 0x9b, 0xc1, 0x47, 0xc1, 0x9b, 0xc1, 0x47, 0xc1, 0x9b,
  0xc1, 0x47, 0xc1, 0x9b, 0xc1, 0x48, 0xc0, 0x9b, 0xbf, 0x44, 0xc5, 0x9d,
  0xa2, 0x63, 0x35, 0x8e, 0x34, 0x7d, 0x2f, 0x81, 0x2c, 0x7d, 0x29, 0x80,
  0x28, 0x81, 0x25, 0x7e, 0x24, 0x82, 0x23, 0x7d, 0x22, 0x83, 0x21, 0x7b,
  0x21, 0x83, 0x21, 0x7b, 0x20, 0x84, 0x20, 0x7a, 0x20, 0x85, 0x20, 0x7a,
  0x1f, 0x85, 0x1f, 0x7a, 0x1f, 0x85, 0x1f, 0x7a, 0x1f, 0x85, 0x1f, 0x7a,
  0x1f, 0x85, 0x20, 0x7a, 0x1f, 0x85, 0x20, 0x7a, 0x1f, 0x85, 0x1f, 0x7a,
  0x1f, 0x85, 0x1f, 0x7a, 0x1f, 0x85, 0x20, 0x7a, 0x1f, 0x84, 0x20, 0x7a,
  0x1f, 0x85, 0x1f, 0x7a, 0x1f, 0x84, 0x1f, 0x7a, 0x1f, 0x84, 0x1f, 0x7a,
  0x1f, 0x84, 0x1f, 0x7a, 0x1f, 0x84, 0x1f, 0x7a, 0x1f, 0x84, 0x1e, 0x7a,
  0x1f, 0x84, 0x1f, 0x7a, 0x1e, 0x84, 0x1e, 0x7a, 0x1f, 0x84, 0x1f, 0x7a,
  0x1e, 0x84, 0x1e, 0x7a, 0x1f, 0x84, 0x1e, 0x7a, 0x1f, 0x84, 0x1f, 0x7a,
  0x1f, 0x84, 0x1e, 0x7a, 0x1e, 0x84, 0x1e, 0x7a, 0x1e, 0x84, 0x1e, 0x7a,
  0x1e, 0x84, 0x1e, 0x7a, 0x1d, 0x84, 0x1d, 0x7a, 0x1e, 0x84, 0x1e, 0x7a,
  0x1e, 0x84, 0x1e, 0x7a, 0x1e, 0x84, 0x1e, 0x7b, 0x1e, 0x84, 0x1e, 0x7b,
  0x1e, 0x84, 0x1e, 0x7a, 0x1e, 0x84, 0x1e, 0x7a, 0x1e, 0x84, 0x1e, 0x7a,
  0x1e, 0x84, 0x1e, 0x7a, 0x1f, 0x84, 0x1e, 0x7a, 0x1e, 0x84, 0x1e, 0x7a,
  0x1e, 0x84, 0x1f, 0x7a, 0x1f, 0x84, 0x1e, 0x7a, 0x1f, 0x84, 0x1e, 0x7a,
  0x1f, 0x85, 0x1f, 0x7a, 0x1f, 0x85, 0x1e, 0x7a, 0x1f, 0x85, 0x1f, 0x7a,
  0x1f, 0x84, 0x1f, 0x7a, 0x1f, 0x84, 0x1f, 0x7a, 0x1f, 0x85, 0x1f, 0x7a,
  0x1f, 0x85, 0x1f, 0x7a, 0x1f, 0x84, 0x1f, 0x7a, 0x20, 0x84, 0x1f, 0x7b,
  0x20, 0x84, 0x20, 0x7a, 0x20, 0x84, 0x21, 0x7b, 0x21, 0x83, 0x21, 0x7b,
  0x22, 0x82, 0x23, 0x7c, 0x24, 0x82, 0x26, 0x7d, 0x26, 0x80, 0x28, 0x7f,
  0x2a, 0x7c, 0x2d, 0x80, 0x31, 0x7d, 0x33, 0x81, 0x3a, 0x61, 0xad, 0x8f,
  0xc3, 0x43, 0xbe, 0x9d, 0xbf, 0x47, 0xbf, 0x9b, 0xc0, 0x47, 0xc0, 0x9c,
  0xc0, 0x47, 0xc0, 0x9b, 0xc0, 0x47, 0xc0, 0x9b, 0xc0, 0x47, 0xc0, 0x9b,
  0xc0, 0x47, 0xc0, 0x9b, 0xc0, 0x48, 0xc0, 0x9b, 0xc0, 0x44, 0xbe, 0x9d,
  0xc9, 0x56, 0x73, 0x94, 0x2c, 0x7e, 0x34, 0x80, 0x2f, 0x80, 0x2e, 0x7f,
  0x2c, 0x83, 0x2a, 0x7d, 0x2a, 0x84, 0x28, 0x7b, 0x27, 0x85, 0x27, 0x7a,
  0x27, 0x86, 0x27, 0x79, 0x27, 0x87, 0x28, 0x79, 0x28, 0x88, 0x2b, 0x78,
  0x2b, 0x89, 0x2b, 0x77, 0x2c, 0x88, 0x2a, 0x77, 0x2b, 0x88, 0x2c, 0x77,
  0x2c, 0x89, 0x2d, 0x76, 0x2e, 0x8a, 0x2e, 0x76, 0x2e, 0x8a, 0x2e, 0x75,
  0x2f, 0x8b, 0x30, 0x75, 0x30, 0x8b, 0x31, 0x74, 0x31, 0x8c, 0x33, 0x73,
  0x34, 0x8d, 0x35, 0x72, 0x36, 0x8e, 0x37, 0x71, 0x38, 0x8e, 0x38, 0x70,
  0x39, 0x8f, 0x3a, 0x6f, 0x3b, 0x8f, 0x36, 0x6f, 0x55, 0x96, 0xa5, 0x62,
  0x75, 0x98, 0x52, 0x68, 0x3e, 0x8a, 0x38, 0x77, 0x36, 0x87, 0x39, 0x79,
  0xaa, 0x83, 0xc6, 0x7c, 0xc3, 0x81, 0xc5, 0x7d, 0xcd, 0x81, 0xab, 0x7d,
  0x5f, 0x81, 0xd1, 0x7d, 0xd1, 0x80, 0xd6, 0x7e, 0xd8, 0x80, 0xe3, 0x7d,
  0xb4, 0x88, 0x32, 0x70, 0x3c, 0x82, 0xd8, 0x78, 0xbc, 0x85, 0xaf, 0x75,
  0xc5, 0x80, 0xd1, 0x7e, 0xd1, 0x7f, 0xd4, 0x7f, 0xd4, 0x7f, 0xd7, 0x7f,
  0xd8, 0x81, 0xd7, 0x7e, 0xd6, 0x7e, 0xd6, 0x80, 0xd8, 0x81, 0xcc, 0x7b,
  0x48, 0x81, 0x11, 0x7a, 0x10, 0x7c, 0x0d, 0x81, 0x09, 0x87, 0x54, 0x71,
  0xd0, 0x84, 0xd4, 0x77, 0xd3, 0x80, 0xa9, 0x7f, 0xb7, 0x80, 0xdf, 0x7d,
  0xd6, 0x7f, 0xd6, 0x7e, 0xd3, 0x80, 0xcc, 0x7e, 0xce, 0x81, 0x78, 0x7d,
  0x1c, 0x89, 0x30, 0x77, 0x58, 0x99, 0x9b, 0x62, 0x40, 0x87, 0x21, 0x75,
  0x2f, 0x84, 0x34, 0x7c, 0x3c, 0x86, 0x43, 0x79, 0x4b, 0x86, 0x51, 0x79,
  0x55, 0x87, 0x58, 0x79, 0x5a, 0x87, 0x59, 0x78, 0x58, 0x87, 0x56, 0x78,
  0x54, 0x87, 0x53, 0x79, 0x58, 0x90, 0x6c, 0x70, 0xa5, 0x94, 0x87, 0x66,
  0x24, 0x89, 0x2f, 0x76, 0x2c, 0x89, 0x2c, 0x77, 0x2d, 0x89, 0x2d, 0x77,
  0x2c, 0x88, 0x2c, 0x78, 0x2b, 0x88, 0x2d, 0x78, 0x2f, 0x89, 0x2f, 0x76,
  0x2b, 0x88, 0x27, 0x78, 0x27, 0x87, 0x27, 0x79, 0x27, 0x86, 0x27, 0x79,
  0x27, 0x86, 0x27, 0x7a, 0x27, 0x85, 0x27, 0x7a, 0x28, 0x84, 0x29, 0x7c,
  0x2a, 0x81, 0x2c, 0x7e, 0x2e, 0x81, 0x32, 0x7f, 0x2a, 0x6c, 0x80, 0x88,
  0xc9, 0x45, 0xbe, 0x9c, 0xc0, 0x47, 0xc0, 0x9b, 0xc0, 0x47, 0xc1, 0x9b,
  0xc1, 0x47, 0xc0, 0x9b, 0xc1, 0x47, 0xc0, 0x9b, 0xc1, 0x47, 0xc0, 0x9b,
  0xbe, 0x46, 0xc8, 0x9c, 0x6e, 0x6d, 0x2d, 0x89, 0x33, 0x7d, 0x2e, 0x81,
  0x2b, 0x7e, 0x29, 0x80, 0x27, 0x81, 0x25, 0x7e, 0x24, 0x83, 0x22, 0x7c,
  0x21, 0x84, 0x21, 0x7b, 0x21, 0x84, 0x20, 0x7b, 0x20, 0x84, 0x20, 0x7a,
  0x20, 0x85, 0x20, 0x7a, 0x20, 0x85, 0x1f, 0x7a, 0x1f, 0x85, 0x1f, 0x7a,
  0x1f, 0x85, 0x1f, 0x7a, 0x1f, 0x85, 0x20, 0x7a, 0x1f, 0x85, 0x20, 0x7a,
  0x20, 0x85, 0x1f, 0x7a, 0x1f, 0x85, 0x1f, 0x7a, 0x1f, 0x85, 0x1f, 0x7a,
  0x1f, 0x84, 0x1f, 0x7a, 0x1f, 0x85, 0x1f, 0x7a, 0x1f, 0x85, 0x1f, 0x7a,
  0x1e, 0x84, 0x1e, 0x7a, 0x1e, 0x84, 0x1e, 0x7a, 0x1f, 0x84, 0x1e, 0x7a,
  0x1e, 0x84, 0x1e, 0x7a, 0x1e, 0x84, 0x1e, 0x7a, 0x1e, 0x84, 0x1e, 0x7a,
  0x1e, 0x84, 0x1e, 0x7a, 0x1e, 0x84, 0x1e, 0x7a, 0x1e, 0x84, 0x1e, 0x7a,
  0x1e, 0x84, 0x1e, 0x7a, 0x1e, 0x84, 0x1e, 0x7a, 0x1e, 0x84, 0x1e, 0x7a,
  0x1e, 0x84, 0x1e, 0x7a, 0x1e, 0x84, 0x1e, 0x7a, 0x1e, 0x84, 0x1e, 0x7b,
  0x1e, 0x84, 0x1e, 0x7a, 0x1e, 0x84, 0x1e, 0x7b, 0x1e, 0x84, 0x1e, 0x7b,
  0x1e, 0x84, 0x1e, 0x7a, 0x1e, 0x84, 0x1f, 0x7b, 0x1e, 0x84, 0x1e, 0x7a,
  0x1e, 0x84, 0x1e, 0x7b, 0x1f, 0x84, 0x1e, 0x7a, 0x1f, 0x84, 0x1f, 0x7a,
  0x1e, 0x84, 0x1f, 0x7a, 0x1f, 0x84, 0x1f, 0x7a, 0x1f, 0x84, 0x1f, 0x7a,
  0x1f, 0x84, 0x1f, 0x7a, 0x1f, 0x84, 0x1f, 0x7a, 0x1f, 0x85, 0x1f, 0x7a,
  0x1f, 0x84, 0x1f, 0x7a, 0x1f, 0x84, 0x1f, 0x7a, 0x1f, 0x84, 0x1f, 0x7a,
  0x1f, 0x85, 0x20, 0x7a, 0x1f, 0x85, 0x1f, 0x7a, 0x1f, 0x84, 0x20, 0x7a,
  0x20, 0x84, 0x20, 0x7b, 0x20, 0x84, 0x20, 0x7b, 0x21, 0x84, 0x21, 0x7b,
  0x21, 0x84, 0x22, 0x7b, 0x23, 0x83, 0x24, 0x7c, 0x24, 0x82, 0x25, 0x7d,
  0x26, 0x80, 0x27, 0x7e, 0x29, 0x7e, 0x2b, 0x80, 0x2e, 0x7d, 0x33, 0x81,
  0x2d, 0x6e, 0x68, 0x89, 0xc6, 0x45, 0xbd, 0x9c, 0xbf, 0x47, 0xc0, 0x9b,
  0xbf, 0x47, 0xc0, 0x9b, 0xc0, 0x47, 0xc0, 0x9b, 0xc0, 0x48, 0xc0, 0x9b,
  0xc0, 0x48, 0xc0, 0x9b, 0xc0, 0x47, 0xc0, 0x9b, 0xc0, 0x48, 0xc0, 0x9b,
  0xc0, 0x46, 0xbe, 0x9c, 0xc7, 0x51, 0x96, 0x96, 0x2f, 0x7c, 0x34, 0x82,
  0x30, 0x7f, 0x2e, 0x7f, 0x2c, 0x82, 0x2b, 0x7d, 0x29, 0x84, 0x28, 0x7c,
  0x28, 0x85, 0x27, 0x7a, 0x27, 0x86, 0x27, 0x7a, 0x28, 0x87, 0x28, 0x78,
  0x29, 0x88, 0x2b, 0x78, 0x2b, 0x88, 0x2b, 0x77, 0x2b, 0x88, 0x2a, 0x78,
  0x2c, 0x89, 0x2d, 0x77, 0x2d, 0x89, 0x2f, 0x75, 0x2e, 0x8a, 0x2e, 0x75,
  0x2f, 0x8a, 0x2f, 0x75, 0x2f, 0x8b, 0x30, 0x74, 0x31, 0x8b, 0x32, 0x73,
  0x33, 0x8c, 0x34, 0x72, 0x35, 0x8d, 0x36, 0x71, 0x37, 0x8e, 0x38, 0x70,
  0x39, 0x8f, 0x39, 0x6f, 0x3a, 0x90, 0x3a, 0x6e, 0x3c, 0x90, 0x36, 0x6e,
  0x5c, 0x97, 0xa4, 0x61, 0x70, 0x97, 0x50, 0x69, 0x3c, 0x89, 0x37, 0x77,
  0x37, 0x87, 0x33, 0x78, 0x9d, 0x83, 0xc6, 0x7c, 0xc1, 0x82, 0xc4, 0x7d,
  0xcc, 0x81, 0xac, 0x7d, 0x66, 0x81, 0xd0, 0x7d, 0xcf, 0x7f, 0xd3, 0x7f,
  0xd8, 0x84, 0xd3, 0x77, 0x4e, 0x86, 0x14, 0x74, 0x3d, 0x7c, 0xd4, 0x81,
  0x60, 0x84, 0x7f, 0x76, 0xce, 0x81, 0xcf, 0x7d, 0xd0, 0x80, 0xd1, 0x7e,
  0xd5, 0x7b, 0xd1, 0x81, 0xce, 0x6f, 0xd1, 0x87, 0xd8, 0x7f, 0xda, 0x7f,
  0xd5, 0x81, 0xd5, 0x7b, 0x6a, 0x83, 0x23, 0x77, 0x16, 0x7c, 0x23, 0x83,
  0x26, 0x87, 0x6f, 0x70, 0xd5, 0x83, 0xd0, 0x78, 0xc6, 0x80, 0xad, 0x7f,
  0xd8, 0x7f, 0xdb, 0x7e, 0xd9, 0x7f, 0xd7, 0x7e, 0xd3, 0x7f, 0xce, 0x7e,
  0xc9, 0x82, 0xa7, 0x7d, 0x2b, 0x87, 0x2d, 0x78, 0x4d, 0x9a, 0x9b, 0x61,
  0x6d, 0x8c, 0x19, 0x6f, 0x2a, 0x83, 0x2f, 0x7d, 0x36, 0x86, 0x3d, 0x79,
  0x45, 0x86, 0x4b, 0x79, 0x51, 0x86, 0x55, 0x79, 0x57, 0x86, 0x58, 0x79,
  0x57, 0x87, 0x56, 0x78, 0x54, 0x87, 0x51, 0x78, 0x50, 0x8b, 0x5b, 0x76,
  0x76, 0x96, 0xaf, 0x66, 0x56, 0x8c, 0x25, 0x71, 0x2f, 0x88, 0x2d, 0x77,
  0x2d, 0x89, 0x2d, 0x76, 0x2c, 0x88, 0x2c, 0x77, 0x2b, 0x88, 0x2b, 0x77,
  0x2e, 0x89, 0x2e, 0x76, 0x2d, 0x88, 0x28, 0x78, 0x27, 0x87, 0x27, 0x79,
  0x27, 0x86, 0x27, 0x79, 0x27, 0x86, 0x27, 0x7a, 0x28, 0x85, 0x28, 0x7b,
  0x29, 0x84, 0x29, 0x7c, 0x2a, 0x81, 0x2c, 0x7e, 0x2e, 0x82, 0x32, 0x7e,
  0x2e, 0x68, 0x98, 0x8b, 0xc7, 0x43, 0xbf, 0x9c, 0xc0, 0x48, 0xc0, 0x9b,
  0xc0, 0x47, 0xc0, 0x9b, 0xc0, 0x47, 0xc0, 0x9b, 0xc0, 0x48, 0xc0, 0x9b,
  0xc0, 0x46, 0xc0, 0x9b, 0xc2, 0x4a, 0xb5, 0x99, 0x41, 0x75, 0x31, 0x86,
  0x30, 0x7d, 0x2d, 0x81, 0x2a, 0x7f, 0x28, 0x7e, 0x26, 0x81, 0x25, 0x7d,
  0x24, 0x83, 0x22, 0x7c, 0x21, 0x84, 0x22, 0x7b, 0x21, 0x84, 0x21, 0x7b,
  0x20, 0x84, 0x20, 0x7a, 0x20, 0x85, 0x20, 0x7a, 0x20, 0x85, 0x20, 0x7a,
  0x20, 0x85, 0x1f, 0x7a, 0x20, 0x85, 0x20, 0x7a, 0x20, 0x85, 0x20, 0x7a,
  0x20, 0x85, 0x20, 0x7a, 0x20, 0x84, 0x20, 0x7a, 0x1f, 0x85, 0x20, 0x7a,
  0x1f, 0x85, 0x20, 0x7a, 0x20, 0x84, 0x1f, 0x7a, 0x1f, 0x84, 0x1f, 0x7a,
  0x1f, 0x84, 0x1f, 0x7a, 0x1f, 0x84, 0x1f, 0x7a, 0x1f, 0x84, 0x1e, 0x7a,
  0x1e, 0x84, 0x1f, 0x7a, 0x1f, 0x84, 0x1f, 0x7a, 0x1e, 0x84, 0x1f, 0x7a,
  0x1e, 0x84, 0x1e, 0x7a, 0x1e, 0x84, 0x1e, 0x7b, 0x1e, 0x84, 0x1e, 0x7b,
  0x1e, 0x84, 0x1e, 0x7b, 0x1e, 0x84, 0x1e, 0x7a, 0x1e, 0x84, 0x1e, 0x7a,
  0x1e, 0x84, 0x1e, 0x7a, 0x1e, 0x84, 0x1e, 0x7a, 0x1e, 0x84, 0x1e, 0x7a,
  0x1d, 0x85, 0x1d, 0x7a, 0x1d, 0x85, 0x1e, 0x7a, 0x1e, 0x85, 0x1e, 0x7a,
  0x1e, 0x85, 0x1e, 0x7a, 0x1e, 0x85, 0x1e, 0x7a, 0x1e, 0x85, 0x1e, 0x7a,
  0x1e, 0x85, 0x1e, 0x7a, 0x1e, 0x85, 0x1e, 0x7a, 0x1e, 0x85, 0x1e, 0x7a,
  0x1e, 0x85, 0x1e, 0x7a, 0x1f, 0x85, 0x1e, 0x7a, 0x1e, 0x85, 0x1e, 0x7a,
  0x1e, 0x85, 0x1e, 0x7a, 0x1e, 0x85, 0x1e, 0x7a, 0x1f, 0x85, 0x1f, 0x7a,
  0x1f, 0x85, 0x1f, 0x7a, 0x1f, 0x85, 0x1f, 0x7a, 0x1f, 0x85, 0x1f, 0x7a,
  0x1f, 0x85, 0x1f, 0x7a, 0x1f, 0x85, 0x1f, 0x7a, 0x20, 0x85, 0x1f, 0x7a,
  0x1f, 0x85, 0x1f, 0x7a, 0x1f, 0x85, 0x20, 0x7a, 0x20, 0x85, 0x20, 0x7a,
  0x21, 0x85, 0x21, 0x7a, 0x21, 0x84, 0x22, 0x7b, 0x22, 0x84, 0x23, 0x7b,
  0x24, 0x82, 0x24, 0x7c, 0x25, 0x81, 0x27, 0x7e, 0x28, 0x7e, 0x2b, 0x7f,
  0x2d, 0x7c, 0x30, 0x81, 0x33, 0x77, 0x34, 0x84, 0xa3, 0x4d, 0xc5, 0x99,
  0xbe, 0x45, 0xbf, 0x9c, 0xbf, 0x47, 0xc0, 0x9b, 0xc0, 0x47, 0xc0, 0x9b,
  0xc0, 0x47, 0xc0, 0x9b, 0xc0, 0x47, 0xc0, 0x9b, 0xc0, 0x47, 0xc0, 0x9b,
  0xc0, 0x48, 0xc0, 0x9b, 0xc0, 0x47, 0xbf, 0x9b, 0xc3, 0x4c, 0xb4, 0x99,
  0x3f, 0x78, 0x31, 0x84, 0x31, 0x80, 0x2e, 0x7f, 0x2c, 0x82, 0x2b, 0x7d,
  0x2a, 0x84, 0x29, 0x7b, 0x29, 0x86, 0x28, 0x7a, 0x28, 0x87, 0x28, 0x7a,
  0x28, 0x87, 0x28, 0x79, 0x2a, 0x88, 0x2b, 0x77, 0x2c, 0x88, 0x2c, 0x77,
  0x2b, 0x88, 0x2c, 0x78, 0x2c, 0x89, 0x2d, 0x76, 0x2e, 0x8a, 0x2e, 0x75,
  0x2e, 0x8a, 0x2f, 0x75, 0x2f, 0x8a, 0x2f, 0x75, 0x30, 0x8b, 0x30, 0x74,
  0x31, 0x8c, 0x33, 0x73, 0x33, 0x8c, 0x34, 0x72, 0x36, 0x8e, 0x37, 0x71,
  0x38, 0x8f, 0x39, 0x70, 0x3a, 0x8f, 0x3b, 0x6f, 0x3b, 0x90, 0x3c, 0x6e,
  0x3d, 0x90, 0x36, 0x6d, 0x62, 0x97, 0xa2, 0x61, 0x6c, 0x96, 0x4e, 0x6a,
  0x3b, 0x89, 0x37, 0x77, 0x39, 0x87, 0x30, 0x79, 0x8d, 0x84, 0xc7, 0x7b,
  0xc1, 0x81, 0xc5, 0x7d, 0xcb, 0x80, 0xbe, 0x7d, 0x68, 0x82, 0xc6, 0x7c,
  0xcb, 0x80, 0xce, 0x7f, 0xd7, 0x87, 0xb6, 0x74, 0x24, 0x84, 0x11, 0x75,
  0x0b, 0x7c, 0x13, 0x81, 0x0a, 0x82, 0x57, 0x79, 0xcb, 0x81, 0xce, 0x7c,
  0xce, 0x81, 0xd2, 0x7f, 0xc3, 0x59, 0xb8, 0x94, 0xc0, 0x42, 0xc0, 0x9e,
  0xc1, 0x60, 0xcf, 0x8f, 0xd6, 0x82, 0xd9, 0x7d, 0xb5, 0x86, 0x50, 0x70,
  0x36, 0x7e, 0x36, 0x7e, 0x4f, 0x8c, 0xab, 0x68, 0xcf, 0x82, 0xc7, 0x7b,
  0xb4, 0x80, 0xc9, 0x7e, 0xdf, 0x7f, 0xda, 0x7e, 0xd9, 0x7f, 0xd6, 0x7f,
  0xd2, 0x80, 0xce, 0x7e, 0xc5, 0x82, 0xbc, 0x7d, 0x4a, 0x87, 0x28, 0x79,
  0x4b, 0x99, 0x8e, 0x63, 0x87, 0x92, 0x26, 0x67, 0x25, 0x83, 0x2b, 0x7d,
  0x31, 0x86, 0x37, 0x7a, 0x3f, 0x87, 0x46, 0x79, 0x4b, 0x87, 0x50, 0x79,
  0x53, 0x87, 0x55, 0x79, 0x55, 0x87, 0x54, 0x78, 0x52, 0x87, 0x50, 0x78,
  0x4e, 0x88, 0x4f, 0x78, 0x60, 0x95, 0x8f, 0x6a, 0x9c, 0x90, 0x2e, 0x6c,
  0x2e, 0x88, 0x2d, 0x77, 0x2d, 0x89, 0x2d, 0x76, 0x2d, 0x88, 0x2c, 0x77,
  0x2c, 0x88, 0x2b, 0x78, 0x2c, 0x89, 0x2e, 0x77, 0x2e, 0x88, 0x2b, 0x77,
  0x28, 0x87, 0x28, 0x79, 0x27, 0x87, 0x27, 0x79, 0x27, 0x86, 0x27, 0x7a,
  0x28, 0x86, 0x28, 0x7a, 0x29, 0x84, 0x2a, 0x7b, 0x2b, 0x81, 0x2c, 0x7e,
  0x2f, 0x82, 0x32, 0x7f, 0x35, 0x64, 0xa9, 0x8d, 0xc5, 0x43, 0xbf, 0x9d,
  0xc0, 0x48, 0xc1, 0x9b, 0xc0, 0x47, 0xc0, 0x9b, 0xc0, 0x47, 0xc1, 0x9b,
  0xc0, 0x48, 0xc0, 0x9b, 0xc0, 0x44, 0xbe, 0x9c, 0xc8, 0x51, 0x8a, 0x96,
  0x2d, 0x7a, 0x33, 0x83, 0x2e, 0x7d, 0x2b, 0x81, 0x29, 0x80, 0x27, 0x7e,
  0x25, 0x82, 0x24, 0x7c, 0x23, 0x83, 0x22, 0x7b, 0x22, 0x84, 0x21, 0x7b,
  0x21, 0x85, 0x21, 0x7b, 0x21, 0x85, 0x20, 0x7a, 0x20, 0x85, 0x20, 0x7a,
  0x20, 0x86, 0x1f, 0x7a, 0x1f, 0x86, 0x1f, 0x7a, 0x20, 0x86, 0x1f, 0x7a,
  0x1f, 0x85, 0x20, 0x7a, 0x20, 0x85, 0x20, 0x7a, 0x1f, 0x85, 0x20, 0x7a,
  0x1f, 0x85, 0x1f, 0x7a, 0x20, 0x85, 0x1f, 0x7a, 0x1f, 0x85, 0x1f, 0x7a,
  0x1f, 0x85, 0x1f, 0x7a, 0x1f, 0x85, 0x1e, 0x7a, 0x1f, 0x85, 0x1e, 0x7a,
  0x1e, 0x85, 0x1e, 0x7a, 0x1e, 0x85, 0x1e, 0x7a, 0x1e, 0x85, 0x1e, 0x7a,
  0x1e, 0x85, 0x1e, 0x7a, 0x1e, 0x85, 0x1e, 0x7a, 0x1e, 0x85, 0x1e, 0x7a,
  0x1e, 0x85, 0x1e, 0x7a, 0x1e, 0x85, 0x1e, 0x7a, 0x1e, 0x85, 0x1e, 0x7a,
  0x1e, 0x85, 0x1e, 0x7a, 0x1e, 0x85, 0x1e, 0x7a, 0x1e, 0x85, 0x1e, 0x7a,
  0x1e, 0x85, 0x1e, 0x7a, 0x1e, 0x84, 0x1e, 0x7b, 0x1e, 0x84, 0x1e, 0x7b,
  0x1e, 0x84, 0x1e, 0x7b, 0x1f, 0x84, 0x1f, 0x7b, 0x1e, 0x84, 0x1e, 0x7b,
  0x1e, 0x84, 0x1f, 0x7b, 0x1f, 0x84, 0x1f, 0x7a, 0x1f, 0x84, 0x1e, 0x7b,
  0x1f, 0x84, 0x1f, 0x7b, 0x1f, 0x84, 0x1f, 0x7b, 0x1f, 0x84, 0x1e, 0x7a,
  0x1f, 0x85, 0x1f, 0x7b, 0x1e, 0x84, 0x1f, 0x7b, 0x1f, 0x84, 0x1f, 0x7b,
  0x1f, 0x85, 0x1f, 0x7b, 0x1f, 0x85, 0x1f, 0x7a, 0x1f, 0x84, 0x20, 0x7a,
  0x20, 0x85, 0x20, 0x7a, 0x20, 0x84, 0x20, 0x7a, 0x20, 0x85, 0x20, 0x7a,
  0x20, 0x85, 0x20, 0x7a, 0x20, 0x85, 0x20, 0x7a, 0x1f, 0x85, 0x1f, 0x7a,
  0x1f, 0x85, 0x20, 0x7b, 0x20, 0x84, 0x21, 0x7b, 0x21, 0x84, 0x21, 0x7b,
  0x22, 0x83, 0x22, 0x7b, 0x23, 0x83, 0x23, 0x7c, 0x25, 0x81, 0x26, 0x7e,
  0x27, 0x7f, 0x2a, 0x7e, 0x2c, 0x7c, 0x2e, 0x81, 0x33, 0x7c, 0x2d, 0x82,
  0x5c, 0x59, 0xc4, 0x93, 0xbe, 0x43, 0xbf, 0x9d, 0xbf, 0x47, 0xbf, 0x9b,
  0xc0, 0x47, 0xc0, 0x9b, 0xc0, 0x47, 0xc0, 0x9b, 0xc0, 0x47, 0xc0, 0x9b,
  0xc0, 0x47, 0xc0, 0x9b, 0xc0, 0x47, 0xc0, 0x9b, 0xc0, 0x47, 0xc0, 0x9b,
  0xbf, 0x48, 0xc4, 0x9a, 0x5b, 0x74, 0x2d, 0x86, 0x33, 0x80, 0x2f, 0x7f,
  0x2d, 0x81, 0x2c, 0x7e, 0x2a, 0x84, 0x29, 0x7c, 0x29, 0x85, 0x28, 0x7b,
  0x28, 0x86, 0x28, 0x79, 0x28, 0x87, 0x29, 0x79, 0x2b, 0x88, 0x2c, 0x77,
  0x2c, 0x88, 0x2b, 0x77, 0x2b, 0x89, 0x2c, 0x78, 0x2d, 0x89, 0x2d, 0x76,
  0x2e, 0x89, 0x2e, 0x75, 0x2e, 0x8a, 0x2f, 0x75, 0x2f, 0x8b, 0x30, 0x75,
  0x31, 0x8b, 0x32, 0x74, 0x32, 0x8c, 0x33, 0x73, 0x34, 0x8d, 0x35, 0x72,
  0x37, 0x8e, 0x37, 0x71, 0x38, 0x8f, 0x39, 0x70, 0x3b, 0x90, 0x3c, 0x6f,
  0x3d, 0x91, 0x3d, 0x6d, 0x3f, 0x91, 0x37, 0x6c, 0x69, 0x98, 0x9f, 0x61,
  0x68, 0x95, 0x4a, 0x6b, 0x39, 0x89, 0x35, 0x78, 0x38, 0x87, 0x2e, 0x79,
  0x74, 0x83, 0xc9, 0x7b, 0xc1, 0x81, 0xc7, 0x7d, 0xc9, 0x81, 0xd2, 0x7e,
  0x72, 0x82, 0xaf, 0x7c, 0xca, 0x80, 0xca, 0x7f, 0xd3, 0x87, 0xba, 0x73,
  0x2f, 0x84, 0x0f, 0x74, 0x11, 0x7d, 0x0f, 0x81, 0x14, 0x82, 0x4d, 0x79,
  0xc4, 0x85, 0xcc, 0x7a, 0xce, 0x71, 0xbe, 0x88, 0xae, 0x42, 0xb9, 0x9f,
  0xc4, 0x49, 0xc4, 0x98, 0xbb, 0x41, 0xb4, 0x9f, 0xc5, 0x70, 0xd9, 0x89,
  0xd9, 0x87, 0xad, 0x73, 0x7c, 0x93, 0x7c, 0x5c, 0xa7, 0x89, 0xc5, 0x6d,
  0xbf, 0x80, 0xb9, 0x80, 0xc7, 0x80, 0xde, 0x7e, 0xda, 0x7f, 0xd9, 0x7e,
  0xd7, 0x7f, 0xd4, 0x7f, 0xd2, 0x80, 0xce, 0x7e, 0xc5, 0x82, 0xc2, 0x7d,
  0x65, 0x88, 0x27, 0x78, 0x48, 0x98, 0x80, 0x66, 0x95, 0x97, 0x3a, 0x62,
  0x27, 0x84, 0x26, 0x7a, 0x2d, 0x84, 0x32, 0x7b, 0x39, 0x86, 0x40, 0x79,
  0x46, 0x87, 0x4b, 0x79, 0x4f, 0x87, 0x51, 0x79, 0x53, 0x87, 0x52, 0x78,
  0x51, 0x87, 0x4f, 0x78, 0x4d, 0x87, 0x4c, 0x79, 0x53, 0x91, 0x6c, 0x6f,
  0xa7, 0x93, 0x63, 0x68, 0x25, 0x89, 0x2f, 0x77, 0x2d, 0x89, 0x2d, 0x76,
  0x2d, 0x89, 0x2c, 0x77, 0x2c, 0x88, 0x2c, 0x78, 0x2b, 0x88, 0x2e, 0x78,
  0x2e, 0x89, 0x2d, 0x77, 0x29, 0x88, 0x28, 0x79, 0x28, 0x87, 0x28, 0x79,
  0x28, 0x87, 0x27, 0x7a, 0x28, 0x85, 0x29, 0x7b, 0x29, 0x84, 0x2a, 0x7c,
  0x2b, 0x81, 0x2d, 0x7e, 0x30, 0x82, 0x2f, 0x7f, 0x40, 0x61, 0xb6, 0x8f,
  0xc2, 0x43, 0xbf, 0x9d, 0xc0, 0x48, 0xc0, 0x9b, 0xc0, 0x47, 0xc0, 0x9b,
  0xc0, 0x47, 0xc0, 0x9b, 0xc0, 0x48, 0xc0, 0x9b, 0xc0, 0x43, 0xbf, 0x9c,
  0xc3, 0x5a, 0x56, 0x92, 0x2d, 0x7d, 0x31, 0x82, 0x2c, 0x7d, 0x2a, 0x80,
  0x28, 0x81, 0x26, 0x7e, 0x25, 0x82, 0x24, 0x7d, 0x22, 0x83, 0x22, 0x7b,
  0x21, 0x84, 0x21, 0x7b, 0x20, 0x85, 0x20, 0x7b, 0x20, 0x85, 0x20, 0x7a,
  0x20, 0x85, 0x20, 0x7a, 0x1f, 0x85, 0x20, 0x7a, 0x20, 0x85, 0x20, 0x7a,
  0x20, 0x85, 0x20, 0x7a, 0x20, 0x85, 0x20, 0x7a, 0x20, 0x85, 0x20, 0x7a,
  0x20, 0x85, 0x20, 0x7a, 0x20, 0x85, 0x20, 0x7a, 0x20, 0x85, 0x20, 0x7b,
  0x20, 0x85, 0x1f, 0x7a, 0x1f, 0x85, 0x1f, 0x7b, 0x1f, 0x84, 0x1f, 0x7b,
  0x1f, 0x84, 0x1f, 0x7b, 0x1e, 0x84, 0x1e, 0x7a, 0x1e, 0x84, 0x1f, 0x7b,
  0x1f, 0x84, 0x1e, 0x7a, 0x1f, 0x84, 0x1e, 0x7a, 0x1e, 0x84, 0x1e, 0x7b,
  0x1e, 0x84, 0x1f, 0x7b, 0x1e, 0x84, 0x1e, 0x7b, 0x1e, 0x84, 0x1e, 0x7b,
  0x1e, 0x84, 0x1e, 0x7b, 0x1e, 0x84, 0x1e, 0x7b, 0x1e, 0x84, 0x1e, 0x7b,
  0x1e, 0x84, 0x1e, 0x7b, 0x1e, 0x84, 0x1e, 0x7b, 0x1d, 0x84, 0x1d, 0x7a,
  0x1e, 0x84, 0x1e, 0x7a, 0x1d, 0x84, 0x1e, 0x7a, 0x1e, 0x84, 0x1e, 0x7a,
  0x1e, 0x84, 0x1e, 0x7a, 0x1e, 0x84, 0x1e, 0x7a, 0x1e, 0x84, 0x1e, 0x7a,
  0x1e, 0x84, 0x1e, 0x7a, 0x1e, 0x84, 0x1f, 0x7a, 0x1e, 0x84, 0x1f, 0x7a,
  0x1e, 0x84, 0x1e, 0x7a, 0x1e, 0x84, 0x1e, 0x7a, 0x1e, 0x85, 0x1f, 0x7a,
  0x1e, 0x85, 0x1f, 0x7a, 0x1f, 0x84, 0x1f, 0x7a, 0x1f, 0x85, 0x1f, 0x7a,
  0x1f, 0x85, 0x20, 0x7a, 0x20, 0x85, 0x20, 0x7a, 0x20, 0x85, 0x20, 0x7a,
  0x20, 0x85, 0x20, 0x7a, 0x20, 0x85, 0x20, 0x7a, 0x20, 0x85, 0x1f, 0x7a,
  0x1f, 0x85, 0x20, 0x7a, 0x20, 0x85, 0x20, 0x7a, 0x20, 0x85, 0x21, 0x7a,
  0x21, 0x84, 0x21, 0x7a, 0x22, 0x84, 0x22, 0x7b, 0x23, 0x83, 0x23, 0x7c,
  0x24, 0x82, 0x25, 0x7d, 0x27, 0x80, 0x29, 0x7e, 0x2b, 0x7c, 0x2d, 0x81,
  0x30, 0x7d, 0x34, 0x81, 0x30, 0x66, 0x98, 0x8d, 0xc5, 0x43, 0xbd, 0x9d,
  0xbf, 0x47, 0xc0, 0x9b, 0xc0, 0x47, 0xc0, 0x9c, 0xc0, 0x47, 0xc0, 0x9b,
  0xc0, 0x47, 0xc0, 0x9b, 0xc0, 0x47, 0xc0, 0x9b, 0xc0, 0x47, 0xc0, 0x9b,
  0xc0, 0x47, 0xc0, 0x9b, 0xbe, 0x45, 0xc9, 0x9c, 0x7d, 0x6d, 0x2c, 0x89,
  0x35, 0x81, 0x30, 0x7f, 0x2e, 0x81, 0x2c, 0x7e, 0x2b, 0x83, 0x2a, 0x7c,
  0x29, 0x85, 0x29, 0x7a, 0x28, 0x86, 0x28, 0x79, 0x28, 0x87, 0x29, 0x78,
  0x2c, 0x89, 0x2d, 0x77, 0x2c, 0x88, 0x2b, 0x77, 0x2b, 0x89, 0x2c, 0x77,
  0x2d, 0x8a, 0x2e, 0x76, 0x2f, 0x8a, 0x2e, 0x75, 0x2f, 0x8a, 0x30, 0x75,
  0x30, 0x8b, 0x31, 0x74, 0x31, 0x8b, 0x32, 0x73, 0x34, 0x8c, 0x34, 0x72,
  0x35, 0x8d, 0x36, 0x72, 0x37, 0x8e, 0x38, 0x71, 0x39, 0x8f, 0x3a, 0x6f,
  0x3c, 0x90, 0x3d, 0x6e, 0x3e, 0x91, 0x3f, 0x6c, 0x41, 0x91, 0x38, 0x6b,
  0x71, 0x99, 0x9d, 0x60, 0x66, 0x95, 0x48, 0x6c, 0x39, 0x88, 0x35, 0x78,
  0x37, 0x87, 0x30, 0x78, 0x8b, 0x83, 0xca, 0x7c, 0xc5, 0x81, 0xca, 0x7d,
  0xc9, 0x80, 0xd6, 0x7e, 0x9c, 0x82, 0x86, 0x7c, 0xc8, 0x82, 0xc5, 0x7e,
  0xcc, 0x86, 0xc8, 0x74, 0x5c, 0x87, 0x19, 0x70, 0x19, 0x7c, 0x20, 0x83,
  0x2c, 0x84, 0x76, 0x76, 0xd0, 0x85, 0xcf, 0x79, 0xc1, 0x5b, 0xa3, 0x96,
  0xae, 0x3f, 0xb8, 0xa2, 0xc3, 0x4b, 0xc6, 0x96, 0xbf, 0x44, 0xb7, 0x9e,
  0xaf, 0x57, 0xc5, 0x97, 0xd9, 0x81, 0xd8, 0x7d, 0xc9, 0x83, 0xbf, 0x78,
  0xc4, 0x80, 0xc3, 0x7e, 0xc7, 0x80, 0xd5, 0x7e, 0xde, 0x7f, 0xd9, 0x7e,
  0xd8, 0x7f, 0xd7, 0x7e, 0xd5, 0x7f, 0xd3, 0x7e, 0xd0, 0x80, 0xcc, 0x7e,
  0xc5, 0x82, 0xc3, 0x7d, 0x73, 0x88, 0x25, 0x78, 0x43, 0x96, 0x6e, 0x68,
  0x9b, 0x98, 0x46, 0x60, 0x34, 0x88, 0x24, 0x76, 0x29, 0x83, 0x2e, 0x7b,
  0x35, 0x85, 0x3b, 0x79, 0x41, 0x86, 0x46, 0x79, 0x4a, 0x87, 0x4d, 0x78,
  0x4f, 0x87, 0x50, 0x78, 0x50, 0x87, 0x4f, 0x78, 0x4d, 0x87, 0x4b, 0x79,
  0x4b, 0x8d, 0x59, 0x74, 0x88, 0x96, 0x97, 0x67, 0x2e, 0x8a, 0x2e, 0x74,
  0x2d, 0x89, 0x2d, 0x77, 0x2d, 0x89, 0x2d, 0x77, 0x2c, 0x88, 0x2c, 0x78,
  0x2c, 0x88, 0x2d, 0x77, 0x2f, 0x89, 0x2e, 0x77, 0x2a, 0x88, 0x28, 0x78,
  0x28, 0x87, 0x2a, 0x79, 0x28, 0x86, 0x27, 0x79, 0x28, 0x85, 0x29, 0x7a,
  0x2a, 0x83, 0x2b, 0x7c, 0x2c, 0x81, 0x2d, 0x7d, 0x31, 0x81, 0x2e, 0x7f,
  0x4d, 0x5f, 0xbf, 0x90, 0xc0, 0x44, 0xc0, 0x9d, 0xc0, 0x48, 0xc1, 0x9a,
  0xc1, 0x47, 0xc1, 0x9b, 0xc1, 0x47, 0xc1, 0x9b, 0xc0, 0x48, 0xc0, 0x9b,
  0xbf, 0x44, 0xc5, 0x9c, 0xa6, 0x63, 0x33, 0x8e, 0x32, 0x7e, 0x2e, 0x81,
  0x2c, 0x7e, 0x29, 0x80, 0x27, 0x81, 0x25, 0x7e, 0x24, 0x82, 0x23, 0x7c,
  0x22, 0x83, 0x22, 0x7b, 0x22, 0x84, 0x21, 0x7a, 0x21, 0x85, 0x20, 0x7a,
  0x20, 0x85, 0x20, 0x7a, 0x20, 0x85, 0x20, 0x7a, 0x20, 0x85, 0x20, 0x7a,
  0x20, 0x85, 0x20, 0x79, 0x20, 0x85, 0x20, 0x7a, 0x20, 0x85, 0x20, 0x7a,
  0x20, 0x85, 0x20, 0x7a, 0x20, 0x85, 0x20, 0x7a, 0x20, 0x85, 0x20, 0x7a,
  0x20, 0x85, 0x20, 0x7a, 0x1f, 0x85, 0x1f, 0x7a, 0x1f, 0x85, 0x1f, 0x7a,
  0x1f, 0x85, 0x1f, 0x7a, 0x1f, 0x84, 0x1e, 0x7a, 0x1e, 0x84, 0x1e, 0x7a,
  0x1e, 0x84, 0x1e, 0x7a, 0x1e, 0x84, 0x1e, 0x7a, 0x1e, 0x84, 0x1e, 0x7a,
  0x1e, 0x85, 0x1e, 0x7a, 0x1e, 0x84, 0x1e, 0x7a, 0x1e, 0x84, 0x1e, 0x7a,
  0x1e, 0x84, 0x1e, 0x7a, 0x1e, 0x84, 0x1e, 0x7a, 0x1e, 0x84, 0x1e, 0x7a,
  0x1e, 0x84, 0x1e, 0x7a, 0x1e, 0x84, 0x1e, 0x7a, 0x1e, 0x84, 0x1e, 0x7a,
  0x1d, 0x85, 0x1d, 0x7a, 0x1e, 0x84, 0x1e, 0x7a, 0x1e, 0x84, 0x1e, 0x7a,
  0x1d, 0x85, 0x1e, 0x7a, 0x1e, 0x85, 0x1e, 0x7a, 0x1e, 0x85, 0x1e, 0x7a,
  0x1e, 0x85, 0x1e, 0x7a, 0x1e, 0x84, 0x1e, 0x7a, 0x1e, 0x85, 0x1f, 0x7a,
  0x1e, 0x85, 0x1e, 0x7a, 0x1f, 0x85, 0x1e, 0x7a, 0x1e, 0x85, 0x1f, 0x7a,
  0x1e, 0x85, 0x1e, 0x7a, 0x1f, 0x85, 0x1f, 0x7a, 0x1f, 0x85, 0x1f, 0x7a,
  0x1f, 0x85, 0x1f, 0x7a, 0x1f, 0x85, 0x1f, 0x7a, 0x20, 0x85, 0x20, 0x7a,
  0x20, 0x85, 0x20, 0x7a, 0x20, 0x85, 0x20, 0x7a, 0x20, 0x85, 0x20, 0x7a,
  0x20, 0x85, 0x20, 0x7a, 0x20, 0x85, 0x20, 0x7a, 0x20, 0x85, 0x20, 0x7a,
  0x20, 0x85, 0x20, 0x7a, 0x21, 0x84, 0x21, 0x7a, 0x21, 0x84, 0x23, 0x7b,
  0x23, 0x83, 0x23, 0x7c, 0x24, 0x82, 0x25, 0x7d, 0x27, 0x81, 0x28, 0x7e,
  0x2a, 0x7e, 0x2c, 0x80, 0x2f, 0x7d, 0x33, 0x81, 0x2f, 0x72, 0x53, 0x87,
  0xc0, 0x48, 0xbe, 0x9b, 0xbf, 0x46, 0xbf, 0x9c, 0xbf, 0x47, 0xbf, 0x9b,
  0xbf, 0x48, 0xc0, 0x9b, 0xbf, 0x48, 0xc0, 0x9b, 0xc0, 0x48, 0xc0, 0x9b,
  0xc0, 0x48, 0xc0, 0x9b, 0xc0, 0x48, 0xc0, 0x9b, 0xbe, 0x44, 0xc6, 0x9d,
  0x9d, 0x67, 0x32, 0x8b, 0x34, 0x81, 0x31, 0x7f, 0x2e, 0x80, 0x2d, 0x7f,
  0x2b, 0x83, 0x2b, 0x7c, 0x2a, 0x85, 0x29, 0x7b, 0x29, 0x86, 0x29, 0x7a,
  0x29, 0x87, 0x2a, 0x78, 0x2c, 0x89, 0x2d, 0x77, 0x2b, 0x88, 0x2a, 0x77,
  0x2b, 0x89, 0x2c, 0x77, 0x2d, 0x8a, 0x2e, 0x76, 0x2e, 0x8a, 0x2f, 0x75,
  0x2f, 0x8a, 0x30, 0x74, 0x31, 0x8b, 0x31, 0x74, 0x33, 0x8c, 0x33, 0x73,
  0x34, 0x8d, 0x35, 0x72, 0x36, 0x8d, 0x37, 0x71, 0x38, 0x8e, 0x39, 0x70,
  0x3a, 0x8f, 0x3b, 0x6f, 0x3c, 0x91, 0x3e, 0x6d, 0x3f, 0x92, 0x40, 0x6c,
  0x43, 0x92, 0x3a, 0x6b, 0x78, 0x99, 0x99, 0x60, 0x63, 0x94, 0x47, 0x6d,
  0x38, 0x88, 0x37, 0x78, 0x30, 0x87, 0x53, 0x79, 0xc4, 0x82, 0xc4, 0x7c,
  0xc9, 0x80, 0xcc, 0x7e, 0xce, 0x80, 0xcf, 0x7e, 0xd2, 0x81, 0x8f, 0x7d,
  0xb3, 0x82, 0xc7, 0x7d, 0xc6, 0x83, 0xcc, 0x7b, 0xa7, 0x8d, 0x49, 0x65,
  0x2c, 0x81, 0x30, 0x7c, 0x51, 0x89, 0xaf, 0x6e, 0xd1, 0x7f, 0xcf, 0x7e,
  0xad, 0x52, 0xa1, 0x9c, 0xa9, 0x42, 0xb6, 0xa1, 0xc2, 0x4b, 0xc9, 0x96,
  0xc3, 0x49, 0xbc, 0x99, 0xa9, 0x47, 0xaa, 0xa2, 0xc2, 0x72, 0xd9, 0x86,
  0xdc, 0x80, 0xdd, 0x7e, 0xd9, 0x7e, 0xda, 0x7f, 0xdd, 0x7f, 0xdb, 0x7e,
  0xd8, 0x7f, 0xd7, 0x7e, 0xd6, 0x80, 0xd4, 0x7e, 0xd3, 0x80, 0xd1, 0x7f,
  0xce, 0x80, 0xcb, 0x7e, 0xc5, 0x81, 0xc3, 0x7d, 0x79, 0x87, 0x25, 0x78,
  0x3f, 0x95, 0x5f, 0x6b, 0x9c, 0x9a, 0x50, 0x60, 0x3b, 0x8d, 0x2d, 0x70,
  0x24, 0x83, 0x2b, 0x7b, 0x31, 0x86, 0x37, 0x7a, 0x3c, 0x86, 0x42, 0x79,
  0x45, 0x86, 0x49, 0x78, 0x4c, 0x87, 0x4d, 0x78, 0x4d, 0x87, 0x4c, 0x78,
  0x4b, 0x86, 0x49, 0x78, 0x47, 0x8a, 0x4e, 0x77, 0x6a, 0x96, 0xa3, 0x67,
  0x4f, 0x8c, 0x27, 0x71, 0x2f, 0x89, 0x2d, 0x77, 0x2d, 0x89, 0x2d, 0x77,
  0x2c, 0x88, 0x2c, 0x77, 0x2b, 0x88, 0x2b, 0x77, 0x2e, 0x89, 0x2e, 0x77,
  0x2c, 0x87, 0x29, 0x78, 0x29, 0x88, 0x2c, 0x78, 0x2c, 0x87, 0x29, 0x78,
  0x29, 0x85, 0x29, 0x7b, 0x2a, 0x83, 0x2b, 0x7c, 0x2c, 0x80, 0x2d, 0x7e,
  0x32, 0x80, 0x2c, 0x7f, 0x5e, 0x5a, 0xc5, 0x92, 0xbf, 0x44, 0xc0, 0x9c,
  0xc0, 0x48, 0xc0, 0x9b, 0xc0, 0x47, 0xc0, 0x9b, 0xc0, 0x48, 0xc0, 0x9b,
  0xc0, 0x48, 0xc0, 0x9b, 0xbe, 0x45, 0xc9, 0x9c, 0x73, 0x6c, 0x2c, 0x8a,
  0x32, 0x7e, 0x2d, 0x81, 0x2b, 0x7e, 0x28, 0x7f, 0x27, 0x81, 0x25, 0x7e,
  0x24, 0x83, 0x23, 0x7c, 0x22, 0x84, 0x22, 0x7b, 0x21, 0x84, 0x21, 0x7b,
  0x21, 0x85, 0x20, 0x7a, 0x20, 0x85, 0x20, 0x7a, 0x20, 0x85, 0x20, 0x7a,
  0x20, 0x85, 0x20, 0x7a, 0x20, 0x85, 0x20, 0x7a, 0x20, 0x85, 0x20, 0x7a,
  0x20, 0x85, 0x20, 0x7a, 0x20, 0x85, 0x20, 0x7a, 0x20, 0x85, 0x20, 0x7a,
  0x20, 0x85, 0x20, 0x7a, 0x20, 0x85, 0x20, 0x7a, 0x1f, 0x85, 0x1f, 0x7a,
  0x1f, 0x85, 0x1f, 0x7a, 0x1f, 0x85, 0x1f, 0x7a, 0x1f, 0x85, 0x1e, 0x7b,
  0x1e, 0x85, 0x1e, 0x7a, 0x1e, 0x85, 0x1e, 0x7a, 0x1e, 0x85, 0x1e, 0x7a,
  0x1e, 0x85, 0x1e, 0x7a, 0x1e, 0x85, 0x1e, 0x7a, 0x1e, 0x85, 0x1e, 0x7a,
  0x1e, 0x85, 0x1e, 0x7a, 0x1e, 0x85, 0x1e, 0x7a, 0x1e, 0x85, 0x1e, 0x7a,
  0x1e, 0x85, 0x1e, 0x7a, 0x1e, 0x84, 0x1e, 0x7a, 0x1e, 0x84, 0x1e, 0x7b,
  0x1e, 0x84, 0x1e, 0x7a, 0x1e, 0x84, 0x1e, 0x7b, 0x1e, 0x84, 0x1e, 0x7b,
  0x1e, 0x84, 0x1e, 0x7b, 0x1e, 0x84, 0x1e, 0x7b, 0x1f, 0x84, 0x1e, 0x7b,
  0x1e, 0x85, 0x1f, 0x7b, 0x1f, 0x85, 0x1f, 0x7b, 0x1f, 0x84, 0x1e, 0x7b,
  0x1f, 0x84, 0x1f, 0x7b, 0x1f, 0x85, 0x1f, 0x7a, 0x1f, 0x85, 0x1f, 0x7b,
  0x1f, 0x85, 0x1f, 0x7b, 0x1f, 0x85, 0x1f, 0x7a, 0x1f, 0x85, 0x1f, 0x7a,
  0x1f, 0x85, 0x1f, 0x7a, 0x1f, 0x85, 0x20, 0x7a, 0x20, 0x85, 0x1f, 0x7a,
  0x20, 0x85, 0x20, 0x7a, 0x20, 0x85, 0x21, 0x7a, 0x20, 0x85, 0x20, 0x7a,
  0x20, 0x85, 0x20, 0x7a, 0x20, 0x85, 0x1f, 0x7a, 0x20, 0x85, 0x20, 0x7b,
  0x20, 0x85, 0x20, 0x7a, 0x20, 0x85, 0x20, 0x7a, 0x21, 0x84, 0x21, 0x7b,
  0x22, 0x84, 0x22, 0x7b, 0x22, 0x83, 0x23, 0x7c, 0x24, 0x82, 0x24, 0x7d,
  0x26, 0x80, 0x28, 0x7e, 0x29, 0x7f, 0x2b, 0x7f, 0x2e, 0x7c, 0x30, 0x81,
  0x35, 0x7a, 0x2f, 0x83, 0x8d, 0x50, 0xc7, 0x97, 0xbd, 0x44, 0xc0, 0x9d,
  0xbf, 0x48, 0xbf, 0x9b, 0xc0, 0x47, 0xc0, 0x9b, 0xc0, 0x47, 0xc0, 0x9b,
  0xc0, 0x48, 0xc0, 0x9b, 0xc0, 0x47, 0xc0, 0x9b, 0xc0, 0x48, 0xc0, 0x9b,
  0xbf, 0x43, 0xc1, 0x9d, 0xb7, 0x61, 0x42, 0x8f, 0x31, 0x81, 0x31, 0x7f,
  0x2f, 0x80, 0x2d, 0x7e, 0x2c, 0x83, 0x2b, 0x7c, 0x2a, 0x85, 0x29, 0x7b,
  0x29, 0x86, 0x29, 0x7a, 0x29, 0x87, 0x2c, 0x78, 0x2d, 0x89, 0x2d, 0x77,
  0x2a, 0x88, 0x2a, 0x78, 0x2c, 0x89, 0x2d, 0x77, 0x2e, 0x8a, 0x2f, 0x76,
  0x2e, 0x8a, 0x2f, 0x76, 0x30, 0x8b, 0x31, 0x74, 0x32, 0x8b, 0x32, 0x74,
  0x33, 0x8c, 0x34, 0x73, 0x34, 0x8d, 0x35, 0x72, 0x37, 0x8d, 0x38, 0x71,
  0x39, 0x8e, 0x3a, 0x70, 0x3b, 0x8f, 0x3c, 0x6e, 0x3e, 0x91, 0x3f, 0x6d,
  0x40, 0x92, 0x41, 0x6b, 0x44, 0x93, 0x3c, 0x69, 0x7e, 0x99, 0x94, 0x60,
  0x60, 0x93, 0x46, 0x6d, 0x37, 0x88, 0x37, 0x78, 0x2c, 0x86, 0x80, 0x79,
  0xca, 0x82, 0xc2, 0x7d, 0xc8, 0x80, 0xcc, 0x7e, 0xcf, 0x80, 0xd1, 0x7e,
  0xd7, 0x7f, 0xd1, 0x7e, 0xab, 0x82, 0xb6, 0x7c, 0xbd, 0x81, 0xc1, 0x7f,
  0xc1, 0x8a, 0xae, 0x6c, 0x89, 0x94, 0x7f, 0x58, 0xa7, 0x89, 0xc8, 0x72,
  0xcb, 0x73, 0xb8, 0x87, 0xa5, 0x4d, 0x9b, 0x9f, 0xa7, 0x46, 0xb8, 0x9f,
  0xc0, 0x4b, 0xc9, 0x97, 0xc5, 0x49, 0xbc, 0x98, 0xb6, 0x41, 0xb1, 0xa3,
  0xb0, 0x5b, 0xca, 0x95, 0xd9, 0x82, 0xd6, 0x7c, 0xd6, 0x7e, 0xd7, 0x7f,
  0xd6, 0x7f, 0xd6, 0x7e, 0xd6, 0x7f, 0xd5, 0x7e, 0xd4, 0x7f, 0xd2, 0x7e,
  0xd1, 0x7f, 0xcf, 0x7e, 0xcb, 0x80, 0xc9, 0x7e, 0xc2, 0x82, 0xc4, 0x7d,
  0x73, 0x86, 0x24, 0x79, 0x3c, 0x93, 0x55, 0x6d, 0x98, 0x9a, 0x65, 0x60,
  0x3b, 0x91, 0x3d, 0x6b, 0x24, 0x84, 0x26, 0x7a, 0x2d, 0x85, 0x32, 0x7b,
  0x38, 0x86, 0x3c, 0x79, 0x41, 0x86, 0x44, 0x79, 0x47, 0x86, 0x49, 0x79,
  0x49, 0x87, 0x49, 0x79, 0x48, 0x87, 0x47, 0x79, 0x45, 0x88, 0x48, 0x79,
  0x58, 0x94, 0x91, 0x69, 0x77, 0x8e, 0x24, 0x6e, 0x30, 0x88, 0x2d, 0x78,
  0x2d, 0x89, 0x2d, 0x77, 0x2d, 0x88, 0x2c, 0x78, 0x2b, 0x88, 0x2b, 0x78,
  0x2d, 0x89, 0x2e, 0x77, 0x2e, 0x87, 0x2a, 0x79, 0x29, 0x88, 0x2c, 0x78,
  0x2f, 0x88, 0x2a, 0x77, 0x29, 0x85, 0x29, 0x7b, 0x29, 0x83, 0x2b, 0x7c,
  0x2c, 0x80, 0x2e, 0x7e, 0x33, 0x7f, 0x2b, 0x7f, 0x74, 0x55, 0xc9, 0x94,
  0xbe, 0x43, 0xc0, 0x9d, 0xc0, 0x48, 0xc0, 0x9b, 0xc0, 0x47, 0xc0, 0x9b,
  0xc0, 0x47, 0xc0, 0x9b, 0xc0, 0x46, 0xc0, 0x9b, 0xc2, 0x4a, 0xb7, 0x9a,
  0x44, 0x74, 0x31, 0x86, 0x30, 0x7d, 0x2c, 0x80, 0x2a, 0x7f, 0x28, 0x7f,
  0x26, 0x82, 0x25, 0x7d, 0x23, 0x83, 0x23, 0x7c, 0x22, 0x84, 0x22, 0x7b,
  0x21, 0x84, 0x21, 0x7b, 0x21, 0x85, 0x21, 0x7a, 0x20, 0x85, 0x21, 0x7a,
  0x20, 0x85, 0x20, 0x7a, 0x20, 0x85, 0x20, 0x7a, 0x21, 0x85, 0x20, 0x7a,
  0x20, 0x85, 0x21, 0x7a, 0x20, 0x85, 0x20, 0x7a, 0x20, 0x85, 0x20, 0x7a,
  0x20, 0x85, 0x20, 0x7a, 0x20, 0x85, 0x20, 0x7a, 0x20, 0x85, 0x20, 0x7b,
  0x1f, 0x85, 0x1f, 0x7a, 0x1f, 0x85, 0x1f, 0x7b, 0x1f, 0x85, 0x1f, 0x7a,
  0x1f, 0x84, 0x1f, 0x7a, 0x1f, 0x84, 0x1f, 0x7a, 0x1f, 0x84, 0x1f, 0x7b,
  0x1e, 0x84, 0x1f, 0x7b, 0x1f, 0x84, 0x1f, 0x7a, 0x1e, 0x85, 0x1f, 0x7a,
  0x1f, 0x84, 0x1f, 0x7a, 0x1f, 0x84, 0x1e, 0x7b, 0x1f, 0x84, 0x1e, 0x7a,
  0x1e, 0x84, 0x1e, 0x7b, 0x1f, 0x84, 0x1e, 0x7b, 0x1e, 0x84, 0x1e, 0x7b,
  0x1f, 0x84, 0x1e, 0x7b, 0x1e, 0x84, 0x1f, 0x7b, 0x1e, 0x84, 0x1e, 0x7a,
  0x1e, 0x84, 0x1e, 0x7b, 0x1e, 0x84, 0x1e, 0x7a, 0x1e, 0x84, 0x1e, 0x7b,
  0x1e, 0x84, 0x1e, 0x7b, 0x1e, 0x84, 0x1e, 0x7b, 0x1e, 0x85, 0x1e, 0x7a,
  0x1e, 0x84, 0x1e, 0x7a, 0x1e, 0x85, 0x1f, 0x7a, 0x1e, 0x85, 0x1e, 0x7a,
  0x1e, 0x85, 0x1f, 0x7a, 0x1f, 0x85, 0x1f, 0x7a, 0x1f, 0x85, 0x1f, 0x7a,
  0x1f, 0x85, 0x1f, 0x7a, 0x1f, 0x85, 0x1f, 0x7a, 0x1f, 0x85, 0x20, 0x7a,
  0x20, 0x85, 0x20, 0x7a, 0x20, 0x85, 0x20, 0x7a, 0x20, 0x85, 0x20, 0x7a,
  0x20, 0x85, 0x20, 0x7a, 0x20, 0x85, 0x20, 0x7a, 0x20, 0x85, 0x20, 0x7a,
  0x20, 0x85, 0x20, 0x7b, 0x20, 0x85, 0x20, 0x7a, 0x20, 0x85, 0x20, 0x7a,
  0x21, 0x85, 0x21, 0x7b, 0x21, 0x84, 0x22, 0x7b, 0x22, 0x83, 0x23, 0x7c,
  0x23, 0x83, 0x24, 0x7c, 0x25, 0x81, 0x27, 0x7d, 0x28, 0x7f, 0x2a, 0x7f,
  0x2c, 0x7c, 0x2f, 0x81, 0x33, 0x7d, 0x32, 0x82, 0x4a, 0x5d, 0xba, 0x92,
  0xc0, 0x43, 0xbf, 0x9d, 0xbf, 0x48, 0xbf, 0x9b, 0xbf, 0x47, 0xc0, 0x9b,
  0xc0, 0x47, 0xc0, 0x9b, 0xc0, 0x48, 0xc0, 0x9b, 0xc0, 0x47, 0xc0, 0x9b,
  0xc0, 0x48, 0xc0, 0x9b, 0xc0, 0x43, 0xbe, 0x9d, 0xc4, 0x5a, 0x5d, 0x92,
  0x2d, 0x81, 0x34, 0x7f, 0x30, 0x80, 0x2e, 0x7f, 0x2c, 0x83, 0x2c, 0x7d,
  0x2b, 0x85, 0x2a, 0x7b, 0x2a, 0x86, 0x2a, 0x79, 0x2a, 0x88, 0x2d, 0x78,
  0x2d, 0x88, 0x2c, 0x77, 0x2a, 0x88, 0x2b, 0x78, 0x2c, 0x89, 0x2d, 0x77,
  0x2e, 0x8a, 0x2e, 0x76, 0x2f, 0x8a, 0x30, 0x75, 0x30, 0x8b, 0x31, 0x74,
  0x32, 0x8c, 0x33, 0x73, 0x34, 0x8c, 0x35, 0x73, 0x35, 0x8d, 0x37, 0x72,
  0x38, 0x8e, 0x39, 0x70, 0x3a, 0x8f, 0x3b, 0x6f, 0x3c, 0x90, 0x3d, 0x6e,
  0x3e, 0x91, 0x40, 0x6c, 0x41, 0x92, 0x42, 0x6a, 0x44, 0x94, 0x3e, 0x68,
  0x84, 0x9a, 0x8e, 0x60, 0x5d, 0x93, 0x45, 0x6e, 0x37, 0x88, 0x36, 0x78,
  0x2f, 0x86, 0x95, 0x79, 0xc7, 0x82, 0xc2, 0x7d, 0xc8, 0x81, 0xcb, 0x7e,
  0xce, 0x80, 0xd1, 0x7e, 0xd2, 0x7f, 0xd9, 0x7e, 0xd9, 0x80, 0xc2, 0x7e,
  0xb6, 0x83, 0xb3, 0x7c, 0xb2, 0x83, 0xb5, 0x7e, 0xbd, 0x82, 0xc8, 0x7c,
  0xd2, 0x82, 0xce, 0x7c, 0xc4, 0x66, 0xa0, 0x8f, 0xa1, 0x47, 0xa7, 0xa3,
  0xaf, 0x45, 0xb6, 0x9f, 0xbf, 0x4c, 0xc9, 0x97, 0xc6, 0x4a, 0xbd, 0x98,
  0xb7, 0x46, 0xb5, 0x9f, 0xb3, 0x4a, 0xb0, 0xa0, 0xc0, 0x6f, 0xd2, 0x89,
  0xd5, 0x83, 0xd4, 0x7c, 0xd5, 0x7e, 0xd4, 0x7f, 0xd3, 0x80, 0xd1, 0x7e,
  0xd1, 0x80, 0xd0, 0x7e, 0xce, 0x80, 0xcc, 0x7e, 0xc9, 0x80, 0xc6, 0x7e,
  0xc0, 0x83, 0xc0, 0x7c, 0x5f, 0x86, 0x23, 0x79, 0x37, 0x91, 0x4b, 0x6f,
  0x8e, 0x9a, 0x79, 0x60, 0x3b, 0x95, 0x44, 0x66, 0x2f, 0x87, 0x21, 0x77,
  0x2a, 0x83, 0x2e, 0x7b, 0x33, 0x85, 0x38, 0x79, 0x3d, 0x86, 0x40, 0x79,
  0x43, 0x87, 0x45, 0x79, 0x46, 0x87, 0x46, 0x79, 0x46, 0x87, 0x44, 0x78,
  0x42, 0x87, 0x42, 0x79, 0x4c, 0x93, 0x7c, 0x6d, 0x92, 0x90, 0x2d, 0x6d,
  0x2e, 0x89, 0x2e, 0x78, 0x2e, 0x89, 0x2d, 0x77, 0x2d, 0x88, 0x2c, 0x77,
  0x2c, 0x88, 0x2c, 0x78, 0x2d, 0x89, 0x2e, 0x77, 0x2e, 0x88, 0x2b, 0x78,
  0x29, 0x88, 0x2a, 0x78, 0x30, 0x89, 0x2c, 0x77, 0x2a, 0x85, 0x2a, 0x7b,
  0x2b, 0x83, 0x2b, 0x7c, 0x2d, 0x81, 0x2f, 0x7e, 0x34, 0x7e, 0x2d, 0x81,
  0x87, 0x52, 0xc9, 0x96, 0xbd, 0x44, 0xc0, 0x9c, 0xc0, 0x47, 0xc0, 0x9b,
  0xc0, 0x47, 0xc0, 0x9b, 0xc0, 0x48, 0xc0, 0x9b, 0xc0, 0x45, 0xbf, 0x9c,
  0xc8, 0x51, 0x8c, 0x96, 0x2e, 0x79, 0x35, 0x84, 0x2f, 0x7d, 0x2c, 0x81,
  0x29, 0x80, 0x27, 0x7e, 0x26, 0x82, 0x25, 0x7c, 0x24, 0x83, 0x23, 0x7c,
  0x23, 0x84, 0x22, 0x7b, 0x21, 0x84, 0x22, 0x7b, 0x21, 0x85, 0x21, 0x7a,
  0x21, 0x85, 0x21, 0x7a, 0x21, 0x85, 0x20, 0x7a, 0x20, 0x85, 0x20, 0x7a,
  0x21, 0x85, 0x20, 0x7a, 0x20, 0x85, 0x20, 0x7a, 0x20, 0x85, 0x20, 0x7a,
  0x20, 0x85, 0x20, 0x7a, 0x20, 0x85, 0x20, 0x7a, 0x20, 0x85, 0x20, 0x7a,
  0x20, 0x85, 0x1f, 0x7a, 0x1f, 0x85, 0x1f, 0x7a, 0x1f, 0x85, 0x1f, 0x7a,
  0x1f, 0x85, 0x1f, 0x7a, 0x1f, 0x85, 0x1f, 0x7a, 0x1f, 0x85, 0x1e, 0x7a,
  0x1f, 0x85, 0x1e, 0x7a, 0x1e, 0x85, 0x1e, 0x7a, 0x1e, 0x85, 0x1e, 0x7a,
  0x1e, 0x85, 0x1e, 0x7a, 0x1e, 0x85, 0x1e, 0x7a, 0x1e, 0x84, 0x1e, 0x7a,
  0x1f, 0x85, 0x1e, 0x7a, 0x1e, 0x84, 0x1e, 0x7b, 0x1e, 0x84, 0x1e, 0x7b,
  0x1e, 0x84, 0x1e, 0x7b, 0x1e, 0x84, 0x1e, 0x7a, 0x1e, 0x84, 0x1e, 0x7b,
  0x1e, 0x84, 0x1e, 0x7a, 0x1e, 0x84, 0x1e, 0x7a, 0x1e, 0x84, 0x1e, 0x7a,
  0x1e, 0x84, 0x1e, 0x7b, 0x1e, 0x84, 0x1e, 0x7b, 0x1e, 0x84, 0x1e, 0x7b,
  0x1f, 0x84, 0x1e, 0x7a, 0x1e, 0x84, 0x1f, 0x7a, 0x1f, 0x84, 0x1e, 0x7a,
  0x1f, 0x84, 0x1f, 0x7a, 0x1f, 0x84, 0x1f, 0x7a, 0x1e, 0x84, 0x1e, 0x7a,
  0x1f, 0x84, 0x1f, 0x7a, 0x1f, 0x84, 0x1f, 0x7a, 0x1f, 0x85, 0x1f, 0x7a,
  0x1f, 0x85, 0x20, 0x7a, 0x20, 0x84, 0x20, 0x7a, 0x20, 0x85, 0x20, 0x7a,
  0x20, 0x85, 0x20, 0x7a, 0x20, 0x85, 0x20, 0x7a, 0x20, 0x85, 0x20, 0x7a,
  0x21, 0x85, 0x20, 0x7a, 0x20, 0x85, 0x20, 0x7a, 0x20, 0x85, 0x21, 0x7a,
  0x20, 0x85, 0x20, 0x7a, 0x21, 0x85, 0x21, 0x7a, 0x21, 0x84, 0x22, 0x7b,
  0x22, 0x83, 0x22, 0x7b, 0x23, 0x83, 0x23, 0x7c, 0x25, 0x82, 0x26, 0x7d,
  0x27, 0x80, 0x29, 0x7e, 0x2c, 0x7d, 0x2d, 0x80, 0x30, 0x7d, 0x35, 0x81,
  0x2e, 0x6a, 0x84, 0x8b, 0xc8, 0x45, 0xbd, 0x9d, 0xc0, 0x47, 0xc0, 0x9b,
  0xc0, 0x47, 0xc0, 0x9b, 0xc0, 0x47, 0xc0, 0x9b, 0xc0, 0x48, 0xc0, 0x9b,
  0xc0, 0x48, 0xc0, 0x9b, 0xc0, 0x48, 0xc0, 0x9b, 0xc0, 0x44, 0xbd, 0x9d,
  0xc8, 0x54, 0x80, 0x95, 0x2c, 0x7f, 0x35, 0x80, 0x30, 0x80, 0x2f, 0x7f,
  0x2d, 0x83, 0x2c, 0x7c, 0x2b, 0x85, 0x2a, 0x7b, 0x2a, 0x86, 0x2a, 0x79,
  0x2b, 0x88, 0x2d, 0x78, 0x2d, 0x88, 0x2c, 0x77, 0x2b, 0x88, 0x2b, 0x78,
  0x2c, 0x89, 0x2d, 0x76, 0x2f, 0x89, 0x2e, 0x76, 0x2f, 0x8a, 0x30, 0x75,
  0x31, 0x8b, 0x31, 0x74, 0x32, 0x8c, 0x33, 0x73, 0x34, 0x8d, 0x35, 0x73,
  0x36, 0x8d, 0x38, 0x71, 0x38, 0x8e, 0x39, 0x70, 0x3b, 0x8f, 0x3c, 0x6f,
  0x3e, 0x91, 0x3f, 0x6d, 0x40, 0x92, 0x41, 0x6b, 0x42, 0x93, 0x44, 0x6a,
  0x46, 0x94, 0x42, 0x67, 0x8b, 0x9a, 0x88, 0x60, 0x5b, 0x92, 0x42, 0x6f,
  0x35, 0x87, 0x34, 0x79, 0x30, 0x86, 0x9b, 0x7a, 0xc4, 0x82, 0xc2, 0x7c,
  0xc6, 0x81, 0xca, 0x7e, 0xcd, 0x80, 0xce, 0x7e, 0xd0, 0x80, 0xd1, 0x7e,
  0xd5, 0x7f, 0xdb, 0x7e, 0xd7, 0x7f, 0xd1, 0x7e, 0xcd, 0x80, 0xcc, 0x7d,
  0xd0, 0x7f, 0xd4, 0x7e, 0xcf, 0x81, 0xd0, 0x7d, 0xb3, 0x5a, 0x9d, 0x97,
  0xa4, 0x49, 0xa7, 0xa2, 0xab, 0x44, 0xb3, 0xa0, 0xbd, 0x4c, 0xcc, 0x97,
  0xcc, 0x4b, 0xc1, 0x98, 0xbb, 0x47, 0xb5, 0x9e, 0xb0, 0x4a, 0xae, 0xa0,
  0xac, 0x4c, 0xb7, 0x9e, 0xcc, 0x79, 0xd5, 0x82, 0xd1, 0x81, 0xd0, 0x7d,
  0xcf, 0x7f, 0xcf, 0x7e, 0xcf, 0x80, 0xce, 0x7e, 0xcc, 0x80, 0xc9, 0x7e,
  0xc6, 0x81, 0xc4, 0x7e, 0xbe, 0x82, 0xb9, 0x7c, 0x4a, 0x85, 0x26, 0x7a,
  0x32, 0x8e, 0x42, 0x72, 0x7d, 0x9a, 0x83, 0x61, 0x3a, 0x95, 0x40, 0x66,
  0x40, 0x8c, 0x2a, 0x71, 0x25, 0x83, 0x2b, 0x7c, 0x30, 0x85, 0x34, 0x7a,
  0x38, 0x85, 0x3b, 0x7a, 0x3f, 0x86, 0x41, 0x79, 0x43, 0x86, 0x44, 0x79,
  0x44, 0x86, 0x42, 0x79, 0x40, 0x85, 0x3e, 0x7a, 0x45, 0x90, 0x68, 0x70,
  0x99, 0x92, 0x3a, 0x6b, 0x2a, 0x88, 0x2e, 0x77, 0x2e, 0x89, 0x2e, 0x77,
  0x2d, 0x88, 0x2c, 0x77, 0x2c, 0x88, 0x2c, 0x78, 0x2c, 0x88, 0x2e, 0x77,
  0x2e, 0x88, 0x2b, 0x78, 0x29, 0x87, 0x2a, 0x79, 0x2f, 0x88, 0x2e, 0x77,
  0x2a, 0x85, 0x2a, 0x7b, 0x2b, 0x83, 0x2b, 0x7c, 0x2d, 0x81, 0x2f, 0x7e,
  0x33, 0x7c, 0x31, 0x82, 0x9a, 0x4f, 0xc7, 0x97, 0xbe, 0x44, 0xc0, 0x9d,
  0xc0, 0x47, 0xc0, 0x9b, 0xc0, 0x47, 0xc1, 0x9b, 0xc0, 0x47, 0xc0, 0x9b,
  0xc0, 0x44, 0xbf, 0x9d, 0xc4, 0x5a, 0x57, 0x92, 0x2e, 0x7d, 0x33, 0x82,
  0x2e, 0x7d, 0x2b, 0x80, 0x28, 0x81, 0x27, 0x7e, 0x25, 0x82, 0x24, 0x7c,
  0x23, 0x83, 0x23, 0x7b, 0x22, 0x84, 0x22, 0x7b, 0x22, 0x85, 0x21, 0x7a,
  0x21, 0x85, 0x21, 0x7a, 0x20, 0x85, 0x21, 0x7a, 0x21, 0x85, 0x21, 0x7a,
  0x20, 0x85, 0x20, 0x7a, 0x20, 0x85, 0x20, 0x7a, 0x20, 0x85, 0x20, 0x7a,
  0x20, 0x85, 0x21, 0x7a, 0x20, 0x85, 0x20, 0x7a, 0x20, 0x85, 0x20, 0x7a,
  0x20, 0x85, 0x1f, 0x7a, 0x20, 0x85, 0x1f, 0x7a, 0x20, 0x85, 0x1f, 0x7a,
  0x1f, 0x84, 0x1f, 0x7a, 0x1f, 0x84, 0x1f, 0x7a, 0x1f, 0x84, 0x1f, 0x7b,
  0x1f, 0x84, 0x1f, 0x7a, 0x1f, 0x84, 0x1f, 0x7a, 0x1f, 0x84, 0x1e, 0x7a,
  0x1e, 0x84, 0x1e, 0x7a, 0x1f, 0x84, 0x1f, 0x7a, 0x1e, 0x84, 0x1e, 0x7a,
  0x1e, 0x84, 0x1e, 0x7a, 0x1e, 0x84, 0x1e, 0x7a, 0x1e, 0x84, 0x1e, 0x7a,
  0x1e, 0x84, 0x1e, 0x7a, 0x1e, 0x84, 0x1e, 0x7a, 0x1e, 0x84, 0x1e, 0x7a,
  0x1e, 0x84, 0x1e, 0x7a, 0x1e, 0x84, 0x1e, 0x7b, 0x1d, 0x84, 0x1e, 0x7b,
  0x1e, 0x84, 0x1d, 0x7b, 0x1e, 0x84, 0x1e, 0x7b, 0x1e, 0x84, 0x1e, 0x7b,
  0x1e, 0x84, 0x1e, 0x7b, 0x1e, 0x84, 0x1e, 0x7a, 0x1e, 0x84, 0x1f, 0x7a,
  0x1f, 0x85, 0x1e, 0x7b, 0x1f, 0x84, 0x1f, 0x7a, 0x1f, 0x84, 0x1f, 0x7a,
  0x1f, 0x84, 0x1f, 0x7a, 0x1f, 0x85, 0x1f, 0x7b, 0x1f, 0x85, 0x1f, 0x7b,
  0x1f, 0x85, 0x1f, 0x7a, 0x1f, 0x85, 0x1f, 0x7a, 0x1f, 0x85, 0x1f, 0x7a,
  0x20, 0x85, 0x20, 0x7a, 0x20, 0x85, 0x20, 0x7a, 0x20, 0x85, 0x20, 0x7a,
  0x20, 0x85, 0x20, 0x7a, 0x20, 0x85, 0x20, 0x7a, 0x20, 0x85, 0x20, 0x7b,
  0x20, 0x85, 0x20, 0x7a, 0x20, 0x85, 0x20, 0x7a, 0x20, 0x85, 0x21, 0x7b,
  0x20, 0x84, 0x21, 0x7b, 0x22, 0x84, 0x22, 0x7b, 0x22, 0x83, 0x23, 0x7c,
  0x24, 0x82, 0x25, 0x7c, 0x27, 0x80, 0x28, 0x7e, 0x2a, 0x7f, 0x2c, 0x80,
  0x2f, 0x7c, 0x32, 0x81, 0x33, 0x75, 0x44, 0x85, 0xb6, 0x4a, 0xc1, 0x9a,
  0xbe, 0x45, 0xbf, 0x9c, 0xbf, 0x47, 0xbf, 0x9b, 0xbf, 0x47, 0xc0, 0x9b,
  0xc0, 0x47, 0xc0, 0x9b, 0xbf, 0x47, 0xbf, 0x9b, 0xc0, 0x48, 0xbf, 0x9b,
  0xbf, 0x45, 0xbd, 0x9c, 0xc4, 0x4e, 0xa3, 0x98, 0x34, 0x7c, 0x34, 0x82,
  0x31, 0x80, 0x2f, 0x7f, 0x2e, 0x83, 0x2c, 0x7d, 0x2b, 0x85, 0x2b, 0x7b,
  0x2a, 0x86, 0x2a, 0x7a, 0x2d, 0x88, 0x2e, 0x77, 0x2e, 0x88, 0x2b, 0x77,
  0x2b, 0x88, 0x2c, 0x77, 0x2d, 0x89, 0x2e, 0x76, 0x2f, 0x8a, 0x2f, 0x76,
  0x30, 0x8a, 0x30, 0x75, 0x31, 0x8b, 0x31, 0x74, 0x32, 0x8c, 0x34, 0x73,
  0x35, 0x8d, 0x36, 0x72, 0x37, 0x8d, 0x38, 0x71, 0x39, 0x8e, 0x3a, 0x70,
  0x3c, 0x90, 0x3d, 0x6e, 0x3e, 0x91, 0x40, 0x6c, 0x41, 0x92, 0x42, 0x6b,
  0x43, 0x93, 0x45, 0x69, 0x47, 0x95, 0x46, 0x66, 0x92, 0x9a, 0x82, 0x60,
  0x57, 0x91, 0x40, 0x70, 0x35, 0x87, 0x34, 0x78, 0x2f, 0x86, 0x98, 0x7a,
  0xc3, 0x83, 0xc0, 0x7d, 0xc4, 0x81, 0xc7, 0x7d, 0xca, 0x80, 0xcc, 0x7e,
  0xce, 0x80, 0xcf, 0x7e, 0xd1, 0x80, 0xd2, 0x7e, 0xd5, 0x7f, 0xd8, 0x7e,
  0xd9, 0x7f, 0xd8, 0x7f, 0xd4, 0x81, 0xcf, 0x7c, 0xce, 0x79, 0xc1, 0x83,
  0x9f, 0x50, 0x9f, 0x9f, 0xa3, 0x4d, 0xa7, 0x9f, 0xac, 0x44, 0xab, 0xa1,
  0x9f, 0x46, 0x97, 0xa3, 0x8f, 0x4b, 0x8c, 0xa2, 0x9b, 0x45, 0xaa, 0xa5,
  0xb0, 0x4b, 0xae, 0x9f, 0xaf, 0x44, 0xb0, 0xa2, 0xb2, 0x5a, 0xc3, 0x94,
  0xcf, 0x83, 0xcd, 0x7c, 0xce, 0x7f, 0xcd, 0x7e, 0xcc, 0x80, 0xcb, 0x7e,
  0xc9, 0x80, 0xc7, 0x7e, 0xc4, 0x81, 0xc0, 0x7e, 0xbe, 0x83, 0xa6, 0x7c,
  0x35, 0x85, 0x2b, 0x7a, 0x30, 0x8c, 0x3e, 0x74, 0x6a, 0x9a, 0x8c, 0x61,
  0x3a, 0x94, 0x41, 0x65, 0x75, 0x92, 0x47, 0x69, 0x20, 0x83, 0x2a, 0x7c,
  0x2c, 0x85, 0x31, 0x7a, 0x34, 0x85, 0x38, 0x79, 0x3c, 0x86, 0x3e, 0x79,
  0x3f, 0x86, 0x40, 0x79, 0x40, 0x86, 0x3f, 0x79, 0x3e, 0x85, 0x3d, 0x7a,
  0x40, 0x8e, 0x56, 0x72, 0x91, 0x93, 0x49, 0x6b, 0x28, 0x88, 0x2f, 0x77,
  0x2e, 0x89, 0x2e, 0x76, 0x2d, 0x88, 0x2d, 0x77, 0x2c, 0x88, 0x2c, 0x78,
  0x2c, 0x88, 0x2d, 0x77, 0x2e, 0x89, 0x2d, 0x77, 0x2a, 0x87, 0x2a, 0x79,
  0x2d, 0x88, 0x30, 0x77, 0x2b, 0x85, 0x2a, 0x7a, 0x2b, 0x83, 0x2c, 0x7c,
  0x2d, 0x81, 0x30, 0x7e, 0x32, 0x7b, 0x38, 0x83, 0xaa, 0x4c, 0xc3, 0x99,
  0xbe, 0x45, 0xbf, 0x9c, 0xc0, 0x47, 0xc0, 0x9b, 0xc0, 0x46, 0xc0, 0x9b,
  0xc0, 0x47, 0xc0, 0x9b, 0xbf, 0x43, 0xc6, 0x9c, 0xa4, 0x64, 0x35, 0x8e,
  0x33, 0x7e, 0x30, 0x81, 0x2d, 0x7e, 0x2a, 0x80, 0x28, 0x81, 0x26, 0x7d,
  0x24, 0x83, 0x23, 0x7c, 0x23, 0x84, 0x22, 0x7b, 0x22, 0x84, 0x22, 0x7b,
  0x22, 0x85, 0x21, 0x7a, 0x21, 0x85, 0x21, 0x7a, 0x21, 0x85, 0x20, 0x7a,
  0x21, 0x85, 0x21, 0x7a, 0x21, 0x85, 0x20, 0x7a, 0x20, 0x85, 0x20, 0x7a,
  0x20, 0x85, 0x20, 0x7a, 0x20, 0x85, 0x20, 0x7a, 0x20, 0x85, 0x20, 0x7a,
  0x20, 0x85, 0x20, 0x7a, 0x1f, 0x85, 0x1f, 0x7b, 0x1f, 0x85, 0x1f, 0x7b,
  0x1f, 0x85, 0x1f, 0x7a, 0x1f, 0x85, 0x1f, 0x7a, 0x1f, 0x85, 0x1f, 0x7a,
  0x1f, 0x84, 0x1f, 0x7b, 0x1f, 0x85, 0x1e, 0x7a, 0x1f, 0x85, 0x1f, 0x7b,
  0x1f, 0x85, 0x1f, 0x7b, 0x1e, 0x85, 0x1f, 0x7b, 0x1e, 0x85, 0x1e, 0x7b,
  0x1f, 0x85, 0x1e, 0x7b, 0x1e, 0x84, 0x1f, 0x7b, 0x1e, 0x84, 0x1e, 0x7a,
  0x1e, 0x84, 0x1e, 0x7a, 0x1e, 0x84, 0x1e, 0x7a, 0x1e, 0x84, 0x1e, 0x7b,
  0x1e, 0x84, 0x1e, 0x7b, 0x1e, 0x84, 0x1e, 0x7b, 0x1e, 0x84, 0x1e, 0x7b,
  0x1e, 0x84, 0x1e, 0x7b, 0x1e, 0x84, 0x1e, 0x7b, 0x1e, 0x85, 0x1e, 0x7b,
  0x1e, 0x85, 0x1e, 0x7a, 0x1e, 0x85, 0x1e, 0x7a, 0x1e, 0x85, 0x1f, 0x7a,
  0x1e, 0x85, 0x1f, 0x7a, 0x1f, 0x85, 0x1f, 0x7b, 0x1f, 0x85, 0x1f, 0x7b,
  0x1f, 0x85, 0x1f, 0x7a, 0x1f, 0x85, 0x1f, 0x7a, 0x1f, 0x85, 0x1f, 0x7a,
  0x1f, 0x85, 0x1f, 0x7b, 0x1f, 0x85, 0x1f, 0x7a, 0x1f, 0x85, 0x1f, 0x7a,
  0x1f, 0x85, 0x20, 0x7a, 0x20, 0x85, 0x20, 0x7a, 0x20, 0x85, 0x20, 0x7a,
  0x20, 0x85, 0x20, 0x7a, 0x20, 0x85, 0x20, 0x7a, 0x20, 0x85, 0x20, 0x7a,
  0x20, 0x85, 0x20, 0x7a, 0x20, 0x85, 0x21, 0x7a, 0x21, 0x85, 0x21, 0x7a,
  0x21, 0x85, 0x21, 0x7a, 0x21, 0x85, 0x21, 0x7b, 0x22, 0x84, 0x22, 0x7b,
  0x23, 0x83, 0x23, 0x7b, 0x23, 0x83, 0x24, 0x7c, 0x26, 0x81, 0x27, 0x7d,
  0x29, 0x7f, 0x2b, 0x7f, 0x2d, 0x7c, 0x30, 0x81, 0x35, 0x7b, 0x2f, 0x82,
  0x78, 0x54, 0xc7, 0x95, 0xbd, 0x44, 0xbf, 0x9d, 0xc0, 0x47, 0xbf, 0x9b,
  0xc0, 0x47, 0xbf, 0x9b, 0xc0, 0x47, 0xc0, 0x9b, 0xc0, 0x47, 0xc0, 0x9b,
  0xc0, 0x47, 0xc0, 0x9b, 0xbf, 0x46, 0xc0, 0x9b, 0xc0, 0x4a, 0xba, 0x9a,
  0x49, 0x77, 0x30, 0x84, 0x32, 0x81, 0x2f, 0x7e, 0x2e, 0x83, 0x2d, 0x7d,
  0x2b, 0x85, 0x2b, 0x7b, 0x2b, 0x86, 0x2b, 0x7a, 0x2e, 0x88, 0x2f, 0x77,
  0x2e, 0x88, 0x2c, 0x77, 0x2c, 0x88, 0x2d, 0x77, 0x2d, 0x89, 0x2f, 0x76,
  0x2f, 0x8a, 0x30, 0x75, 0x30, 0x8a, 0x31, 0x74, 0x31, 0x8b, 0x32, 0x74,
  0x33, 0x8c, 0x34, 0x72, 0x35, 0x8d, 0x36, 0x71, 0x37, 0x8d, 0x39, 0x71,
  0x3a, 0x8f, 0x3b, 0x6f, 0x3c, 0x90, 0x3e, 0x6d, 0x40, 0x91, 0x41, 0x6c,
  0x42, 0x92, 0x43, 0x6a, 0x45, 0x94, 0x47, 0x68, 0x47, 0x95, 0x4c, 0x65,
  0x98, 0x9a, 0x7a, 0x61, 0x54, 0x90, 0x3f, 0x71, 0x35, 0x87, 0x35, 0x79,
  0x2b, 0x86, 0x88, 0x7a, 0xc2, 0x83, 0xbc, 0x7c, 0xc1, 0x81, 0xc4, 0x7d,
  0xc7, 0x81, 0xc9, 0x7e, 0xcb, 0x80, 0xcd, 0x7e, 0xcf, 0x80, 0xd0, 0x7e,
  0xd1, 0x80, 0xd1, 0x7e, 0xd1, 0x7f, 0xd1, 0x7e, 0xd1, 0x84, 0xd1, 0x7c,
  0xca, 0x66, 0xa6, 0x8f, 0x9c, 0x4b, 0x9c, 0xa2, 0x9f, 0x4e, 0xa2, 0x9f,
  0x9d, 0x4b, 0x75, 0xa3, 0x40, 0x6c, 0x23, 0x8f, 0x18, 0x7a, 0x19, 0x84,
  0x2b, 0x64, 0x52, 0x93, 0x8d, 0x47, 0xae, 0xa3, 0xb1, 0x45, 0xaf, 0xa2,
  0x9f, 0x51, 0x9f, 0x9d, 0xce, 0x80, 0xcc, 0x7e, 0xcd, 0x80, 0xcc, 0x7e,
  0xcb, 0x80, 0xc9, 0x7e, 0xc8, 0x80, 0xc5, 0x7e, 0xc2, 0x81, 0xbc, 0x7d,
  0xc0, 0x84, 0x85, 0x7c, 0x25, 0x85, 0x2d, 0x7a, 0x2b, 0x8a, 0x37, 0x76,
  0x5c, 0x9a, 0x93, 0x62, 0x60, 0x9a, 0x75, 0x5f, 0x60, 0x8f, 0x2d, 0x70,
  0x20, 0x82, 0x26, 0x7c, 0x2a, 0x85, 0x2e, 0x7a, 0x33, 0x85, 0x36, 0x79,
  0x39, 0x86, 0x3b, 0x79, 0x3c, 0x85, 0x3d, 0x79, 0x3d, 0x86, 0x3d, 0x79,
  0x3c, 0x85, 0x3b, 0x7a, 0x3d, 0x8c, 0x4b, 0x73, 0x85, 0x93, 0x50, 0x6b,
  0x28, 0x88, 0x30, 0x76, 0x2e, 0x89, 0x2d, 0x76, 0x2d, 0x88, 0x2d, 0x77,
  0x2c, 0x88, 0x2c, 0x77, 0x2c, 0x88, 0x2d, 0x78, 0x2f, 0x89, 0x2e, 0x77,
  0x2a, 0x87, 0x29, 0x79, 0x2d, 0x88, 0x31, 0x76, 0x2c, 0x86, 0x2a, 0x7a,
  0x2b, 0x83, 0x2b, 0x7c, 0x2d, 0x82, 0x30, 0x7e, 0x30, 0x78, 0x43, 0x83,
  0xb7, 0x49, 0xc1, 0x99, 0xbf, 0x45, 0xc0, 0x9c, 0xc0, 0x47, 0xc0, 0x9b,
  0xc0, 0x46, 0xc0, 0x9b, 0xc0, 0x47, 0xc0, 0x9b, 0xbe, 0x46, 0xc9, 0x9b,
  0x6f, 0x6e, 0x2c, 0x89, 0x34, 0x7e, 0x2e, 0x80, 0x2c, 0x7f, 0x29, 0x7f,
  0x27, 0x82, 0x25, 0x7d, 0x24, 0x84, 0x23, 0x7c, 0x22, 0x84, 0x23, 0x7b,
  0x22, 0x85, 0x22, 0x7b, 0x22, 0x85, 0x21, 0x7a, 0x21, 0x85, 0x21, 0x7a,
  0x21, 0x85, 0x21, 0x7a, 0x21, 0x85, 0x21, 0x7a, 0x21, 0x85, 0x21, 0x7a,
  0x21, 0x85, 0x20, 0x7a, 0x20, 0x85, 0x20, 0x7a, 0x20, 0x85, 0x20, 0x7a,
  0x20, 0x85, 0x20, 0x7a, 0x20, 0x85, 0x20, 0x7a, 0x20, 0x85, 0x1f, 0x7a,
  0x20, 0x85, 0x1f, 0x7a, 0x1f, 0x85, 0x1f, 0x7a, 0x1f, 0x85, 0x1f, 0x7a,
  0x1f, 0x85, 0x1f, 0x7a, 0x1f, 0x85, 0x1f, 0x7b, 0x1f, 0x85, 0x1f, 0x7a,
  0x1f, 0x85, 0x1f, 0x7a, 0x1f, 0x85, 0x1f, 0x7a, 0x1f, 0x85, 0x1f, 0x7b,
  0x1e, 0x85, 0x1f, 0x7b, 0x1f, 0x85, 0x1f, 0x7a, 0x1f, 0x85, 0x1e, 0x7a,
  0x1f, 0x84, 0x1f, 0x7a, 0x1e, 0x85, 0x1f, 0x7a, 0x1e, 0x85, 0x1e, 0x7b,
  0x1e, 0x84, 0x1e, 0x7b, 0x1e, 0x84, 0x1e, 0x7b, 0x1e, 0x84, 0x1e, 0x7a,
  0x1e, 0x84, 0x1e, 0x7b, 0x1d, 0x84, 0x1e, 0x7b, 0x1d, 0x84, 0x1e, 0x7a,
  0x1e, 0x84, 0x1e, 0x7b, 0x1e, 0x84, 0x1e, 0x7a, 0x1e, 0x84, 0x1e, 0x7b,
  0x1e, 0x84, 0x1e, 0x7a, 0x1e, 0x85, 0x1e, 0x7a, 0x1e, 0x85, 0x1e, 0x7a,
  0x1e, 0x84, 0x1e, 0x7a, 0x1f, 0x85, 0x1f, 0x7a, 0x1f, 0x85, 0x1f, 0x7a,
  0x1f, 0x85, 0x1f, 0x7a, 0x1f, 0x85, 0x1f, 0x7b, 0x1f, 0x85, 0x1f, 0x7a,
  0x1f, 0x85, 0x1f, 0x7a, 0x20, 0x85, 0x20, 0x7a, 0x20, 0x85, 0x20, 0x7a,
  0x21, 0x85, 0x20, 0x7a, 0x20, 0x85, 0x21, 0x7a, 0x20, 0x85, 0x20, 0x7a,
  0x20, 0x85, 0x20, 0x7a, 0x20, 0x85, 0x20, 0x7a, 0x21, 0x85, 0x21, 0x7a,
  0x21, 0x85, 0x21, 0x7a, 0x21, 0x85, 0x21, 0x7a, 0x21, 0x84, 0x21, 0x7b,
  0x22, 0x84, 0x23, 0x7b, 0x23, 0x84, 0x23, 0x7c, 0x23, 0x83, 0x24, 0x7c,
  0x25, 0x81, 0x26, 0x7d, 0x28, 0x80, 0x2a, 0x7e, 0x2c, 0x7d, 0x2f, 0x80,
  0x32, 0x7e, 0x35, 0x82, 0x3d, 0x61, 0xad, 0x8f, 0xc2, 0x43, 0xbe, 0x9d,
  0xbf, 0x48, 0xbf, 0x9c, 0xbf, 0x47, 0xbf, 0x9c, 0xbf, 0x48, 0xbf, 0x9c,
  0xbf, 0x48, 0xbf, 0x9c, 0xc0, 0x48, 0xbf, 0x9c, 0xbf, 0x47, 0xbf, 0x9b,
  0xbd, 0x46, 0xc7, 0x9c, 0x66, 0x72, 0x2d, 0x87, 0x34, 0x82, 0x30, 0x7e,
  0x2f, 0x82, 0x2d, 0x7d, 0x2c, 0x84, 0x2b, 0x7b, 0x2b, 0x86, 0x2c, 0x79,
  0x2f, 0x89, 0x2f, 0x77, 0x2e, 0x89, 0x2d, 0x77, 0x2d, 0x89, 0x2d, 0x77,
  0x2f, 0x8a, 0x2f, 0x76, 0x2f, 0x8b, 0x30, 0x75, 0x31, 0x8b, 0x31, 0x74,
  0x32, 0x8c, 0x33, 0x74, 0x34, 0x8d, 0x35, 0x73, 0x36, 0x8d, 0x37, 0x71,
  0x38, 0x8f, 0x39, 0x70, 0x3b, 0x90, 0x3c, 0x6f, 0x3d, 0x91, 0x3e, 0x6d,
  0x41, 0x92, 0x42, 0x6b, 0x43, 0x93, 0x45, 0x6a, 0x46, 0x95, 0x48, 0x68,
  0x45, 0x96, 0x56, 0x65, 0x9c, 0x9a, 0x74, 0x61, 0x52, 0x90, 0x3e, 0x72,
  0x35, 0x87, 0x34, 0x79, 0x2a, 0x86, 0x64, 0x79, 0xbf, 0x83, 0xb9, 0x7c,
  0xbe, 0x82, 0xc1, 0x7d, 0xc4, 0x81, 0xc6, 0x7e, 0xc8, 0x81, 0xca, 0x7e,
  0xcc, 0x80, 0xce, 0x7e, 0xcf, 0x80, 0xcf, 0x7e, 0xce, 0x80, 0xce, 0x7d,
  0xcf, 0x7e, 0xcc, 0x7f, 0xaa, 0x51, 0x9f, 0x9e, 0x9e, 0x4e, 0x9c, 0xa0,
  0x9b, 0x4e, 0x87, 0xa1, 0x4c, 0x6c, 0x17, 0x8e, 0x0c, 0x81, 0x0e, 0x80,
  0x0e, 0x7e, 0x0e, 0x80, 0x0c, 0x81, 0x0b, 0x7f, 0x25, 0x68, 0x5c, 0x92,
  0x7c, 0x4a, 0x86, 0xa4, 0x80, 0x5b, 0xa4, 0x98, 0xce, 0x82, 0xcb, 0x7c,
  0xcb, 0x80, 0xca, 0x7e, 0xc9, 0x80, 0xc7, 0x7e, 0xc5, 0x81, 0xc3, 0x7d,
  0xc0, 0x81, 0xba, 0x7d, 0xbe, 0x84, 0x5e, 0x7b, 0x25, 0x85, 0x2d, 0x7a,
  0x2a, 0x87, 0x2e, 0x78, 0x4c, 0x99, 0x79, 0x66, 0x75, 0x97, 0x52, 0x67,
  0x2e, 0x85, 0x1e, 0x7a, 0x1d, 0x82, 0x25, 0x7c, 0x28, 0x84, 0x2d, 0x7a,
  0x31, 0x85, 0x34, 0x7a, 0x36, 0x85, 0x38, 0x79, 0x3a, 0x86, 0x3a, 0x79,
  0x3a, 0x86, 0x3a, 0x79, 0x39, 0x84, 0x38, 0x7a, 0x3a, 0x8c, 0x45, 0x75,
  0x80, 0x93, 0x51, 0x6b, 0x28, 0x89, 0x30, 0x76, 0x2f, 0x8a, 0x2e, 0x76,
  0x2e, 0x89, 0x2d, 0x77, 0x2d, 0x89, 0x2c, 0x77, 0x2c, 0x88, 0x2c, 0x78,
  0x2e, 0x89, 0x2e, 0x77, 0x2b, 0x88, 0x2a, 0x79, 0x2b, 0x89, 0x30, 0x77,
  0x2e, 0x86, 0x2a, 0x79, 0x2b, 0x83, 0x2c, 0x7c, 0x2e, 0x82, 0x31, 0x7d,
  0x2d, 0x76, 0x51, 0x84, 0xc1, 0x47, 0xbf, 0x9b, 0xc0, 0x46, 0xc0, 0x9b,
  0xc0, 0x47, 0xc0, 0x9c, 0xc0, 0x47, 0xc0, 0x9b, 0xc0, 0x46, 0xbf, 0x9c,
  0xc3, 0x4a, 0xb6, 0x99, 0x40, 0x76, 0x31, 0x85, 0x31, 0x7e, 0x2d, 0x80,
  0x2b, 0x80, 0x29, 0x7f, 0x27, 0x82, 0x25, 0x7d, 0x24, 0x83, 0x23, 0x7c,
  0x23, 0x84, 0x22, 0x7b, 0x22, 0x85, 0x22, 0x7b, 0x22, 0x85, 0x22, 0x7a,
  0x22, 0x85, 0x22, 0x7a, 0x22, 0x85, 0x22, 0x7a, 0x22, 0x85, 0x22, 0x7a,
  0x21, 0x85, 0x21, 0x7a, 0x21, 0x85, 0x20, 0x7a, 0x20, 0x85, 0x20, 0x7a,
  0x20, 0x85, 0x20, 0x7a, 0x20, 0x85, 0x20, 0x7a, 0x20, 0x85, 0x20, 0x7a,
  0x20, 0x85, 0x20, 0x7a, 0x20, 0x85, 0x20, 0x7a, 0x1f, 0x85, 0x1f, 0x7a,
  0x1f, 0x85, 0x1f, 0x7a, 0x1f, 0x84, 0x1f, 0x7a, 0x1f, 0x84, 0x1f, 0x7a,
  0x1f, 0x85, 0x1f, 0x7b, 0x1f, 0x85, 0x1e, 0x7b, 0x1f, 0x85, 0x1f, 0x7a,
  0x1f, 0x85, 0x1e, 0x7a, 0x1e, 0x84, 0x1f, 0x7a, 0x1e, 0x84, 0x1e, 0x7a,
  0x1e, 0x84, 0x1e, 0x7a, 0x1e, 0x84, 0x1e, 0x7a, 0x1e, 0x85, 0x1e, 0x7a,
  0x1e, 0x84, 0x1e, 0x7a, 0x1e, 0x84, 0x1e, 0x7a, 0x1e, 0x84, 0x1e, 0x7a,
  0x1e, 0x84, 0x1e, 0x7a, 0x1e, 0x84, 0x1e, 0x7a, 0x1e, 0x84, 0x1e, 0x7a,
  0x1e, 0x84, 0x1e, 0x7a, 0x1e, 0x84, 0x1e, 0x7a, 0x1e, 0x84, 0x1e, 0x7a,
  0x1e, 0x84, 0x1e, 0x7a, 0x1e, 0x84, 0x1e, 0x7a, 0x1e, 0x84, 0x1f, 0x7a,
  0x1f, 0x84, 0x1f, 0x7a, 0x1f, 0x84, 0x1f, 0x7a, 0x1f, 0x85, 0x1f, 0x7a,
  0x1f, 0x85, 0x1f, 0x7a, 0x1f, 0x85, 0x1f, 0x7a, 0x1f, 0x85, 0x1f, 0x7a,
  0x1f, 0x84, 0x1f, 0x7a, 0x1f, 0x85, 0x1f, 0x7a, 0x20, 0x85, 0x20, 0x7a,
  0x20, 0x85, 0x20, 0x7a, 0x21, 0x85, 0x20, 0x7a, 0x20, 0x85, 0x20, 0x7a,
  0x20, 0x85, 0x20, 0x7a, 0x20, 0x85, 0x20, 0x7a, 0x20, 0x85, 0x20, 0x7a,
  0x20, 0x85, 0x21, 0x7a, 0x21, 0x85, 0x21, 0x7a, 0x21, 0x85, 0x21, 0x7a,
  0x21, 0x85, 0x21, 0x7a, 0x21, 0x84, 0x22, 0x7b, 0x22, 0x84, 0x23, 0x7b,
  0x23, 0x83, 0x23, 0x7b, 0x25, 0x82, 0x26, 0x7c, 0x27, 0x81, 0x29, 0x7e,
  0x2b, 0x7e, 0x2e, 0x80, 0x30, 0x7d, 0x35, 0x80, 0x2e, 0x6e, 0x6b, 0x89,
  0xc6, 0x46, 0xbd, 0x9c, 0xc0, 0x46, 0xbf, 0x9c, 0xc0, 0x47, 0xc0, 0x9b,
  0xbf, 0x47, 0xbf, 0x9b, 0xbf, 0x47, 0xbf, 0x9c, 0xc0, 0x47, 0xc0, 0x9b,
  0xc0, 0x47, 0xc0, 0x9b, 0xbe, 0x44, 0xc8, 0x9c, 0x89, 0x6d, 0x2e, 0x89,
  0x36, 0x82, 0x31, 0x7e, 0x2f, 0x81, 0x2e, 0x7d, 0x2c, 0x84, 0x2c, 0x7b,
  0x2b, 0x86, 0x2d, 0x79, 0x2f, 0x89, 0x30, 0x76, 0x2e, 0x88, 0x2d, 0x77,
  0x2e, 0x89, 0x2e, 0x76, 0x2f, 0x8a, 0x2f, 0x76, 0x30, 0x8a, 0x30, 0x75,
  0x31, 0x8b, 0x32, 0x74, 0x33, 0x8b, 0x34, 0x73, 0x35, 0x8c, 0x35, 0x72,
  0x37, 0x8d, 0x38, 0x71, 0x39, 0x8e, 0x3a, 0x70, 0x3c, 0x8f, 0x3d, 0x6e,
  0x3f, 0x90, 0x40, 0x6d, 0x41, 0x92, 0x43, 0x6b, 0x45, 0x94, 0x45, 0x69,
  0x47, 0x95, 0x49, 0x67, 0x44, 0x97, 0x63, 0x63, 0x9e, 0x9a, 0x6c, 0x62,
  0x4e, 0x8e, 0x3c, 0x73, 0x34, 0x86, 0x32, 0x79, 0x2f, 0x86, 0x3b, 0x7a,
  0xab, 0x84, 0xb9, 0x7c, 0xba, 0x82, 0xbd, 0x7c, 0xc0, 0x81, 0xc3, 0x7d,
  0xc5, 0x81, 0xc7, 0x7d, 0xc9, 0x80, 0xca, 0x7e, 0xcb, 0x7f, 0xcc, 0x7e,
  0xcd, 0x83, 0xcc, 0x7b, 0xce, 0x71, 0xb1, 0x88, 0x9a, 0x48, 0x9f, 0xa3,
  0x9c, 0x4b, 0x99, 0xa3, 0x82, 0x5c, 0x39, 0x9a, 0x0a, 0x80, 0x0e, 0x7f,
  0x11, 0x7c, 0x11, 0x82, 0x12, 0x7c, 0x11, 0x83, 0x10, 0x7c, 0x11, 0x83,
  0x11, 0x82, 0x06, 0x7f, 0x31, 0x58, 0x7d, 0x9c, 0x8d, 0x66, 0xbf, 0x90,
  0xcb, 0x84, 0xc9, 0x7b, 0xc9, 0x7f, 0xc8, 0x7e, 0xc7, 0x81, 0xc6, 0x7d,
  0xc4, 0x81, 0xc1, 0x7d, 0xbe, 0x82, 0xbc, 0x7d, 0xab, 0x84, 0x3b, 0x7b,
  0x2e, 0x85, 0x2e, 0x7a, 0x2b, 0x86, 0x2b, 0x78, 0x3b, 0x8f, 0x3e, 0x71,
  0x30, 0x88, 0x27, 0x77, 0x21, 0x82, 0x20, 0x7c, 0x1e, 0x82, 0x22, 0x7b,
  0x27, 0x84, 0x2b, 0x7a, 0x2e, 0x85, 0x31, 0x7a, 0x34, 0x85, 0x35, 0x79,
  0x37, 0x85, 0x37, 0x7a, 0x37, 0x86, 0x36, 0x79, 0x35, 0x84, 0x33, 0x7a,
  0x35, 0x8a, 0x43, 0x75, 0x81, 0x93, 0x4d, 0x6c, 0x28, 0x89, 0x30, 0x76,
  0x2f, 0x89, 0x2e, 0x76, 0x2d, 0x89, 0x2d, 0x77, 0x2d, 0x88, 0x2c, 0x78,
  0x2c, 0x88, 0x2c, 0x78, 0x2c, 0x88, 0x2c, 0x78, 0x2b, 0x87, 0x2a, 0x79,
  0x2b, 0x88, 0x2f, 0x78, 0x2f, 0x87, 0x2a, 0x79, 0x2b, 0x83, 0x2c, 0x7c,
  0x2e, 0x83, 0x32, 0x7d, 0x2b, 0x73, 0x61, 0x85, 0xc5, 0x46, 0xbe, 0x9b,
  0xc0, 0x45, 0xc0, 0x9c, 0xc0, 0x46, 0xc0, 0x9c, 0xc0, 0x47, 0xbf, 0x9b,
  0xbf, 0x44, 0xbe, 0x9d, 0xc8, 0x51, 0x8a, 0x96, 0x2c, 0x7b, 0x33, 0x82,
  0x2e, 0x7d, 0x2c, 0x81, 0x2a, 0x80, 0x28, 0x7e, 0x26, 0x82, 0x25, 0x7c,
  0x24, 0x84, 0x23, 0x7b, 0x22, 0x84, 0x22, 0x7b, 0x22, 0x85, 0x21, 0x7a,
  0x21, 0x85, 0x22, 0x7a, 0x22, 0x85, 0x22, 0x79, 0x21, 0x85, 0x21, 0x7a,
  0x22, 0x85, 0x21, 0x7a, 0x21, 0x85, 0x21, 0x7a, 0x21, 0x85, 0x21, 0x7a,
  0x20, 0x85, 0x20, 0x7a, 0x20, 0x85, 0x20, 0x7a, 0x20, 0x85, 0x20, 0x7a,
  0x20, 0x85, 0x20, 0x7a, 0x20, 0x85, 0x20, 0x7a, 0x20, 0x85, 0x20, 0x7a,
  0x20, 0x85, 0x1f, 0x7a, 0x1f, 0x85, 0x1f, 0x7a, 0x1f, 0x84, 0x1f, 0x7a,
  0x1f, 0x85, 0x1f, 0x7a, 0x1f, 0x85, 0x1f, 0x7a, 0x1f, 0x85, 0x1f, 0x7a,
  0x1f, 0x84, 0x1f, 0x7a, 0x1f, 0x84, 0x1e, 0x7a, 0x1f, 0x85, 0x1f, 0x7a,
  0x1f, 0x84, 0x1e, 0x7a, 0x1f, 0x84, 0x1f, 0x7a, 0x1f, 0x85, 0x1f, 0x7a,
  0x1e, 0x84, 0x1f, 0x7a, 0x1f, 0x84, 0x1f, 0x7a, 0x1f, 0x84, 0x1f, 0x7a,
  0x1f, 0x84, 0x1e, 0x7a, 0x1e, 0x84, 0x1e, 0x7a, 0x1e, 0x85, 0x1e, 0x7a,
  0x1e, 0x84, 0x1e, 0x7a, 0x1e, 0x84, 0x1e, 0x7a, 0x1e, 0x85, 0x1e, 0x7b,
  0x1e, 0x85, 0x1e, 0x7b, 0x1e, 0x85, 0x1e, 0x7a, 0x1e, 0x85, 0x1e, 0x7a,
  0x1e, 0x85, 0x1e, 0x7a, 0x1e, 0x85, 0x1f, 0x7a, 0x1f, 0x85, 0x1e, 0x7a,
  0x1f, 0x85, 0x1f, 0x7a, 0x1f, 0x85, 0x1f, 0x7a, 0x1f, 0x85, 0x1f, 0x7a,
  0x1f, 0x85, 0x1f, 0x7a, 0x1f, 0x85, 0x1f, 0x7a, 0x1f, 0x85, 0x1f, 0x7a,
  0x20, 0x85, 0x20, 0x7a, 0x20, 0x85, 0x20, 0x7a, 0x20, 0x85, 0x20, 0x7a,
  0x21, 0x85, 0x20, 0x7a, 0x20, 0x85, 0x20, 0x7a, 0x20, 0x85, 0x20, 0x7a,
  0x20, 0x85, 0x21, 0x7a, 0x21, 0x85, 0x21, 0x7a, 0x21, 0x85, 0x21, 0x7a,
  0x21, 0x85, 0x21, 0x7a, 0x21, 0x85, 0x21, 0x7b, 0x22, 0x85, 0x22, 0x7b,
  0x22, 0x84, 0x22, 0x7b, 0x23, 0x84, 0x23, 0x7b, 0x24, 0x83, 0x25, 0x7c,
  0x27, 0x81, 0x28, 0x7e, 0x2a, 0x7f, 0x2c, 0x7f, 0x2e, 0x7d, 0x31, 0x81,
  0x34, 0x79, 0x33, 0x83, 0xa2, 0x4e, 0xc5, 0x98, 0xbe, 0x45, 0xbf, 0x9c,
  0xc0, 0x47, 0xbf, 0x9b, 0xbf, 0x47, 0xbf, 0x9c, 0xbf, 0x47, 0xbf, 0x9c,
  0xc0, 0x47, 0xc0, 0x9c, 0xbf, 0x47, 0xc0, 0x9b, 0xbf, 0x44, 0xc3, 0x9d,
  0xa8, 0x66, 0x38, 0x8c, 0x34, 0x82, 0x32, 0x7e, 0x30, 0x82, 0x2e, 0x7d,
  0x2d, 0x85, 0x2c, 0x7b, 0x2b, 0x87, 0x2e, 0x79, 0x2f, 0x89, 0x2f, 0x76,
  0x2d, 0x89, 0x2d, 0x77, 0x2d, 0x89, 0x2e, 0x76, 0x2f, 0x8a, 0x2f, 0x76,
  0x30, 0x8a, 0x30, 0x75, 0x32, 0x8b, 0x32, 0x74, 0x33, 0x8b, 0x35, 0x73,
  0x35, 0x8d, 0x36, 0x72, 0x38, 0x8e, 0x39, 0x71, 0x3a, 0x8e, 0x3b, 0x70,
  0x3c, 0x90, 0x3e, 0x6e, 0x40, 0x91, 0x41, 0x6c, 0x43, 0x92, 0x44, 0x6a,
  0x45, 0x94, 0x46, 0x69, 0x48, 0x95, 0x4b, 0x66, 0x44, 0x97, 0x76, 0x61,
  0x9a, 0x99, 0x62, 0x63, 0x4a, 0x8d, 0x3a, 0x74, 0x33, 0x87, 0x32, 0x79,
  0x34, 0x86, 0x2a, 0x79, 0x7a, 0x85, 0xba, 0x7b, 0xb3, 0x83, 0xba, 0x7c,
  0xbc, 0x82, 0xbf, 0x7d, 0xc2, 0x81, 0xc4, 0x7d, 0xc6, 0x81, 0xc7, 0x7e,
  0xc9, 0x80, 0xc9, 0x7e, 0xca, 0x84, 0xc9, 0x7b, 0xca, 0x6e, 0x98, 0x8a,
  0x8a, 0x46, 0x8f, 0xa7, 0x84, 0x52, 0x69, 0xa0, 0x2d, 0x75, 0x0f, 0x89,
  0x13, 0x7d, 0x13, 0x82, 0x19, 0x7a, 0x1c, 0x88, 0x24, 0x75, 0x2d, 0x93,
  0x29, 0x7a, 0x1c, 0x8d, 0x0b, 0x76, 0x23, 0x85, 0x8b, 0x4d, 0x8b, 0xa1,
  0xa2, 0x7c, 0xc6, 0x82, 0xc8, 0x82, 0xc8, 0x7d, 0xc8, 0x80, 0xc7, 0x7e,
  0xc5, 0x81, 0xc4, 0x7d, 0xc2, 0x81, 0xc1, 0x7d, 0xbc, 0x82, 0xc2, 0x7d,
  0x89, 0x85, 0x2e, 0x7a, 0x33, 0x85, 0x2d, 0x7a, 0x2a, 0x85, 0x28, 0x7a,
  0x2b, 0x86, 0x22, 0x79, 0x1e, 0x82, 0x21, 0x7b, 0x22, 0x83, 0x23, 0x7b,
  0x22, 0x83, 0x21, 0x7b, 0x26, 0x84, 0x29, 0x7b, 0x2c, 0x85, 0x2f, 0x7a,
  0x31, 0x85, 0x33, 0x79, 0x34, 0x86, 0x34, 0x79, 0x34, 0x85, 0x33, 0x79,
  0x31, 0x84, 0x31, 0x7a, 0x31, 0x8a, 0x42, 0x76, 0x7e, 0x92, 0x43, 0x6d,
  0x2b, 0x89, 0x2f, 0x76, 0x2e, 0x89, 0x2e, 0x76, 0x2d, 0x89, 0x2d, 0x76,
  0x2c, 0x89, 0x2c, 0x77, 0x2b, 0x88, 0x2b, 0x78, 0x2c, 0x88, 0x2c, 0x77,
  0x2b, 0x87, 0x2a, 0x79, 0x2a, 0x88, 0x2d, 0x78, 0x2e, 0x87, 0x2b, 0x79,
  0x2b, 0x83, 0x2c, 0x7c, 0x2d, 0x84, 0x32, 0x7c, 0x2a, 0x71, 0x71, 0x87,
  0xc7, 0x45, 0xbd, 0x9c, 0xbf, 0x46, 0xbf, 0x9c, 0xbf, 0x46, 0xbf, 0x9c,
  0xbf, 0x47, 0xc0, 0x9b, 0xbf, 0x43, 0xbf, 0x9d, 0xc2, 0x5b, 0x53, 0x92,
  0x2d, 0x7e, 0x31, 0x81, 0x2d, 0x7e, 0x2b, 0x80, 0x29, 0x81, 0x27, 0x7d,
  0x26, 0x83, 0x24, 0x7c, 0x23, 0x84, 0x23, 0x7b, 0x22, 0x85, 0x22, 0x7b,
  0x22, 0x85, 0x22, 0x7a, 0x21, 0x85, 0x21, 0x7a, 0x21, 0x85, 0x21, 0x7a,
  0x21, 0x85, 0x21, 0x7a, 0x21, 0x85, 0x21, 0x7a, 0x21, 0x85, 0x21, 0x7a,
  0x21, 0x85, 0x21, 0x7a, 0x20, 0x85, 0x21, 0x7a, 0x20, 0x85, 0x20, 0x7a,
  0x20, 0x85, 0x20, 0x7a, 0x20, 0x85, 0x20, 0x7a, 0x20, 0x85, 0x20, 0x7a,
  0x20, 0x85, 0x20, 0x7a, 0x20, 0x85, 0x1f, 0x7a, 0x1f, 0x85, 0x1f, 0x7a,
  0x1f, 0x85, 0x1f, 0x7a, 0x1f, 0x85, 0x1f, 0x7a, 0x1f, 0x85, 0x1f, 0x7a,
  0x1e, 0x85, 0x1f, 0x7b, 0x1f, 0x85, 0x1e, 0x7b, 0x1f, 0x85, 0x1f, 0x7a,
  0x1e, 0x85, 0x1e, 0x7a, 0x1e, 0x85, 0x1e, 0x7a, 0x1e, 0x85, 0x1e, 0x7a,
  0x1e, 0x85, 0x1e, 0x7a, 0x1e, 0x85, 0x1f, 0x7a, 0x1e, 0x85, 0x1e, 0x7a,
  0x1e, 0x85, 0x1e, 0x7a, 0x1f, 0x85, 0x1e, 0x7a, 0x1e, 0x84, 0x1e, 0x7a,
  0x1d, 0x85, 0x1d, 0x7a, 0x1e, 0x85, 0x1e, 0x7a, 0x1e, 0x85, 0x1e, 0x7a,
  0x1e, 0x85, 0x1e, 0x7a, 0x1e, 0x85, 0x1e, 0x7a, 0x1e, 0x85, 0x1e, 0x7a,
  0x1e, 0x85, 0x1e, 0x7a, 0x1e, 0x85, 0x1e, 0x7a, 0x1f, 0x85, 0x1e, 0x7a,
  0x1f, 0x85, 0x1f, 0x7a, 0x1f, 0x85, 0x1e, 0x7a, 0x1f, 0x85, 0x1f, 0x7a,
  0x1f, 0x85, 0x1f, 0x7a, 0x1f, 0x85, 0x1f, 0x7a, 0x1f, 0x85, 0x20, 0x7a,
  0x1f, 0x85, 0x1f, 0x7a, 0x1f, 0x85, 0x20, 0x7a, 0x20, 0x85, 0x1f, 0x7a,
  0x20, 0x86, 0x20, 0x7a, 0x20, 0x86, 0x20, 0x7a, 0x20, 0x86, 0x20, 0x7a,
  0x20, 0x86, 0x20, 0x7a, 0x20, 0x85, 0x20, 0x7a, 0x21, 0x85, 0x21, 0x7a,
  0x21, 0x85, 0x21, 0x7a, 0x21, 0x85, 0x21, 0x7a, 0x21, 0x85, 0x22, 0x7a,
  0x22, 0x85, 0x22, 0x7b, 0x22, 0x84, 0x22, 0x7b, 0x22, 0x84, 0x23, 0x7b,
  0x23, 0x83, 0x24, 0x7c, 0x26, 0x82, 0x27, 0x7d, 0x29, 0x7f, 0x2b, 0x7e,
  0x2d, 0x7d, 0x2e, 0x81, 0x33, 0x7d, 0x2c, 0x81, 0x5e, 0x59, 0xc6, 0x92,
  0xbe, 0x43, 0xbf, 0x9d, 0xbf, 0x47, 0xbf, 0x9b, 0xbf, 0x47, 0xbf, 0x9c,
  0xc0, 0x47, 0xbf, 0x9c, 0xbf, 0x47, 0xbf, 0x9c, 0xc0, 0x48, 0xbf, 0x9b,
  0xbf, 0x43, 0xc0, 0x9d, 0xbe, 0x5d, 0x4e, 0x90, 0x30, 0x82, 0x34, 0x7e,
  0x31, 0x81, 0x30, 0x7d, 0x2e, 0x85, 0x2d, 0x7b, 0x2c, 0x87, 0x2f, 0x78,
  0x2f, 0x89, 0x2f, 0x76, 0x2c, 0x88, 0x2d, 0x77, 0x2e, 0x89, 0x2e, 0x76,
  0x2f, 0x8a, 0x2f, 0x75, 0x30, 0x8b, 0x31, 0x75, 0x32, 0x8b, 0x33, 0x74,
  0x34, 0x8c, 0x35, 0x73, 0x36, 0x8d, 0x37, 0x72, 0x38, 0x8e, 0x39, 0x71,
  0x3b, 0x8f, 0x3c, 0x6f, 0x3d, 0x90, 0x3f, 0x6e, 0x41, 0x92, 0x42, 0x6c,
  0x43, 0x93, 0x45, 0x6a, 0x45, 0x94, 0x47, 0x68, 0x49, 0x96, 0x4c, 0x66,
  0x46, 0x98, 0x8a, 0x5f, 0x8f, 0x99, 0x5c, 0x65, 0x46, 0x8c, 0x38, 0x74,
  0x34, 0x87, 0x33, 0x78, 0x33, 0x86, 0x2f, 0x79, 0x40, 0x85, 0xa8, 0x7a,
  0xb3, 0x83, 0xb5, 0x7c, 0xb9, 0x82, 0xbb, 0x7d, 0xbf, 0x82, 0xc1, 0x7d,
  0xc3, 0x81, 0xc5, 0x7d, 0xc7, 0x81, 0xc8, 0x7e, 0xc8, 0x82, 0xc7, 0x7d,
  0xca, 0x7b, 0xa4, 0x81, 0x78, 0x4c, 0x7a, 0xa4, 0x63, 0x62, 0x26, 0x96,
  0x03, 0x81, 0x13, 0x7f, 0x22, 0x75, 0x30, 0x91, 0x37, 0x74, 0x3a, 0x99,
  0x3d, 0x72, 0x45, 0x9c, 0x47, 0x75, 0x3a, 0x9c, 0x27, 0x5b, 0x87, 0x9a,
  0x95, 0x59, 0x90, 0x98, 0xbb, 0x85, 0xc4, 0x7b, 0xc6, 0x80, 0xc8, 0x7e,
  0xc7, 0x81, 0xc6, 0x7e, 0xc5, 0x81, 0xc5, 0x7d, 0xc2, 0x81, 0xc1, 0x7d,
  0xbd, 0x82, 0xc1, 0x7d, 0x61, 0x85, 0x2d, 0x7a, 0x34, 0x85, 0x2f, 0x7a,
  0x2b, 0x85, 0x28, 0x7a, 0x25, 0x83, 0x1d, 0x7b, 0x1e, 0x82, 0x22, 0x7c,
  0x23, 0x83, 0x24, 0x7b, 0x25, 0x83, 0x25, 0x7b, 0x27, 0x84, 0x2a, 0x7a,
  0x2c, 0x85, 0x2d, 0x7a, 0x30, 0x85, 0x30, 0x7a, 0x31, 0x85, 0x31, 0x79,
  0x30, 0x85, 0x30, 0x79, 0x2f, 0x84, 0x2e, 0x7b, 0x30, 0x8b, 0x47, 0x75,
  0x74, 0x91, 0x35, 0x6e, 0x2f, 0x89, 0x2f, 0x76, 0x2f, 0x8a, 0x2e, 0x76,
  0x2e, 0x89, 0x2d, 0x76, 0x2d, 0x88, 0x2c, 0x77, 0x2c, 0x88, 0x2c, 0x78,
  0x2c, 0x88, 0x2d, 0x78, 0x2c, 0x87, 0x2a, 0x78, 0x2a, 0x87, 0x2c, 0x78,
  0x2d, 0x87, 0x2c, 0x78, 0x2b, 0x84, 0x2c, 0x7c, 0x2d, 0x84, 0x30, 0x7c,
  0x2d, 0x75, 0x57, 0x84, 0xc8, 0x44, 0xc5, 0x9c, 0xbf, 0x45, 0xbd, 0x9b,
  0xbe, 0x46, 0xbe, 0x9b, 0xbf, 0x47, 0xc0, 0x9b, 0xbf, 0x43, 0xc6, 0x9d,
  0x9f, 0x65, 0x31, 0x8c, 0x32, 0x80, 0x2e, 0x80, 0x2c, 0x7f, 0x2a, 0x7f,
  0x28, 0x82, 0x26, 0x7d, 0x25, 0x83, 0x24, 0x7c, 0x23, 0x84, 0x23, 0x7b,
  0x22, 0x85, 0x22, 0x7b, 0x22, 0x85, 0x21, 0x7a, 0x21, 0x86, 0x21, 0x7a,
  0x21, 0x86, 0x21, 0x7a, 0x21, 0x86, 0x21, 0x7a, 0x21, 0x85, 0x21, 0x7a,
  0x21, 0x86, 0x20, 0x7a, 0x20, 0x85, 0x20, 0x7a, 0x20, 0x86, 0x20, 0x7a,
  0x20, 0x85, 0x20, 0x7a, 0x1f, 0x86, 0x20, 0x7a, 0x20, 0x85, 0x20, 0x7a,
  0x20, 0x85, 0x20, 0x7a, 0x20, 0x86, 0x20, 0x7a, 0x1f, 0x85, 0x1f, 0x7a,
  0x1f, 0x85, 0x1f, 0x7a, 0x1f, 0x85, 0x1f, 0x7a, 0x1f, 0x85, 0x1f, 0x7a,
  0x1f, 0x85, 0x1f, 0x7a, 0x1f, 0x85, 0x1e, 0x7a, 0x1f, 0x85, 0x1f, 0x7a,
  0x1e, 0x85, 0x1f, 0x7a, 0x1e, 0x85, 0x1e, 0x7a, 0x1f, 0x85, 0x1e, 0x7a,
  0x1e, 0x85, 0x1e, 0x7a, 0x1f, 0x85, 0x1f, 0x7a, 0x1e, 0x85, 0x1e, 0x7a,
  0x1e, 0x85, 0x1e, 0x7a, 0x1e, 0x85, 0x1e, 0x7a, 0x1e, 0x85, 0x1e, 0x7a,
  0x1e, 0x85, 0x1e, 0x7a, 0x1e, 0x85, 0x1e, 0x7a, 0x1e, 0x84, 0x1e, 0x7a,
  0x1e, 0x84, 0x1e, 0x7a, 0x1e, 0x85, 0x1e, 0x7a, 0x1e, 0x84, 0x1e, 0x7a,
  0x1e, 0x85, 0x1e, 0x7a, 0x1f, 0x85, 0x1e, 0x7a, 0x1e, 0x85, 0x1e, 0x7a,
  0x1f, 0x85, 0x1f, 0x7b, 0x1f, 0x85, 0x1f, 0x7a, 0x1f, 0x85, 0x1f, 0x7a,
  0x1f, 0x85, 0x1f, 0x7a, 0x1f, 0x85, 0x1f, 0x7a, 0x1f, 0x85, 0x1f, 0x7a,
  0x1f, 0x85, 0x20, 0x7a, 0x20, 0x85, 0x20, 0x7a, 0x20, 0x85, 0x20, 0x7a,
  0x20, 0x85, 0x20, 0x7a, 0x20, 0x86, 0x20, 0x7a, 0x20, 0x86, 0x20, 0x7a,
  0x20, 0x86, 0x20, 0x7a, 0x20, 0x86, 0x20, 0x7a, 0x20, 0x85, 0x20, 0x7a,
  0x21, 0x85, 0x21, 0x7a, 0x21, 0x86, 0x21, 0x7a, 0x21, 0x85, 0x21, 0x7a,
  0x21, 0x85, 0x21, 0x7a, 0x22, 0x85, 0x22, 0x7b, 0x22, 0x85, 0x22, 0x7b,
  0x22, 0x84, 0x22, 0x7b, 0x23, 0x84, 0x24, 0x7c, 0x25, 0x83, 0x26, 0x7d,
  0x28, 0x81, 0x29, 0x7e, 0x2b, 0x7d, 0x2e, 0x80, 0x30, 0x7f, 0x34, 0x80,
  0x30, 0x67, 0x9a, 0x8c, 0xc7, 0x43, 0xbe, 0x9d, 0xbf, 0x47, 0xbf, 0x9c,
  0xbf, 0x47, 0xbf, 0x9c, 0xbf, 0x47, 0xbf, 0x9c, 0xbf, 0x47, 0xc0, 0x9c,
  0xbf, 0x47, 0xbf, 0x9b, 0xbf, 0x43, 0xbd, 0x9d, 0xc6, 0x57, 0x6d, 0x93,
  0x2e, 0x81, 0x36, 0x7f, 0x31, 0x82, 0x30, 0x7e, 0x2e, 0x85, 0x2d, 0x7b,
  0x2d, 0x88, 0x2f, 0x78, 0x2f, 0x89, 0x2f, 0x76, 0x2d, 0x89, 0x2d, 0x77,
  0x2e, 0x8a, 0x2f, 0x76, 0x2f, 0x8a, 0x30, 0x75, 0x30, 0x8b, 0x31, 0x75,
  0x32, 0x8b, 0x33, 0x74, 0x35, 0x8c, 0x36, 0x73, 0x36, 0x8d, 0x37, 0x72,
  0x38, 0x8e, 0x39, 0x70, 0x3b, 0x8f, 0x3c, 0x6f, 0x3d, 0x90, 0x40, 0x6d,
  0x41, 0x91, 0x42, 0x6b, 0x43, 0x93, 0x45, 0x6a, 0x47, 0x95, 0x48, 0x68,
  0x4a, 0x96, 0x4a, 0x65, 0x4e, 0x98, 0x99, 0x5e, 0x7e, 0x97, 0x55, 0x68,
  0x42, 0x8b, 0x37, 0x75, 0x34, 0x87, 0x33, 0x79, 0x33, 0x86, 0x35, 0x79,
  0x2a, 0x86, 0x6b, 0x7a, 0xb5, 0x84, 0xb0, 0x7c, 0xb6, 0x83, 0xba, 0x7c,
  0xbc, 0x82, 0xbe, 0x7d, 0xc1, 0x81, 0xc2, 0x7e, 0xc4, 0x81, 0xc5, 0x7e,
  0xc6, 0x80, 0xc6, 0x7e, 0xc5, 0x84, 0xbb, 0x7b, 0x8e, 0x6c, 0x71, 0x8f,
  0x77, 0x4b, 0x7b, 0xa5, 0x51, 0x69, 0x20, 0x93, 0x2f, 0x77, 0x42, 0x98,
  0x4e, 0x6e, 0x59, 0xa3, 0x5e, 0x6e, 0x64, 0xa4, 0x5e, 0x6f, 0x3e, 0xa1,
  0x7f, 0x4a, 0xa3, 0xa3, 0x84, 0x71, 0xab, 0x89, 0xbf, 0x84, 0xc4, 0x7b,
  0xc6, 0x80, 0xc7, 0x7e, 0xc7, 0x80, 0xc6, 0x7e, 0xc5, 0x81, 0xc4, 0x7e,
  0xc3, 0x81, 0xc1, 0x7e, 0xbf, 0x82, 0xb6, 0x7d, 0x48, 0x86, 0x33, 0x7a,
  0x36, 0x85, 0x32, 0x7a, 0x2d, 0x85, 0x2a, 0x7a, 0x24, 0x82, 0x1c, 0x7c,
  0x1f, 0x82, 0x22, 0x7c, 0x25, 0x84, 0x27, 0x7b, 0x29, 0x84, 0x29, 0x7b,
  0x2a, 0x85, 0x2c, 0x7a, 0x2c, 0x85, 0x2d, 0x7a, 0x2e, 0x85, 0x2e, 0x7a,
  0x2e, 0x85, 0x2e, 0x7a, 0x2e, 0x85, 0x2d, 0x7a, 0x2c, 0x84, 0x2c, 0x7b,
  0x2e, 0x8c, 0x53, 0x74, 0x65, 0x90, 0x2b, 0x6f, 0x31, 0x8a, 0x30, 0x76,
  0x2f, 0x8a, 0x2e, 0x76, 0x2e, 0x89, 0x2e, 0x76, 0x2d, 0x89, 0x2d, 0x77,
  0x2c, 0x89, 0x2c, 0x78, 0x2c, 0x88, 0x2c, 0x78, 0x2c, 0x88, 0x2b, 0x78,
  0x2b, 0x87, 0x2c, 0x79, 0x2d, 0x87, 0x2c, 0x79, 0x2b, 0x85, 0x2c, 0x7b,
  0x2d, 0x82, 0x2f, 0x7d, 0x32, 0x80, 0x30, 0x7f, 0x6e, 0x5a, 0xad, 0x91,
  0xc0, 0x41, 0xc9, 0x9e, 0xc7, 0x44, 0xc1, 0x9c, 0xbe, 0x47, 0xbd, 0x9c,
  0xba, 0x45, 0xc9, 0x9c, 0x6b, 0x6f, 0x2c, 0x88, 0x32, 0x80, 0x2d, 0x7f,
  0x2b, 0x80, 0x29, 0x7f, 0x28, 0x83, 0x26, 0x7c, 0x25, 0x84, 0x24, 0x7b,
  0x23, 0x84, 0x23, 0x7b, 0x22, 0x85, 0x22, 0x7b, 0x21, 0x86, 0x21, 0x7a,
  0x21, 0x85, 0x21, 0x7a, 0x21, 0x86, 0x21, 0x7a, 0x21, 0x85, 0x21, 0x7a,
  0x21, 0x85, 0x21, 0x7a, 0x20, 0x86, 0x21, 0x7a, 0x21, 0x86, 0x20, 0x7a,
  0x21, 0x86, 0x21, 0x7a, 0x20, 0x85, 0x20, 0x7a, 0x20, 0x85, 0x20, 0x7a,
  0x20, 0x85, 0x20, 0x7a, 0x20, 0x85, 0x20, 0x7a, 0x20, 0x85, 0x20, 0x7a,
  0x1f, 0x85, 0x1f, 0x7a, 0x1f, 0x85, 0x1f, 0x7a, 0x1f, 0x85, 0x1f, 0x7a,
  0x1f, 0x85, 0x1f, 0x7a, 0x1f, 0x85, 0x1f, 0x7a, 0x1f, 0x85, 0x1f, 0x7a,
  0x1f, 0x85, 0x1f, 0x7a, 0x1f, 0x85, 0x1f, 0x7a, 0x1f, 0x84, 0x1f, 0x7a,
  0x1f, 0x85, 0x1e, 0x7a, 0x1e, 0x85, 0x1e, 0x7a, 0x1e, 0x85, 0x1e, 0x7a,
  0x1e, 0x84, 0x1f, 0x7a, 0x1e, 0x84, 0x1e, 0x7a, 0x1f, 0x85, 0x1f, 0x7a,
  0x1e, 0x84, 0x1e, 0x7a, 0x1e, 0x84, 0x1e, 0x7a, 0x1e, 0x84, 0x1e, 0x7a,
  0x1e, 0x84, 0x1e, 0x7b, 0x1e, 0x84, 0x1e, 0x7b, 0x1e, 0x84, 0x1e, 0x7a,
  0x1e, 0x84, 0x1e, 0x7b, 0x1e, 0x84, 0x1e, 0x7a, 0x1e, 0x84, 0x1e, 0x7a,
  0x1f, 0x85, 0x1e, 0x7a, 0x1e, 0x84, 0x1e, 0x7a, 0x1e, 0x84, 0x1e, 0x7a,
  0x1e, 0x84, 0x1f, 0x7a, 0x1f, 0x85, 0x1f, 0x7b, 0x1f, 0x85, 0x1f, 0x7a,
  0x1f, 0x85, 0x1f, 0x7a, 0x20, 0x85, 0x20, 0x7a, 0x20, 0x85, 0x20, 0x7a,
  0x20, 0x85, 0x20, 0x7a, 0x20, 0x85, 0x20, 0x7a, 0x20, 0x85, 0x20, 0x7a,
  0x20, 0x85, 0x20, 0x7a, 0x20, 0x85, 0x20, 0x7a, 0x20, 0x85, 0x20, 0x7a,
  0x20, 0x85, 0x20, 0x7a, 0x21, 0x85, 0x21, 0x7a, 0x21, 0x85, 0x21, 0x7a,
  0x21, 0x85, 0x21, 0x7a, 0x21, 0x85, 0x21, 0x7a, 0x22, 0x85, 0x22, 0x7b,
  0x22, 0x84, 0x22, 0x7a, 0x22, 0x84, 0x22, 0x7b, 0x23, 0x84, 0x24, 0x7b,
  0x25, 0x83, 0x26, 0x7c, 0x27, 0x81, 0x29, 0x7e, 0x2b, 0x7e, 0x2d, 0x7f,
  0x2f, 0x7e, 0x32, 0x80, 0x2e, 0x72, 0x52, 0x87, 0xc1, 0x47, 0xbf, 0x9b,
  0xbf, 0x46, 0xbf, 0x9c, 0xbf, 0x47, 0xbf, 0x9c, 0xbf, 0x47, 0xbf, 0x9c,
  0xbf, 0x47, 0xbf, 0x9c, 0xbf, 0x47, 0xbf, 0x9c, 0xbf, 0x44, 0xbd, 0x9d,
  0xc7, 0x51, 0x8f, 0x97, 0x2f, 0x7e, 0x36, 0x80, 0x31, 0x82, 0x30, 0x7e,
  0x2f, 0x84, 0x2d, 0x7b, 0x2e, 0x88, 0x30, 0x78, 0x2f, 0x89, 0x2e, 0x76,
  0x2d, 0x89, 0x2d, 0x77, 0x2e, 0x89, 0x2f, 0x76, 0x2f, 0x8a, 0x30, 0x75,
  0x31, 0x8b, 0x32, 0x74, 0x32, 0x8c, 0x33, 0x74, 0x35, 0x8c, 0x36, 0x73,
  0x37, 0x8e, 0x37, 0x71, 0x38, 0x8f, 0x3a, 0x70, 0x3b, 0x90, 0x3d, 0x6e,
  0x3f, 0x91, 0x40, 0x6d, 0x41, 0x92, 0x43, 0x6b, 0x44, 0x94, 0x46, 0x69,
  0x48, 0x95, 0x49, 0x67, 0x4b, 0x96, 0x47, 0x64, 0x63, 0x99, 0xa1, 0x5e,
  0x70, 0x95, 0x4f, 0x6a, 0x3e, 0x8a, 0x36, 0x76, 0x34, 0x87, 0x34, 0x79,
  0x34, 0x86, 0x34, 0x79, 0x33, 0x86, 0x34, 0x79, 0x97, 0x84, 0xb6, 0x7b,
  0xb5, 0x83, 0xb9, 0x7c, 0xbc, 0x82, 0xbd, 0x7d, 0xbf, 0x81, 0xc0, 0x7d,
  0xc2, 0x81, 0xc3, 0x7d, 0xc4, 0x80, 0xc5, 0x7e, 0xc3, 0x81, 0xbe, 0x7e,
  0xb0, 0x84, 0x94, 0x7c, 0x7c, 0x5e, 0x7d, 0x98, 0x8c, 0x47, 0x81, 0xa5,
  0x52, 0x68, 0x47, 0x9d, 0x60, 0x6f, 0x72, 0xa6, 0x75, 0x6f, 0x77, 0xa8,
  0x5a, 0x5d, 0x75, 0xa4, 0xa7, 0x4d, 0x83, 0x9e, 0x9c, 0x80, 0xb8, 0x80,
  0xc1, 0x81, 0xc5, 0x7d, 0xc6, 0x80, 0xc7, 0x7e, 0xc7, 0x80, 0xc6, 0x7e,
  0xc5, 0x81, 0xc4, 0x7e, 0xc3, 0x81, 0xc1, 0x7e, 0xc5, 0x82, 0xac, 0x7d,
  0x3d, 0x85, 0x38, 0x79, 0x37, 0x85, 0x33, 0x79, 0x2f, 0x85, 0x2a, 0x7a,
  0x25, 0x83, 0x1d, 0x7b, 0x21, 0x83, 0x25, 0x7b, 0x27, 0x84, 0x29, 0x7b,
  0x2b, 0x84, 0x2c, 0x7a, 0x2b, 0x85, 0x2c, 0x7a, 0x2c, 0x85, 0x2c, 0x7a,
  0x2c, 0x85, 0x2c, 0x7a, 0x2c, 0x85, 0x2b, 0x7a, 0x2b, 0x85, 0x2a, 0x7a,
  0x29, 0x83, 0x29, 0x7b, 0x2f, 0x8e, 0x62, 0x72, 0x4e, 0x8f, 0x2c, 0x71,
  0x31, 0x89, 0x30, 0x76, 0x2f, 0x8a, 0x2f, 0x76, 0x2e, 0x89, 0x2e, 0x77,
  0x2d, 0x89, 0x2d, 0x77, 0x2d, 0x88, 0x2c, 0x78, 0x2c, 0x88, 0x2d, 0x78,
  0x2d, 0x88, 0x2b, 0x78, 0x2a, 0x86, 0x2b, 0x79, 0x2d, 0x86, 0x2c, 0x79,
  0x2b, 0x84, 0x2c, 0x7b, 0x2d, 0x83, 0x2e, 0x7d, 0x2f, 0x80, 0x32, 0x7f,
  0x2c, 0x7e, 0x36, 0x82, 0x51, 0x68, 0x78, 0x8c, 0xa0, 0x4d, 0xba, 0x98,
  0xc6, 0x40, 0xc9, 0x9e, 0xcc, 0x4b, 0xa0, 0x99, 0x36, 0x7a, 0x31, 0x83,
  0x2f, 0x7f, 0x2c, 0x7f, 0x2a, 0x81, 0x28, 0x7e, 0x27, 0x83, 0x25, 0x7c,
  0x24, 0x84, 0x23, 0x7b, 0x23, 0x84, 0x22, 0x7b, 0x22, 0x85, 0x22, 0x7a,
  0x21, 0x85, 0x21, 0x7a, 0x21, 0x85, 0x21, 0x7a, 0x21, 0x85, 0x21, 0x7a,
  0x21, 0x85, 0x21, 0x7a, 0x21, 0x85, 0x21, 0x7a, 0x21, 0x85, 0x21, 0x7a,
  0x20, 0x85, 0x20, 0x7a, 0x21, 0x85, 0x20, 0x7a, 0x20, 0x85, 0x20, 0x7a,
  0x20, 0x85, 0x1f, 0x7a, 0x20, 0x85, 0x20, 0x7a, 0x1f, 0x85, 0x20, 0x7a,
  0x20, 0x85, 0x1f, 0x7a, 0x1f, 0x85, 0x1f, 0x7a, 0x1f, 0x85, 0x1f, 0x7a,
  0x1f, 0x85, 0x1f, 0x7a, 0x1f, 0x84, 0x1f, 0x7a, 0x1f, 0x84, 0x1e, 0x7a,
  0x1f, 0x84, 0x1f, 0x7a, 0x1f, 0x84, 0x1e, 0x7a, 0x1e, 0x84, 0x1e, 0x7a,
  0x1e, 0x84, 0x1e, 0x7a, 0x1e, 0x84, 0x1e, 0x7b, 0x1e, 0x84, 0x1f, 0x7b,
  0x1e, 0x84, 0x1e, 0x7a, 0x1e, 0x84, 0x1e, 0x7a, 0x1f, 0x84, 0x1e, 0x7a,
  0x1e, 0x84, 0x1e, 0x7a, 0x1e, 0x84, 0x1e, 0x7a, 0x1e, 0x84, 0x1e, 0x7a,
  0x1e, 0x85, 0x1e, 0x7a, 0x1e, 0x85, 0x1e, 0x7a, 0x1e, 0x85, 0x1e, 0x7a,
  0x1f, 0x85, 0x1e, 0x7a, 0x1e, 0x85, 0x1e, 0x7a, 0x1e, 0x85, 0x1e, 0x7a,
  0x1f, 0x85, 0x1f, 0x7a, 0x1f, 0x85, 0x1f, 0x7a, 0x1f, 0x85, 0x1f, 0x7a,
  0x1f, 0x85, 0x1f, 0x7a, 0x1e, 0x85, 0x1f, 0x7a, 0x1f, 0x85, 0x1f, 0x7a,
  0x1f, 0x85, 0x1f, 0x7a, 0x1f, 0x85, 0x1f, 0x7a, 0x20, 0x85, 0x20, 0x7a,
  0x20, 0x85, 0x20, 0x7a, 0x20, 0x85, 0x20, 0x7a, 0x20, 0x85, 0x1f, 0x7a,
  0x20, 0x86, 0x20, 0x7a, 0x20, 0x85, 0x20, 0x7a, 0x20, 0x86, 0x20, 0x7a,
  0x20, 0x86, 0x20, 0x7a, 0x21, 0x86, 0x21, 0x7a, 0x20, 0x85, 0x21, 0x7a,
  0x21, 0x85, 0x21, 0x7a, 0x21, 0x86, 0x21, 0x7a, 0x21, 0x86, 0x21, 0x7a,
  0x22, 0x85, 0x22, 0x7a, 0x22, 0x85, 0x22, 0x7a, 0x22, 0x85, 0x22, 0x7b,
  0x22, 0x84, 0x24, 0x7b, 0x25, 0x83, 0x25, 0x7c, 0x27, 0x82, 0x28, 0x7d,
  0x29, 0x80, 0x2b, 0x7f, 0x2d, 0x7d, 0x30, 0x81, 0x34, 0x7b, 0x2e, 0x83,
  0x8d, 0x50, 0xc8, 0x97, 0xbd, 0x44, 0xbf, 0x9d, 0xbf, 0x47, 0xbf, 0x9c,
  0xbf, 0x47, 0xbf, 0x9c, 0xc0, 0x47, 0xbf, 0x9b, 0xbf, 0x47, 0xbf, 0x9b,
  0xbf, 0x45, 0xbe, 0x9c, 0xc3, 0x4d, 0xab, 0x99, 0x3a, 0x7b, 0x34, 0x82,
  0x32, 0x82, 0x30, 0x7d, 0x2f, 0x85, 0x2e, 0x7b, 0x2f, 0x87, 0x30, 0x78,
  0x30, 0x89, 0x2e, 0x77, 0x2c, 0x89, 0x2d, 0x77, 0x2e, 0x8a, 0x2f, 0x75,
  0x30, 0x8a, 0x30, 0x75, 0x31, 0x8b, 0x32, 0x74, 0x33, 0x8b, 0x34, 0x73,
  0x34, 0x8c, 0x36, 0x72, 0x37, 0x8d, 0x38, 0x71, 0x39, 0x8f, 0x3a, 0x6f,
  0x3d, 0x90, 0x3e, 0x6e, 0x40, 0x91, 0x41, 0x6c, 0x43, 0x93, 0x44, 0x6a,
  0x45, 0x94, 0x47, 0x68, 0x49, 0x95, 0x4a, 0x66, 0x4d, 0x97, 0x47, 0x62,
  0x87, 0x9a, 0x97, 0x5f, 0x62, 0x93, 0x4a, 0x6d, 0x3b, 0x89, 0x35, 0x77,
  0x34, 0x86, 0x35, 0x78, 0x35, 0x86, 0x35, 0x79, 0x36, 0x86, 0x2d, 0x79,
  0x5c, 0x85, 0xb5, 0x7b, 0xb2, 0x83, 0xb7, 0x7c, 0xb9, 0x82, 0xba, 0x7d,
  0xbc, 0x82, 0xbe, 0x7d, 0xc0, 0x82, 0xc1, 0x7d, 0xc3, 0x81, 0xc3, 0x7d,
  0xc2, 0x80, 0xbf, 0x7e, 0xb9, 0x83, 0xac, 0x7d, 0x95, 0x82, 0x7c, 0x7e,
  0x6f, 0x56, 0x81, 0x9c, 0x9c, 0x47, 0x8b, 0xa5, 0x6d, 0x61, 0x66, 0xa5,
  0x66, 0x69, 0x5f, 0xa5, 0x7d, 0x48, 0xad, 0xa4, 0x88, 0x62, 0x8f, 0x92,
  0xb0, 0x85, 0xbf, 0x7b, 0xc4, 0x7f, 0xc5, 0x7e, 0xc7, 0x81, 0xc7, 0x7e,
  0xc7, 0x81, 0xc7, 0x7e, 0xc6, 0x81, 0xc6, 0x7e, 0xc5, 0x81, 0xc3, 0x7e,
  0xc9, 0x82, 0xa4, 0x7d, 0x37, 0x86, 0x3a, 0x79, 0x37, 0x86, 0x34, 0x79,
  0x31, 0x85, 0x2c, 0x7a, 0x27, 0x83, 0x20, 0x7b, 0x21, 0x83, 0x26, 0x7b,
  0x28, 0x85, 0x29, 0x7b, 0x2b, 0x84, 0x2c, 0x7b, 0x2b, 0x85, 0x2b, 0x7a,
  0x2b, 0x85, 0x2b, 0x7a, 0x2b, 0x85, 0x2a, 0x7a, 0x2a, 0x85, 0x29, 0x7a,
  0x28, 0x84, 0x27, 0x7a, 0x27, 0x84, 0x29, 0x7b, 0x3c, 0x8f, 0x63, 0x70,
  0x35, 0x8c, 0x30, 0x73, 0x31, 0x8a, 0x31, 0x75, 0x30, 0x8a, 0x2f, 0x75,
  0x2e, 0x89, 0x2e, 0x76, 0x2d, 0x89, 0x2d, 0x76, 0x2d, 0x88, 0x2c, 0x77,
  0x2c, 0x88, 0x2d, 0x78, 0x2d, 0x87, 0x2c, 0x78, 0x2a, 0x86, 0x2b, 0x79,
  0x2c, 0x86, 0x2c, 0x79, 0x2c, 0x85, 0x2c, 0x7b, 0x2c, 0x83, 0x2d, 0x7d,
  0x2e, 0x80, 0x2f, 0x7f, 0x33, 0x7d, 0x33, 0x81, 0x2f, 0x7e, 0x2d, 0x81,
  0x35, 0x78, 0x46, 0x84, 0x5f, 0x62, 0x7e, 0x8e, 0x77, 0x6d, 0x3b, 0x89,
  0x2e, 0x80, 0x30, 0x7f, 0x2c, 0x80, 0x2b, 0x7f, 0x29, 0x82, 0x27, 0x7d,
  0x26, 0x84, 0x24, 0x7b, 0x24, 0x85, 0x23, 0x7b, 0x23, 0x85, 0x23, 0x7a,
  0x22, 0x85, 0x22, 0x7a, 0x21, 0x86, 0x22, 0x7a, 0x21, 0x85, 0x21, 0x7a,
  0x21, 0x85, 0x21, 0x7a, 0x21, 0x85, 0x21, 0x7a, 0x21, 0x85, 0x21, 0x7a,
  0x21, 0x86, 0x21, 0x7a, 0x21, 0x85, 0x21, 0x7a, 0x21, 0x85, 0x21, 0x7a,
  0x21, 0x85, 0x20, 0x7a, 0x20, 0x85, 0x20, 0x7a, 0x20, 0x85, 0x20, 0x7a,
  0x20, 0x85, 0x20, 0x7a, 0x20, 0x85, 0x1f, 0x7a, 0x1f, 0x85, 0x1f, 0x7a,
  0x1f, 0x85, 0x1f, 0x7a, 0x1f, 0x85, 0x1f, 0x7a, 0x1f, 0x85, 0x1f, 0x7a,
  0x1f, 0x85, 0x1f, 0x7a, 0x1f, 0x85, 0x1f, 0x7a, 0x1f, 0x85, 0x1e, 0x7a,
  0x1f, 0x85, 0x1f, 0x7a, 0x1f, 0x85, 0x1f, 0x7a, 0x1f, 0x85, 0x1f, 0x7a,
  0x1e, 0x85, 0x1f, 0x7a, 0x1e, 0x85, 0x1f, 0x7a, 0x1e, 0x85, 0x1e, 0x7a,
  0x1f, 0x85, 0x1e, 0x7a, 0x1f, 0x85, 0x1e, 0x7a, 0x1e, 0x85, 0x1f, 0x7a,
  0x1e, 0x84, 0x1f, 0x7a, 0x1e, 0x84, 0x1e, 0x7a, 0x1e, 0x84, 0x1e, 0x7a,
  0x1e, 0x84, 0x1e, 0x7a, 0x1e, 0x84, 0x1e, 0x7a, 0x1e, 0x84, 0x1e, 0x7a,
  0x1e, 0x84, 0x1f, 0x7a, 0x1f, 0x85, 0x1f, 0x7a, 0x1f, 0x84, 0x1f, 0x7a,
  0x1f, 0x85, 0x1e, 0x7a, 0x1f, 0x85, 0x1f, 0x7a, 0x1f, 0x85, 0x1f, 0x7a,
  0x1f, 0x84, 0x1f, 0x7a, 0x1f, 0x84, 0x1f, 0x7a, 0x1f, 0x85, 0x20, 0x7a,
  0x20, 0x85, 0x20, 0x7a, 0x20, 0x85, 0x20, 0x7a, 0x20, 0x85, 0x20, 0x7a,
  0x20, 0x85, 0x20, 0x7a, 0x20, 0x86, 0x20, 0x7a, 0x20, 0x86, 0x20, 0x7a,
  0x20, 0x86, 0x20, 0x7a, 0x20, 0x86, 0x21, 0x7a, 0x21, 0x86, 0x20, 0x7a,
  0x20, 0x86, 0x21, 0x7a, 0x21, 0x86, 0x21, 0x7a, 0x21, 0x86, 0x22, 0x7a,
  0x21, 0x86, 0x21, 0x7a, 0x21, 0x86, 0x22, 0x7a, 0x22, 0x85, 0x22, 0x7a,
  0x22, 0x85, 0x22, 0x7a, 0x22, 0x84, 0x23, 0x7b, 0x24, 0x83, 0x25, 0x7c,
  0x26, 0x83, 0x27, 0x7d, 0x28, 0x81, 0x2a, 0x7e, 0x2c, 0x7e, 0x2e, 0x80,
  0x32, 0x7e, 0x31, 0x81, 0x49, 0x5d, 0xba, 0x91, 0xbf, 0x43, 0xbf, 0x9d,
  0xbf, 0x47, 0xbf, 0x9c, 0xbf, 0x47, 0xbf, 0x9c, 0xc0, 0x47, 0xc0, 0x9b,
  0xbf, 0x47, 0xc0, 0x9c, 0xbf, 0x46, 0xbe, 0x9c, 0xbf, 0x49, 0xbe, 0x9b,
  0x50, 0x77, 0x31, 0x84, 0x34, 0x83, 0x30, 0x7d, 0x2f, 0x84, 0x2e, 0x7b,
  0x30, 0x88, 0x30, 0x78, 0x30, 0x89, 0x2d, 0x77, 0x2c, 0x89, 0x2e, 0x77,
  0x2f, 0x8a, 0x2f, 0x76, 0x30, 0x8a, 0x31, 0x75, 0x32, 0x8b, 0x33, 0x74,
  0x34, 0x8c, 0x35, 0x73, 0x35, 0x8d, 0x37, 0x72, 0x38, 0x8e, 0x38, 0x71,
  0x3a, 0x8f, 0x3c, 0x70, 0x3e, 0x90, 0x3f, 0x6e, 0x40, 0x91, 0x42, 0x6b,
  0x44, 0x93, 0x45, 0x6a, 0x46, 0x94, 0x48, 0x68, 0x4a, 0x96, 0x4c, 0x65,
  0x4c, 0x97, 0x57, 0x60, 0xa1, 0x99, 0x7a, 0x61, 0x50, 0x8f, 0x42, 0x72,
  0x39, 0x89, 0x36, 0x77, 0x35, 0x87, 0x36, 0x79, 0x36, 0x87, 0x36, 0x79,
  0x36, 0x86, 0x34, 0x79, 0x37, 0x86, 0x9c, 0x7a, 0xb4, 0x84, 0xb3, 0x7c,
  0xb9, 0x82, 0xbf, 0x7d, 0xc5, 0x81, 0xc7, 0x7d, 0xc8, 0x81, 0xc9, 0x7d,
  0xc2, 0x81, 0xc1, 0x7d, 0xc1, 0x81, 0xbf, 0x7d, 0xbb, 0x81, 0xb2, 0x7e,
  0xa7, 0x85, 0x98, 0x7c, 0x86, 0x7c, 0x75, 0x83, 0x73, 0x4e, 0x8e, 0xa1,
  0xa0, 0x44, 0x9a, 0xa4, 0x92, 0x48, 0x9d, 0xa2, 0xad, 0x48, 0x86, 0xa2,
  0x81, 0x79, 0xa5, 0x85, 0xb8, 0x83, 0xc2, 0x7c, 0xc5, 0x80, 0xc7, 0x7e,
  0xc8, 0x80, 0xc8, 0x7e, 0xc8, 0x80, 0xc8, 0x7e, 0xc8, 0x81, 0xc7, 0x7e,
  0xc7, 0x81, 0xc4, 0x7e, 0xcb, 0x82, 0xa1, 0x7d, 0x37, 0x86, 0x3c, 0x79,
  0x39, 0x86, 0x36, 0x79, 0x34, 0x85, 0x2e, 0x79, 0x29, 0x83, 0x21, 0x7b,
  0x21, 0x83, 0x25, 0x7b, 0x28, 0x84, 0x29, 0x7a, 0x2a, 0x84, 0x2b, 0x7a,
  0x2b, 0x84, 0x2b, 0x7a, 0x2a, 0x84, 0x2a, 0x7a, 0x29, 0x84, 0x28, 0x7a,
  0x27, 0x84, 0x27, 0x7a, 0x26, 0x83, 0x26, 0x7b, 0x27, 0x85, 0x2a, 0x7a,
  0x50, 0x90, 0x4f, 0x70, 0x2e, 0x8b, 0x33, 0x74, 0x32, 0x8b, 0x32, 0x75,
  0x30, 0x8a, 0x2f, 0x75, 0x2f, 0x89, 0x2e, 0x76, 0x2e, 0x89, 0x2d, 0x77,
  0x2d, 0x88, 0x2c, 0x78, 0x2b, 0x88, 0x2c, 0x78, 0x2d, 0x88, 0x2c, 0x79,
  0x2b, 0x86, 0x2b, 0x7a, 0x2c, 0x86, 0x2c, 0x7a, 0x2c, 0x84, 0x2d, 0x7c,
  0x2e, 0x82, 0x2e, 0x7d, 0x30, 0x80, 0x33, 0x7e, 0x35, 0x7d, 0x36, 0x81,
  0x38, 0x7b, 0x38, 0x82, 0x36, 0x7b, 0x31, 0x82, 0x2b, 0x7f, 0x28, 0x81,
  0x28, 0x7f, 0x2e, 0x80, 0x2f, 0x7f, 0x2c, 0x80, 0x2a, 0x81, 0x29, 0x7e,
  0x28, 0x83, 0x27, 0x7c, 0x25, 0x84, 0x24, 0x7b, 0x24, 0x84, 0x23, 0x7b,
  0x22, 0x85, 0x22, 0x7a, 0x22, 0x86, 0x22, 0x7a, 0x22, 0x86, 0x22, 0x7a,
  0x22, 0x85, 0x21, 0x7a, 0x21, 0x86, 0x21, 0x7a, 0x21, 0x86, 0x21, 0x7a,
  0x21, 0x86, 0x21, 0x7a, 0x21, 0x86, 0x20, 0x7a, 0x21, 0x86, 0x20, 0x7a,
  0x21, 0x86, 0x20, 0x7a, 0x20, 0x86, 0x20, 0x7a, 0x20, 0x85, 0x20, 0x7a,
  0x20, 0x86, 0x20, 0x7a, 0x20, 0x85, 0x1f, 0x7a, 0x1f, 0x85, 0x1f, 0x7a,
  0x1f, 0x85, 0x1f, 0x7a, 0x20, 0x85, 0x1f, 0x7a, 0x1f, 0x85, 0x1f, 0x7a,
  0x1f, 0x85, 0x1f, 0x7a, 0x1f, 0x85, 0x1f, 0x7a, 0x1f, 0x84, 0x1f, 0x7a,
  0x1f, 0x84, 0x1f, 0x7a, 0x1f, 0x85, 0x1f, 0x7a, 0x1e, 0x84, 0x1f, 0x7a,
  0x1e, 0x84, 0x1e, 0x7a, 0x1f, 0x85, 0x1f, 0x7a, 0x1e, 0x84, 0x1e, 0x7a,
  0x1f, 0x85, 0x1e, 0x7a, 0x1f, 0x84, 0x1e, 0x7a, 0x1e, 0x84, 0x1e, 0x7a,
  0x1e, 0x84, 0x1f, 0x7a, 0x1f, 0x84, 0x1e, 0x7a, 0x1e, 0x84, 0x1e, 0x7a,
  0x1e, 0x84, 0x1e, 0x7a, 0x1e, 0x85, 0x1e, 0x7a, 0x1f, 0x85, 0x1f, 0x7a,
  0x1e, 0x85, 0x1e, 0x7a, 0x1f, 0x85, 0x1f, 0x7a, 0x1f, 0x85, 0x1f, 0x7a,
  0x1f, 0x85, 0x1f, 0x7a, 0x1f, 0x85, 0x1f, 0x7a, 0x1f, 0x85, 0x1f, 0x7a,
  0x1e, 0x85, 0x1f, 0x7a, 0x1f, 0x85, 0x1f, 0x7a, 0x1f, 0x85, 0x1f, 0x7a,
  0x20, 0x85, 0x20, 0x7a, 0x20, 0x85, 0x20, 0x7a, 0x20, 0x85, 0x20, 0x7a,
  0x20, 0x85, 0x20, 0x7a, 0x20, 0x85, 0x20, 0x7a, 0x1f, 0x85, 0x1f, 0x7a,
  0x1f, 0x85, 0x20, 0x7a, 0x20, 0x85, 0x20, 0x7a, 0x20, 0x85, 0x21, 0x7a,
  0x20, 0x85, 0x20, 0x7a, 0x20, 0x85, 0x20, 0x7a, 0x20, 0x85, 0x20, 0x7a,
  0x21, 0x85, 0x21, 0x7a, 0x21, 0x85, 0x21, 0x7a, 0x21, 0x86, 0x22, 0x7a,
  0x22, 0x85, 0x22, 0x7a, 0x22, 0x85, 0x22, 0x7b, 0x23, 0x84, 0x24, 0x7b,
  0x24, 0x84, 0x24, 0x7b, 0x25, 0x83, 0x26, 0x7c, 0x28, 0x81, 0x29, 0x7e,
  0x2b, 0x7e, 0x2d, 0x80, 0x2f, 0x7f, 0x35, 0x80, 0x2c, 0x6c, 0x7c, 0x8a,
  0xc8, 0x44, 0xbd, 0x9d, 0xbf, 0x46, 0xbf, 0x9c, 0xbf, 0x47, 0xbf, 0x9c,
  0xbf, 0x46, 0xc0, 0x9c, 0xbf, 0x47, 0xbf, 0x9c, 0xbf, 0x47, 0xbf, 0x9c,
  0xbc, 0x45, 0xc5, 0x9d, 0x68, 0x72, 0x2d, 0x86, 0x35, 0x84, 0x31, 0x7d,
  0x2f, 0x84, 0x2f, 0x7b, 0x31, 0x88, 0x31, 0x78, 0x31, 0x89, 0x2e, 0x77,
  0x2e, 0x88, 0x2e, 0x77, 0x2f, 0x8a, 0x30, 0x75, 0x31, 0x8b, 0x31, 0x75,
  0x32, 0x8b, 0x33, 0x74, 0x34, 0x8c, 0x35, 0x73, 0x36, 0x8d, 0x36, 0x72,
  0x37, 0x8e, 0x38, 0x71, 0x3a, 0x8f, 0x3c, 0x6f, 0x3e, 0x91, 0x40, 0x6d,
  0x41, 0x92, 0x42, 0x6b, 0x44, 0x93, 0x46, 0x69, 0x48, 0x95, 0x49, 0x67,
  0x4b, 0x97, 0x4e, 0x65, 0x46, 0x98, 0x83, 0x5f, 0xa0, 0x97, 0x68, 0x65,
  0x47, 0x8b, 0x3b, 0x76, 0x36, 0x87, 0x35, 0x78, 0x34, 0x87, 0x35, 0x79,
  0x35, 0x86, 0x36, 0x79, 0x38, 0x86, 0x3b, 0x79, 0x34, 0x85, 0x86, 0x7a,
  0xc2, 0x82, 0xbb, 0x7d, 0xb4, 0x87, 0x9d, 0x79, 0x86, 0x87, 0x7a, 0x78,
  0x79, 0x84, 0x8d, 0x7b, 0xbc, 0x81, 0xc2, 0x7d, 0xc1, 0x81, 0xc1, 0x7d,
  0xbe, 0x81, 0xb9, 0x7d, 0xb2, 0x81, 0xa7, 0x7e, 0x99, 0x87, 0x87, 0x7a,
  0x78, 0x73, 0x6f, 0x88, 0x76, 0x4c, 0x88, 0xa2, 0x93, 0x44, 0x93, 0xa5,
  0x81, 0x5d, 0x7f, 0x98, 0x9b, 0x84, 0xb0, 0x7c, 0xbe, 0x80, 0xc5, 0x7e,
  0xc7, 0x80, 0xc9, 0x7e, 0xca, 0x80, 0xca, 0x7e, 0xca, 0x80, 0xca, 0x7e,
  0xca, 0x80, 0xc9, 0x7e, 0xc8, 0x80, 0xc6, 0x7e, 0xcd, 0x82, 0xa8, 0x7d,
  0x3c, 0x86, 0x3d, 0x79, 0x3a, 0x86, 0x38, 0x79, 0x35, 0x85, 0x30, 0x7a,
  0x2b, 0x83, 0x23, 0x7b, 0x21, 0x83, 0x25, 0x7b, 0x27, 0x84, 0x29, 0x7a,
  0x29, 0x84, 0x2a, 0x7a, 0x2a, 0x84, 0x29, 0x7a, 0x28, 0x84, 0x28, 0x7a,
  0x28, 0x84, 0x27, 0x7a, 0x26, 0x83, 0x25, 0x7a, 0x25, 0x82, 0x25, 0x7b,
  0x26, 0x88, 0x38, 0x77, 0x59, 0x91, 0x37, 0x6f, 0x34, 0x8a, 0x33, 0x74,
  0x32, 0x8b, 0x32, 0x74, 0x31, 0x8a, 0x30, 0x75, 0x2f, 0x8a, 0x2e, 0x76,
  0x2e, 0x89, 0x2d, 0x76, 0x2d, 0x88, 0x2c, 0x78, 0x2c, 0x88, 0x2d, 0x78,
  0x2d, 0x87, 0x2d, 0x78, 0x2b, 0x86, 0x2c, 0x7a, 0x2c, 0x85, 0x2d, 0x7b,
  0x2e, 0x83, 0x2f, 0x7c, 0x30, 0x80, 0x34, 0x7f, 0x34, 0x80, 0x2e, 0x80,
  0x2c, 0x80, 0x2d, 0x80, 0x2d, 0x7e, 0x2e, 0x81, 0x33, 0x7c, 0x35, 0x82,
  0x33, 0x7c, 0x32, 0x81, 0x31, 0x7f, 0x2e, 0x80, 0x2b, 0x81, 0x2a, 0x7e,
  0x29, 0x82, 0x28, 0x7d, 0x27, 0x83, 0x26, 0x7c, 0x25, 0x84, 0x24, 0x7b,
  0x24, 0x85, 0x23, 0x7a, 0x23, 0x85, 0x22, 0x7a, 0x22, 0x86, 0x22, 0x7a,
  0x22, 0x85, 0x22, 0x7a, 0x21, 0x85, 0x21, 0x7a, 0x21, 0x85, 0x21, 0x7a,
  0x21, 0x85, 0x21, 0x7a, 0x21, 0x85, 0x20, 0x7a, 0x20, 0x85, 0x20, 0x7a,
  0x20, 0x85, 0x20, 0x7a, 0x20, 0x85, 0x20, 0x7a, 0x20, 0x85, 0x20, 0x7a,
  0x20, 0x85, 0x20, 0x7a, 0x20, 0x85, 0x20, 0x7a, 0x20, 0x85, 0x1f, 0x7a,
  0x1f, 0x85, 0x1f, 0x7a, 0x1f, 0x85, 0x1f, 0x7a, 0x20, 0x85, 0x1f, 0x7a,
  0x1f, 0x85, 0x20, 0x7a, 0x1f, 0x85, 0x1f, 0x7a, 0x1f, 0x85, 0x1f, 0x7a,
  0x1f, 0x85, 0x1f, 0x7a, 0x1f, 0x85, 0x1f, 0x7a, 0x1f, 0x85, 0x1f, 0x7a,
  0x1f, 0x85, 0x1f, 0x7a, 0x1f, 0x85, 0x1f, 0x7a, 0x1f, 0x85, 0x1f, 0x7a,
  0x1f, 0x85, 0x1f, 0x7a, 0x1f, 0x85, 0x1e, 0x7a, 0x1f, 0x85, 0x1e, 0x7a,
  0x1e, 0x85, 0x1f, 0x7a, 0x1e, 0x84, 0x1f, 0x7a, 0x1f, 0x84, 0x1f, 0x7a,
  0x1e, 0x85, 0x1e, 0x7b, 0x1e, 0x85, 0x1e, 0x7b, 0x1e, 0x85, 0x1e, 0x7b,
  0x1e, 0x85, 0x1e, 0x7b, 0x1e, 0x85, 0x1e, 0x7a, 0x1e, 0x85, 0x1f, 0x7b,
  0x1e, 0x85, 0x1e, 0x7b, 0x1e, 0x85, 0x1e, 0x7b, 0x1e, 0x85, 0x1e, 0x7a,
  0x1e, 0x85, 0x1f, 0x7a, 0x1f, 0x85, 0x1e, 0x7b, 0x1f, 0x85, 0x1f, 0x7b,
  0x1f, 0x85, 0x1f, 0x7a, 0x1f, 0x85, 0x20, 0x7a, 0x20, 0x85, 0x20, 0x7b,
  0x20, 0x85, 0x20, 0x7b, 0x20, 0x85, 0x20, 0x7a, 0x20, 0x85, 0x20, 0x7a,
  0x20, 0x85, 0x20, 0x7a, 0x20, 0x85, 0x20, 0x7a, 0x20, 0x85, 0x20, 0x7a,
  0x21, 0x85, 0x21, 0x7a, 0x21, 0x85, 0x21, 0x7a, 0x21, 0x85, 0x21, 0x7a,
  0x20, 0x85, 0x20, 0x7a, 0x21, 0x85, 0x21, 0x7b, 0x21, 0x85, 0x22, 0x7a,
  0x22, 0x85, 0x22, 0x7a, 0x22, 0x85, 0x22, 0x7a, 0x22, 0x85, 0x22, 0x7b,
  0x23, 0x85, 0x23, 0x7a, 0x24, 0x84, 0x24, 0x7b, 0x25, 0x83, 0x26, 0x7c,
  0x27, 0x82, 0x28, 0x7d, 0x2a, 0x7f, 0x2c, 0x7f, 0x2e, 0x7e, 0x31, 0x80,
  0x32, 0x77, 0x3c, 0x84, 0xb0, 0x4a, 0xc2, 0x9a, 0xbe, 0x45, 0xbf, 0x9c,
  0xbf, 0x46, 0xbf, 0x9c, 0xbf, 0x46, 0xbf, 0x9c, 0xbf, 0x47, 0xbf, 0x9c,
  0xbf, 0x47, 0xbf, 0x9c, 0xbd, 0x44, 0xc6, 0x9d, 0x82, 0x6e, 0x2d, 0x88,
  0x36, 0x85, 0x31, 0x7c, 0x30, 0x85, 0x2f, 0x7b, 0x31, 0x88, 0x31, 0x78,
  0x31, 0x89, 0x2f, 0x77, 0x2e, 0x89, 0x2f, 0x77, 0x2f, 0x8a, 0x31, 0x76,
  0x31, 0x8a, 0x32, 0x75, 0x33, 0x8b, 0x34, 0x74, 0x34, 0x8c, 0x35, 0x73,
  0x36, 0x8d, 0x37, 0x72, 0x38, 0x8e, 0x39, 0x71, 0x3b, 0x8f, 0x3d, 0x6f,
  0x3e, 0x91, 0x40, 0x6d, 0x41, 0x93, 0x43, 0x6b, 0x45, 0x94, 0x46, 0x69,
  0x48, 0x95, 0x4a, 0x67, 0x4c, 0x97, 0x49, 0x64, 0x5a, 0x98, 0xaa, 0x5f,
  0x82, 0x94, 0x58, 0x6a, 0x43, 0x88, 0x3a, 0x78, 0x34, 0x87, 0x36, 0x79,
  0x35, 0x87, 0x35, 0x79, 0x36, 0x86, 0x37, 0x79, 0x39, 0x86, 0x3b, 0x79,
  0x30, 0x85, 0x72, 0x7b, 0xb9, 0x8b, 0x8e, 0x74, 0x6c, 0x8d, 0x54, 0x73,
  0x4c, 0x88, 0x4d, 0x78, 0x52, 0x87, 0x4a, 0x79, 0x6f, 0x83, 0xc6, 0x7c,
  0xc2, 0x80, 0xc2, 0x7e, 0xc0, 0x81, 0xbd, 0x7e, 0xb8, 0x82, 0xb0, 0x7d,
  0xa5, 0x82, 0x98, 0x7d, 0x8a, 0x87, 0x80, 0x7b, 0x76, 0x74, 0x6f, 0x88,
  0x6e, 0x64, 0x70, 0x95, 0x7b, 0x7f, 0x92, 0x81, 0xa8, 0x83, 0xb9, 0x7d,
  0xc4, 0x80, 0xc9, 0x7e, 0xcb, 0x80, 0xcc, 0x7e, 0xcd, 0x80, 0xcd, 0x7e,
  0xcd, 0x80, 0xcc, 0x7e, 0xcc, 0x80, 0xcc, 0x7e, 0xcb, 0x80, 0xc9, 0x7e,
  0xcd, 0x81, 0xb5, 0x7d, 0x41, 0x86, 0x3d, 0x79, 0x3c, 0x86, 0x38, 0x79,
  0x36, 0x85, 0x32, 0x7a, 0x2d, 0x84, 0x26, 0x7b, 0x21, 0x83, 0x24, 0x7b,
  0x26, 0x84, 0x27, 0x7b, 0x28, 0x84, 0x28, 0x7b, 0x29, 0x84, 0x28, 0x7b,
  0x27, 0x84, 0x26, 0x7b, 0x26, 0x84, 0x25, 0x7b, 0x24, 0x84, 0x24, 0x7b,
  0x23, 0x83, 0x25, 0x7b, 0x2b, 0x8d, 0x50, 0x74, 0x45, 0x8f, 0x32, 0x70,
  0x35, 0x8b, 0x34, 0x75, 0x33, 0x8b, 0x32, 0x74, 0x31, 0x8a, 0x31, 0x75,
  0x2f, 0x8a, 0x2f, 0x76, 0x2e, 0x89, 0x2d, 0x77, 0x2d, 0x89, 0x2d, 0x78,
  0x2c, 0x88, 0x2d, 0x78, 0x2d, 0x87, 0x2e, 0x79, 0x2c, 0x86, 0x2c, 0x7b,
  0x2d, 0x85, 0x2f, 0x7c, 0x30, 0x82, 0x32, 0x7d, 0x35, 0x81, 0x2e, 0x7f,
  0x3b, 0x75, 0x60, 0x85, 0x7a, 0x5d, 0x84, 0x90, 0x80, 0x64, 0x68, 0x8d,
  0x42, 0x7a, 0x2d, 0x83, 0x33, 0x7e, 0x30, 0x80, 0x2d, 0x80, 0x2c, 0x7f,
  0x2b, 0x82, 0x29, 0x7d, 0x28, 0x83, 0x27, 0x7c, 0x26, 0x84, 0x26, 0x7b,
  0x25, 0x85, 0x24, 0x7b, 0x24, 0x85, 0x23, 0x7a, 0x23, 0x85, 0x22, 0x7a,
  0x22, 0x85, 0x22, 0x7a, 0x22, 0x85, 0x22, 0x7b, 0x22, 0x85, 0x22, 0x7a,
  0x22, 0x85, 0x21, 0x7a, 0x21, 0x85, 0x21, 0x7b, 0x21, 0x85, 0x21, 0x7b,
  0x21, 0x85, 0x21, 0x7b, 0x21, 0x85, 0x21, 0x7a, 0x20, 0x85, 0x20, 0x7a,
  0x20, 0x85, 0x20, 0x7a, 0x20, 0x85, 0x20, 0x7a, 0x20, 0x85, 0x20, 0x7b,
  0x20, 0x85, 0x1f, 0x7a, 0x1f, 0x85, 0x1f, 0x7a, 0x1f, 0x85, 0x20, 0x7b,
  0x1f, 0x85, 0x1f, 0x7b, 0x1f, 0x85, 0x1f, 0x7a, 0x1e, 0x85, 0x1e, 0x7b,
  0x1e, 0x85, 0x1f, 0x7a, 0x1f, 0x85, 0x1f, 0x7b, 0x1f, 0x85, 0x1f, 0x7b,
  0x1f, 0x85, 0x1f, 0x7a, 0x1f, 0x85, 0x1e, 0x7a, 0x1e, 0x85, 0x1e, 0x7b,
  0x1e, 0x85, 0x1e, 0x7b, 0x1e, 0x85, 0x1e, 0x7a, 0x1e, 0x85, 0x1e, 0x7b,
  0x1e, 0x85, 0x1e, 0x7a, 0x1e, 0x85, 0x1e, 0x7a, 0x1e, 0x85, 0x1e, 0x7b,
  0x1e, 0x85, 0x1e, 0x7b, 0x1e, 0x84, 0x1e, 0x7a, 0x1e, 0x84, 0x1e, 0x7a,
  0x1e, 0x85, 0x1e, 0x7a, 0x1e, 0x84, 0x1e, 0x7a, 0x1f, 0x84, 0x1e, 0x7a,
  0x1f, 0x85, 0x1f, 0x7a, 0x1f, 0x85, 0x1f, 0x7a, 0x1f, 0x85, 0x1f, 0x7a,
  0x1f, 0x85, 0x1e, 0x7a, 0x1f, 0x84, 0x1f, 0x7a, 0x1f, 0x85, 0x1f, 0x7a,
  0x1f, 0x85, 0x1f, 0x7a, 0x1f, 0x85, 0x1f, 0x7a, 0x1f, 0x85, 0x20, 0x7a,
  0x20, 0x85, 0x20, 0x7a, 0x20, 0x85, 0x20, 0x7a, 0x20, 0x86, 0x20, 0x7a,
  0x20, 0x86, 0x20, 0x7a, 0x20, 0x85, 0x20, 0x7a, 0x20, 0x85, 0x20, 0x7a,
  0x20, 0x85, 0x20, 0x7a, 0x20, 0x85, 0x20, 0x7a, 0x20, 0x85, 0x20, 0x7a,
  0x20, 0x85, 0x20, 0x7a, 0x20, 0x85, 0x20, 0x7a, 0x20, 0x85, 0x21, 0x7a,
  0x21, 0x85, 0x22, 0x7a, 0x22, 0x86, 0x22, 0x7a, 0x22, 0x85, 0x22, 0x7a,
  0x23, 0x85, 0x22, 0x7a, 0x23, 0x85, 0x23, 0x7b, 0x24, 0x84, 0x24, 0x7b,
  0x25, 0x83, 0x26, 0x7c, 0x26, 0x82, 0x27, 0x7d, 0x2a, 0x81, 0x2b, 0x7f,
  0x2d, 0x7e, 0x2f, 0x80, 0x34, 0x7d, 0x2c, 0x81, 0x6d, 0x56, 0xc7, 0x94,
  0xbd, 0x43, 0xbf, 0x9d, 0xbf, 0x47, 0xbf, 0x9b, 0xbe, 0x46, 0xbe, 0x9c,
  0xbf, 0x46, 0xbf, 0x9c, 0xbf, 0x47, 0xbe, 0x9b, 0xbb, 0x44, 0xc9, 0x9d,
  0x7a, 0x6f, 0x2b, 0x87, 0x35, 0x85, 0x30, 0x7c, 0x2f, 0x85, 0x2f, 0x7b,
  0x31, 0x88, 0x31, 0x77, 0x31, 0x89, 0x2f, 0x77, 0x2e, 0x89, 0x2f, 0x77,
  0x30, 0x8a, 0x30, 0x75, 0x31, 0x8a, 0x32, 0x75, 0x33, 0x8b, 0x34, 0x74,
  0x34, 0x8c, 0x36, 0x73, 0x37, 0x8d, 0x37, 0x72, 0x39, 0x8f, 0x3a, 0x70,
  0x3c, 0x90, 0x3e, 0x6e, 0x3f, 0x91, 0x40, 0x6d, 0x41, 0x93, 0x43, 0x6a,
  0x45, 0x94, 0x48, 0x69, 0x4a, 0x95, 0x4b, 0x66, 0x4e, 0x97, 0x47, 0x63,
  0x90, 0x98, 0x9c, 0x60, 0x62, 0x8f, 0x47, 0x71, 0x3f, 0x87, 0x3f, 0x79,
  0x36, 0x86, 0x33, 0x79, 0x36, 0x87, 0x37, 0x78, 0x3a, 0x87, 0x39, 0x79,
  0x34, 0x85, 0x3a, 0x7a, 0x53, 0x8f, 0x71, 0x70, 0x68, 0x8f, 0x52, 0x71,
  0x50, 0x87, 0x53, 0x79, 0x56, 0x86, 0x58, 0x79, 0x5d, 0x87, 0x5f, 0x79,
  0x42, 0x84, 0x9d, 0x7b, 0xc8, 0x81, 0xc0, 0x7e, 0xc2, 0x81, 0xc0, 0x7e,
  0xbd, 0x81, 0xb7, 0x7e, 0xb0, 0x82, 0xa5, 0x7e, 0x98, 0x83, 0x8c, 0x7d,
  0x84, 0x86, 0x81, 0x7b, 0x80, 0x88, 0x82, 0x7b, 0x8e, 0x84, 0xa1, 0x7c,
  0xb5, 0x80, 0xc2, 0x7e, 0xc8, 0x80, 0xcc, 0x7e, 0xce, 0x80, 0xcf, 0x7e,
  0xcf, 0x80, 0xcf, 0x7e, 0xcf, 0x80, 0xcf, 0x7e, 0xce, 0x80, 0xcd, 0x7e,
  0xcd, 0x80, 0xcb, 0x7e, 0xcb, 0x81, 0xc5, 0x7e, 0x51, 0x86, 0x3b, 0x79,
  0x3e, 0x86, 0x3a, 0x79, 0x37, 0x85, 0x33, 0x79, 0x2e, 0x84, 0x28, 0x7a,
  0x20, 0x83, 0x22, 0x7b, 0x24, 0x83, 0x26, 0x7b, 0x26, 0x84, 0x26, 0x7b,
  0x26, 0x84, 0x26, 0x7b, 0x25, 0x83, 0x24, 0x7b, 0x24, 0x84, 0x23, 0x7b,
  0x22, 0x83, 0x22, 0x7b, 0x23, 0x84, 0x25, 0x7b, 0x40, 0x8f, 0x4f, 0x71,
  0x34, 0x8e, 0x37, 0x71, 0x36, 0x8c, 0x34, 0x74, 0x33, 0x8b, 0x32, 0x74,
  0x31, 0x8a, 0x31, 0x75, 0x30, 0x8a, 0x2f, 0x76, 0x2e, 0x89, 0x2e, 0x76,
  0x2d, 0x89, 0x2d, 0x77, 0x2d, 0x88, 0x2d, 0x78, 0x2e, 0x87, 0x2e, 0x78,
  0x2d, 0x86, 0x2d, 0x7a, 0x2e, 0x83, 0x30, 0x7c, 0x32, 0x82, 0x36, 0x7e,
  0x2f, 0x76, 0x62, 0x84, 0xad, 0x4a, 0xc6, 0x99, 0xc8, 0x42, 0xc8, 0x9e,
  0xc9, 0x42, 0xc8, 0x9d, 0xb6, 0x57, 0x75, 0x93, 0x32, 0x7d, 0x32, 0x81,
  0x30, 0x7f, 0x2c, 0x7f, 0x2b, 0x81, 0x29, 0x7e, 0x27, 0x83, 0x26, 0x7c,
  0x25, 0x84, 0x25, 0x7b, 0x24, 0x85, 0x24, 0x7a, 0x24, 0x86, 0x23, 0x7a,
  0x23, 0x86, 0x23, 0x7a, 0x22, 0x85, 0x22, 0x7a, 0x22, 0x85, 0x22, 0x7a,
  0x22, 0x85, 0x22, 0x7b, 0x22, 0x84, 0x22, 0x7b, 0x22, 0x84, 0x21, 0x7b,
  0x21, 0x84, 0x21, 0x7b, 0x21, 0x84, 0x21, 0x7a, 0x21, 0x85, 0x21, 0x7a,
  0x20, 0x85, 0x20, 0x7a, 0x20, 0x85, 0x20, 0x7a, 0x20, 0x85, 0x20, 0x7a,
  0x20, 0x85, 0x20, 0x7a, 0x20, 0x85, 0x20, 0x7a, 0x1f, 0x85, 0x1f, 0x7a,
  0x1f, 0x85, 0x1f, 0x7a, 0x1f, 0x85, 0x1f, 0x7a, 0x20, 0x85, 0x1e, 0x7a,
  0x1f, 0x85, 0x1f, 0x7a, 0x1f, 0x85, 0x1f, 0x7a, 0x1f, 0x84, 0x1f, 0x7a,
  0x1f, 0x85, 0x1f, 0x7a, 0x1f, 0x85, 0x1f, 0x7a, 0x1f, 0x84, 0x1f, 0x7a,
  0x1f, 0x85, 0x1f, 0x7a, 0x1f, 0x85, 0x1f, 0x7a, 0x1f, 0x84, 0x1f, 0x7a,
  0x1f, 0x84, 0x1f, 0x7a, 0x1f, 0x84, 0x1f, 0x7a, 0x1f, 0x84, 0x1e, 0x7a,
  0x1e, 0x84, 0x1e, 0x7a, 0x1e, 0x84, 0x1f, 0x7a, 0x1e, 0x84, 0x1e, 0x7b,
  0x1d, 0x84, 0x1e, 0x7b, 0x1e, 0x84, 0x1e, 0x7b, 0x1e, 0x85, 0x1e, 0x7b,
  0x1e, 0x85, 0x1f, 0x7b, 0x1e, 0x85, 0x1e, 0x7b, 0x1e, 0x85, 0x1f, 0x7b,
  0x1f, 0x85, 0x1f, 0x7b, 0x1f, 0x85, 0x1e, 0x7b, 0x1e, 0x85, 0x1f, 0x7b,
  0x1f, 0x85, 0x1f, 0x7b, 0x1f, 0x85, 0x1f, 0x7b, 0x1f, 0x85, 0x1f, 0x7b,
  0x20, 0x85, 0x20, 0x7b, 0x20, 0x85, 0x20, 0x7b, 0x20, 0x85, 0x20, 0x7b,
  0x20, 0x85, 0x20, 0x7a, 0x20, 0x85, 0x20, 0x7a, 0x20, 0x85, 0x20, 0x7a,
  0x20, 0x85, 0x20, 0x7a, 0x20, 0x85, 0x20, 0x7a, 0x20, 0x85, 0x21, 0x7a,
  0x20, 0x85, 0x20, 0x7a, 0x20, 0x86, 0x20, 0x7a, 0x20, 0x86, 0x20, 0x7a,
  0x20, 0x85, 0x21, 0x7a, 0x21, 0x85, 0x21, 0x7a, 0x22, 0x86, 0x22, 0x7a,
  0x22, 0x85, 0x22, 0x7a, 0x22, 0x85, 0x22, 0x7b, 0x22, 0x85, 0x23, 0x7b,
  0x23, 0x84, 0x24, 0x7b, 0x24, 0x84, 0x25, 0x7b, 0x26, 0x83, 0x27, 0x7c,
  0x29, 0x81, 0x2a, 0x7e, 0x2c, 0x7f, 0x2e, 0x7f, 0x30, 0x80, 0x34, 0x80,
  0x36, 0x63, 0xa6, 0x8d, 0xc5, 0x42, 0xbe, 0x9d, 0xbf, 0x46, 0xbf, 0x9b,
  0xbe, 0x46, 0xbf, 0x9c, 0xbf, 0x47, 0xbd, 0x9b, 0xbd, 0x44, 0xc0, 0x9c,
  0xc9, 0x49, 0xaf, 0x9a, 0x44, 0x7a, 0x32, 0x82, 0x33, 0x84, 0x30, 0x7c,
  0x2f, 0x85, 0x2f, 0x7b, 0x31, 0x88, 0x30, 0x78, 0x30, 0x89, 0x2f, 0x77,
  0x2f, 0x89, 0x2f, 0x77, 0x30, 0x8a, 0x30, 0x76, 0x31, 0x8b, 0x32, 0x75,
  0x33, 0x8c, 0x34, 0x73, 0x34, 0x8c, 0x35, 0x73, 0x37, 0x8d, 0x38, 0x72,
  0x3a, 0x8f, 0x3b, 0x70, 0x3c, 0x90, 0x3f, 0x6e, 0x40, 0x91, 0x41, 0x6c,
  0x42, 0x92, 0x44, 0x6a, 0x45, 0x94, 0x48, 0x68, 0x4b, 0x96, 0x4d, 0x66,
  0x46, 0x97, 0x6c, 0x61, 0xab, 0x97, 0x77, 0x64, 0x52, 0x8c, 0x43, 0x75,
  0x42, 0x86, 0x43, 0x79, 0x39, 0x85, 0x2f, 0x79, 0x34, 0x86, 0x37, 0x79,
  0x31, 0x86, 0x37, 0x7a, 0x58, 0x91, 0x74, 0x6e, 0x6f, 0x91, 0x59, 0x6f,
  0x4f, 0x88, 0x50, 0x78, 0x51, 0x88, 0x52, 0x78, 0x53, 0x87, 0x54, 0x79,
  0x57, 0x86, 0x58, 0x79, 0x3c, 0x84, 0x7f, 0x7b, 0xce, 0x81, 0xc1, 0x7e,
  0xc4, 0x81, 0xc4, 0x7d, 0xc2, 0x81, 0xbe, 0x7d, 0xb8, 0x82, 0xb1, 0x7d,
  0xa8, 0x83, 0x9c, 0x7d, 0x90, 0x83, 0x8b, 0x7d, 0x8c, 0x83, 0x92, 0x7e,
  0x9f, 0x82, 0xb1, 0x7d, 0xc0, 0x80, 0xc9, 0x7e, 0xcd, 0x80, 0xce, 0x7e,
  0xd0, 0x80, 0xd1, 0x7e, 0xd1, 0x80, 0xd1, 0x7e, 0xd1, 0x80, 0xd0, 0x7e,
  0xd0, 0x80, 0xcf, 0x7e, 0xce, 0x80, 0xcd, 0x7e, 0xca, 0x80, 0xd2, 0x7e,
  0x6e, 0x86, 0x36, 0x7a, 0x40, 0x87, 0x3c, 0x79, 0x38, 0x85, 0x34, 0x7a,
  0x30, 0x85, 0x2a, 0x7a, 0x21, 0x83, 0x20, 0x7b, 0x23, 0x83, 0x24, 0x7c,
  0x24, 0x83, 0x24, 0x7b, 0x24, 0x83, 0x24, 0x7b, 0x23, 0x83, 0x23, 0x7b,
  0x22, 0x83, 0x21, 0x7b, 0x21, 0x83, 0x22, 0x7c, 0x24, 0x87, 0x34, 0x79,
  0x50, 0x91, 0x3a, 0x6f, 0x37, 0x8d, 0x37, 0x72, 0x36, 0x8c, 0x34, 0x73,
  0x34, 0x8b, 0x33, 0x74, 0x31, 0x8b, 0x30, 0x75, 0x30, 0x8a, 0x30, 0x75,
  0x2f, 0x89, 0x2e, 0x76, 0x2e, 0x88, 0x2d, 0x77, 0x2d, 0x88, 0x2e, 0x78,
  0x2e, 0x87, 0x2f, 0x78, 0x2e, 0x85, 0x2e, 0x7b, 0x30, 0x82, 0x31, 0x7d,
  0x35, 0x81, 0x31, 0x7e, 0x78, 0x56, 0xc7, 0x94, 0xc4, 0x42, 0xbe, 0x9e,
  0xbd, 0x48, 0xbd, 0x9b, 0xbd, 0x47, 0xbe, 0x9b, 0xc1, 0x42, 0xca, 0x9d,
  0x8f, 0x68, 0x33, 0x8b, 0x32, 0x81, 0x2f, 0x7f, 0x2b, 0x80, 0x29, 0x7e,
  0x27, 0x83, 0x26, 0x7c, 0x26, 0x84, 0x24, 0x7b, 0x24, 0x85, 0x24, 0x7b,
  0x23, 0x85, 0x23, 0x7b, 0x23, 0x85, 0x23, 0x7a, 0x22, 0x85, 0x22, 0x7a,
  0x22, 0x84, 0x22, 0x7b, 0x22, 0x84, 0x22, 0x7b, 0x23, 0x84, 0x22, 0x7c,
  0x23, 0x83, 0x22, 0x7c, 0x22, 0x83, 0x21, 0x7c, 0x21, 0x84, 0x21, 0x7b,
  0x21, 0x84, 0x21, 0x7b, 0x21, 0x85, 0x20, 0x7b, 0x20, 0x85, 0x20, 0x7a,
  0x20, 0x85, 0x1f, 0x7b, 0x20, 0x85, 0x1f, 0x7a, 0x1f, 0x85, 0x1f, 0x7b,
  0x20, 0x85, 0x1f, 0x7b, 0x1f, 0x85, 0x1f, 0x7b, 0x1f, 0x85, 0x1f, 0x7b,
  0x1f, 0x85, 0x1f, 0x7b, 0x1f, 0x85, 0x1f, 0x7b, 0x1f, 0x85, 0x1f, 0x7b,
  0x1f, 0x85, 0x1f, 0x7b, 0x1f, 0x85, 0x1f, 0x7b, 0x1f, 0x85, 0x1f, 0x7b,
  0x1f, 0x85, 0x1e, 0x7b, 0x1f, 0x85, 0x1f, 0x7b, 0x1f, 0x85, 0x1f, 0x7b,
  0x1e, 0x85, 0x1e, 0x7b, 0x1f, 0x84, 0x1e, 0x7b, 0x1e, 0x85, 0x1e, 0x7b,
  0x1e, 0x85, 0x1e, 0x7b, 0x1e, 0x85, 0x1e, 0x7b, 0x1e, 0x84, 0x1e, 0x7b,
  0x1e, 0x84, 0x1e, 0x7a, 0x1e, 0x84, 0x1e, 0x7a, 0x1e, 0x84, 0x1e, 0x7a,
  0x1e, 0x84, 0x1f, 0x7a, 0x1e, 0x84, 0x1f, 0x7a, 0x1e, 0x84, 0x1f, 0x7a,
  0x1f, 0x84, 0x1f, 0x7a, 0x1f, 0x84, 0x1f, 0x7a, 0x1f, 0x84, 0x1f, 0x7a,
  0x1e, 0x84, 0x1f, 0x7a, 0x1f, 0x84, 0x1e, 0x7a, 0x1f, 0x84, 0x1f, 0x7a,
  0x20, 0x84, 0x1f, 0x7a, 0x1f, 0x84, 0x20, 0x7a, 0x20, 0x85, 0x20, 0x7a,
  0x20, 0x85, 0x20, 0x7a, 0x20, 0x85, 0x20, 0x7a, 0x20, 0x85, 0x20, 0x7a,
  0x20, 0x85, 0x20, 0x7a, 0x20, 0x85, 0x20, 0x7a, 0x20, 0x85, 0x20, 0x7a,
  0x21, 0x85, 0x20, 0x7a, 0x20, 0x85, 0x20, 0x7a, 0x20, 0x85, 0x20, 0x7a,
  0x20, 0x85, 0x20, 0x7a, 0x21, 0x85, 0x21, 0x7a, 0x21, 0x85, 0x22, 0x7a,
  0x22, 0x85, 0x22, 0x7a, 0x22, 0x85, 0x23, 0x7a, 0x22, 0x85, 0x23, 0x7a,
  0x22, 0x85, 0x23, 0x7a, 0x23, 0x84, 0x24, 0x7b, 0x24, 0x84, 0x25, 0x7b,
  0x25, 0x83, 0x27, 0x7c, 0x28, 0x82, 0x29, 0x7e, 0x2b, 0x80, 0x2c, 0x7f,
  0x2e, 0x7f, 0x34, 0x7f, 0x2f, 0x70, 0x62, 0x87, 0xc6, 0x46, 0xbd, 0x9b,
  0xbe, 0x45, 0xbe, 0x9c, 0xbe, 0x47, 0xbd, 0x9b, 0xbe, 0x44, 0xc4, 0x9c,
  0xc7, 0x44, 0xb7, 0x9c, 0x88, 0x69, 0x45, 0x8b, 0x32, 0x82, 0x35, 0x7e,
  0x31, 0x82, 0x30, 0x7d, 0x2e, 0x85, 0x30, 0x7a, 0x31, 0x88, 0x30, 0x78,
  0x31, 0x88, 0x2f, 0x77, 0x2f, 0x89, 0x30, 0x77, 0x30, 0x8a, 0x31, 0x75,
  0x31, 0x8b, 0x32, 0x75, 0x33, 0x8b, 0x34, 0x74, 0x35, 0x8c, 0x36, 0x72,
  0x37, 0x8d, 0x39, 0x71, 0x3a, 0x8f, 0x3c, 0x70, 0x3d, 0x90, 0x3e, 0x6e,
  0x40, 0x91, 0x41, 0x6c, 0x42, 0x93, 0x44, 0x6a, 0x46, 0x95, 0x49, 0x68,
  0x4b, 0x96, 0x4b, 0x65, 0x4e, 0x97, 0x9f, 0x5f, 0x8e, 0x95, 0x5f, 0x69,
  0x47, 0x89, 0x43, 0x77, 0x46, 0x86, 0x44, 0x79, 0x3c, 0x85, 0x30, 0x7a,
  0x30, 0x84, 0x31, 0x7b, 0x50, 0x90, 0x79, 0x6e, 0x7c, 0x94, 0x61, 0x6c,
  0x4f, 0x88, 0x4e, 0x78, 0x50, 0x87, 0x50, 0x78, 0x50, 0x87, 0x51, 0x78,
  0x51, 0x86, 0x52, 0x79, 0x53, 0x86, 0x4f, 0x79, 0x33, 0x83, 0x74, 0x7b,
  0xd1, 0x7f, 0xc5, 0x7e, 0xc8, 0x80, 0xc8, 0x7e, 0xc7, 0x80, 0xc4, 0x7e,
  0xc0, 0x80, 0xbb, 0x7e, 0xb4, 0x81, 0xab, 0x7d, 0xa1, 0x83, 0x9c, 0x7d,
  0x9c, 0x83, 0xa3, 0x7d, 0xae, 0x81, 0xbc, 0x7e, 0xc7, 0x7f, 0xcd, 0x7e,
  0xd0, 0x7f, 0xd1, 0x7e, 0xd2, 0x7f, 0xd3, 0x7e, 0xd3, 0x7f, 0xd3, 0x7e,
  0xd2, 0x7f, 0xd2, 0x7e, 0xd1, 0x7f, 0xd1, 0x7e, 0xd0, 0x7f, 0xcf, 0x7e,
  0xcb, 0x7f, 0xd4, 0x7e, 0x97, 0x84, 0x36, 0x7a, 0x40, 0x86, 0x3c, 0x79,
  0x39, 0x85, 0x35, 0x79, 0x30, 0x84, 0x2b, 0x7a, 0x23, 0x82, 0x1f, 0x7c,
  0x22, 0x82, 0x22, 0x7c, 0x23, 0x83, 0x22, 0x7b, 0x22, 0x83, 0x22, 0x7b,
  0x21, 0x83, 0x21, 0x7b, 0x21, 0x82, 0x20, 0x7b, 0x21, 0x83, 0x23, 0x7c,
  0x2f, 0x8c, 0x4a, 0x75, 0x40, 0x90, 0x38, 0x6f, 0x39, 0x8d, 0x38, 0x72,
  0x36, 0x8c, 0x35, 0x73, 0x34, 0x8b, 0x33, 0x74, 0x32, 0x8b, 0x31, 0x75,
  0x31, 0x8a, 0x31, 0x75, 0x30, 0x89, 0x2f, 0x76, 0x2f, 0x88, 0x2e, 0x77,
  0x2e, 0x88, 0x2e, 0x78, 0x2f, 0x87, 0x2f, 0x79, 0x2f, 0x84, 0x30, 0x7c,
  0x31, 0x84, 0x35, 0x7d, 0x2e, 0x74, 0x67, 0x85, 0xc8, 0x45, 0xbe, 0x9c,
  0xbe, 0x47, 0xc0, 0x9b, 0xc0, 0x47, 0xbf, 0x9b, 0xc0, 0x47, 0xc0, 0x9b,
  0xbf, 0x44, 0xbc, 0x9c, 0xcb, 0x52, 0x82, 0x96, 0x2d, 0x7d, 0x32, 0x81,
  0x2d, 0x7f, 0x2a, 0x7f, 0x28, 0x83, 0x27, 0x7d, 0x26, 0x84, 0x25, 0x7b,
  0x25, 0x84, 0x24, 0x7a, 0x24, 0x85, 0x24, 0x7a, 0x24, 0x85, 0x24, 0x7a,
  0x23, 0x84, 0x23, 0x7b, 0x23, 0x84, 0x23, 0x7b, 0x23, 0x83, 0x24, 0x7c,
  0x24, 0x82, 0x25, 0x7c, 0x24, 0x82, 0x24, 0x7d, 0x24, 0x82, 0x23, 0x7d,
  0x22, 0x83, 0x22, 0x7c, 0x21, 0x84, 0x22, 0x7b, 0x21, 0x84, 0x21, 0x7b,
  0x20, 0x85, 0x20, 0x7a, 0x20, 0x85, 0x20, 0x7a, 0x20, 0x85, 0x20, 0x7a,
  0x20, 0x85, 0x20, 0x7a, 0x20, 0x84, 0x20, 0x7a, 0x1f, 0x84, 0x20, 0x7a,
  0x1f, 0x85, 0x20, 0x7a, 0x1f, 0x84, 0x1f, 0x7a, 0x1f, 0x84, 0x1e, 0x7a,
  0x1f, 0x84, 0x1f, 0x7a, 0x1f, 0x84, 0x1f, 0x7a, 0x1f, 0x84, 0x1f, 0x7a,
  0x1f, 0x84, 0x1f, 0x7a, 0x1f, 0x84, 0x1e, 0x7a, 0x1f, 0x84, 0x1f, 0x7a,
  0x1e, 0x84, 0x1e, 0x7a, 0x1f, 0x84, 0x1f, 0x7a, 0x1f, 0x84, 0x1f, 0x7a,
  0x1f, 0x84, 0x1e, 0x7a, 0x1e, 0x84, 0x1e, 0x7b, 0x1e, 0x84, 0x1f, 0x7a,
  0x1e, 0x84, 0x1e, 0x7b, 0x1e, 0x85, 0x1e, 0x7a, 0x1e, 0x85, 0x1d, 0x7a,
  0x1e, 0x85, 0x1e, 0x7a, 0x1e, 0x85, 0x1e, 0x7a, 0x1e, 0x85, 0x1e, 0x7a,
  0x1e, 0x85, 0x1e, 0x7a, 0x1e, 0x85, 0x1e, 0x7a, 0x1f, 0x85, 0x1e, 0x7a,
  0x1f, 0x85, 0x1f, 0x7a, 0x1e, 0x85, 0x1e, 0x7a, 0x1f, 0x85, 0x1e, 0x7a,
  0x1e, 0x85, 0x1f, 0x7a, 0x1f, 0x85, 0x1f, 0x7a, 0x20, 0x85, 0x20, 0x7a,
  0x20, 0x85, 0x20, 0x7a, 0x20, 0x85, 0x20, 0x7a, 0x20, 0x86, 0x20, 0x7a,
  0x20, 0x86, 0x20, 0x7a, 0x20, 0x86, 0x20, 0x7a, 0x20, 0x86, 0x20, 0x7a,
  0x21, 0x86, 0x20, 0x7a, 0x20, 0x86, 0x21, 0x79, 0x20, 0x86, 0x20, 0x79,
  0x21, 0x86, 0x20, 0x7a, 0x21, 0x86, 0x21, 0x7a, 0x21, 0x86, 0x21, 0x79,
  0x21, 0x86, 0x22, 0x79, 0x22, 0x86, 0x23, 0x7a, 0x22, 0x86, 0x22, 0x7a,
  0x22, 0x86, 0x23, 0x7a, 0x22, 0x85, 0x23, 0x7a, 0x23, 0x85, 0x24, 0x7a,
  0x24, 0x84, 0x25, 0x7b, 0x26, 0x84, 0x26, 0x7c, 0x27, 0x82, 0x29, 0x7d,
  0x2a, 0x81, 0x2b, 0x7e, 0x2d, 0x7f, 0x30, 0x7f, 0x34, 0x7b, 0x30, 0x82,
  0x97, 0x4e, 0xc9, 0x98, 0xbb, 0x44, 0xbe, 0x9d, 0xc2, 0x43, 0xc7, 0x9d,
  0xc2, 0x49, 0xa4, 0x9a, 0x73, 0x6d, 0x46, 0x89, 0x31, 0x80, 0x33, 0x80,
  0x35, 0x80, 0x32, 0x7f, 0x30, 0x84, 0x2f, 0x7c, 0x2e, 0x86, 0x30, 0x7a,
  0x31, 0x88, 0x30, 0x78, 0x30, 0x88, 0x2f, 0x77, 0x2f, 0x89, 0x30, 0x77,
  0x30, 0x8a, 0x31, 0x75, 0x31, 0x8b, 0x33, 0x74, 0x33, 0x8c, 0x34, 0x74,
  0x35, 0x8d, 0x36, 0x72, 0x38, 0x8e, 0x39, 0x71, 0x3a, 0x8f, 0x3b, 0x70,
  0x3d, 0x90, 0x3e, 0x6e, 0x40, 0x92, 0x41, 0x6c, 0x42, 0x93, 0x45, 0x69,
  0x47, 0x95, 0x49, 0x67, 0x4e, 0x97, 0x47, 0x64, 0x80, 0x98, 0xa0, 0x5f,
  0x6e, 0x93, 0x53, 0x6e, 0x46, 0x88, 0x47, 0x78, 0x47, 0x88, 0x44, 0x78,
  0x3b, 0x83, 0x23, 0x7c, 0x3c, 0x8c, 0x78, 0x70, 0x89, 0x96, 0x6d, 0x68,
  0x54, 0x8b, 0x4d, 0x76, 0x4d, 0x87, 0x4e, 0x78, 0x4f, 0x87, 0x50, 0x78,
  0x51, 0x87, 0x50, 0x78, 0x50, 0x86, 0x4f, 0x79, 0x4b, 0x86, 0x45, 0x79,
  0x2d, 0x83, 0x7a, 0x7b, 0xd4, 0x80, 0xc8, 0x7e, 0xcb, 0x81, 0xcb, 0x7e,
  0xca, 0x80, 0xc8, 0x7e, 0xc5, 0x81, 0xc1, 0x7e, 0xbd, 0x81, 0xb8, 0x7d,
  0xb2, 0x83, 0xad, 0x7d, 0xad, 0x82, 0xb2, 0x7d, 0xbc, 0x81, 0xc5, 0x7e,
  0xca, 0x80, 0xcf, 0x7e, 0xd2, 0x7f, 0xd3, 0x7e, 0xd3, 0x7f, 0xd4, 0x7e,
  0xd4, 0x7f, 0xd4, 0x7e, 0xd3, 0x80, 0xd3, 0x7e, 0xd3, 0x80, 0xd2, 0x7e,
  0xd1, 0x80, 0xd0, 0x7e, 0xce, 0x80, 0xce, 0x7e, 0xbe, 0x83, 0x48, 0x7b,
  0x3d, 0x87, 0x3d, 0x78, 0x3a, 0x86, 0x36, 0x79, 0x32, 0x85, 0x2d, 0x7a,
  0x26, 0x83, 0x1e, 0x7b, 0x1f, 0x82, 0x20, 0x7c, 0x20, 0x83, 0x21, 0x7b,
  0x21, 0x83, 0x20, 0x7b, 0x20, 0x83, 0x20, 0x7c, 0x1f, 0x83, 0x20, 0x7c,
  0x22, 0x86, 0x2b, 0x7a, 0x46, 0x8f, 0x43, 0x70, 0x39, 0x8f, 0x3b, 0x6f,
  0x39, 0x8e, 0x38, 0x72, 0x37, 0x8d, 0x35, 0x73, 0x34, 0x8c, 0x33, 0x74,
  0x32, 0x8b, 0x32, 0x74, 0x30, 0x8a, 0x30, 0x75, 0x30, 0x8a, 0x2f, 0x76,
  0x2f, 0x89, 0x2e, 0x77, 0x2e, 0x88, 0x2f, 0x78, 0x2f, 0x87, 0x30, 0x79,
  0x30, 0x84, 0x30, 0x7c, 0x33, 0x85, 0x33, 0x7c, 0x3d, 0x65, 0xb1, 0x8c,
  0xc3, 0x43, 0xbf, 0x9d, 0xc0, 0x48, 0xc0, 0x9b, 0xc0, 0x46, 0xc0, 0x9c,
  0xc0, 0x47, 0xc0, 0x9b, 0xc1, 0x46, 0xc0, 0x9b, 0xbf, 0x48, 0xc3, 0x9a,
  0x51, 0x75, 0x2c, 0x85, 0x30, 0x81, 0x2b, 0x7e, 0x29, 0x83, 0x27, 0x7d,
  0x26, 0x85, 0x25, 0x7b, 0x25, 0x85, 0x24, 0x7a, 0x23, 0x86, 0x24, 0x7a,
  0x24, 0x85, 0x24, 0x7a, 0x23, 0x85, 0x24, 0x7b, 0x24, 0x83, 0x24, 0x7c,
  0x25, 0x82, 0x26, 0x7d, 0x28, 0x80, 0x2a, 0x7e, 0x29, 0x80, 0x28, 0x7f,
  0x26, 0x81, 0x25, 0x7e, 0x24, 0x82, 0x23, 0x7d, 0x23, 0x83, 0x22, 0x7c,
  0x22, 0x84, 0x21, 0x7b, 0x21, 0x85, 0x20, 0x7a, 0x20, 0x85, 0x20, 0x7a,
  0x20, 0x85, 0x20, 0x7a, 0x20, 0x85, 0x20, 0x7a, 0x20, 0x85, 0x20, 0x7a,
  0x20, 0x85, 0x20, 0x7a, 0x1f, 0x85, 0x20, 0x7a, 0x20, 0x85, 0x1f, 0x7a,
  0x1f, 0x85, 0x1f, 0x7a, 0x1f, 0x85, 0x1f, 0x7a, 0x1f, 0x85, 0x1f, 0x7a,
  0x1f, 0x85, 0x1f, 0x7a, 0x1f, 0x85, 0x1f, 0x7a, 0x1f, 0x85, 0x1e, 0x7a,
  0x1f, 0x85, 0x1f, 0x7a, 0x1e, 0x85, 0x1e, 0x7a, 0x1e, 0x85, 0x1e, 0x7a,
  0x1e, 0x85, 0x1e, 0x7a, 0x1e, 0x85, 0x1e, 0x7a, 0x1e, 0x85, 0x1e, 0x7a,
  0x1e, 0x85, 0x1e, 0x7a, 0x1e, 0x84, 0x1e, 0x7b, 0x1e, 0x85, 0x1e, 0x7a,
  0x1e, 0x84, 0x1e, 0x7a, 0x1f, 0x85, 0x1f, 0x7a, 0x1f, 0x85, 0x1e, 0x7a,
  0x1f, 0x85, 0x1e, 0x7a, 0x1f, 0x85, 0x1f, 0x7a, 0x1f, 0x85, 0x1f, 0x7a,
  0x1f, 0x85, 0x1f, 0x7b, 0x1f, 0x85, 0x1f, 0x7a, 0x1f, 0x85, 0x1f, 0x7a,
  0x1f, 0x85, 0x1f, 0x7a, 0x1f, 0x85, 0x1f, 0x7a, 0x1f, 0x85, 0x1f, 0x7a,
  0x20, 0x85, 0x20, 0x7a, 0x20, 0x85, 0x20, 0x7a, 0x20, 0x85, 0x20, 0x7a,
  0x20, 0x85, 0x20, 0x7a, 0x20, 0x86, 0x20, 0x7a, 0x20, 0x86, 0x20, 0x7a,
  0x20, 0x86, 0x20, 0x7a, 0x20, 0x85, 0x20, 0x7a, 0x20, 0x86, 0x20, 0x7a,
  0x20, 0x86, 0x20, 0x7a, 0x20, 0x86, 0x20, 0x7a, 0x21, 0x86, 0x21, 0x7a,
  0x21, 0x86, 0x21, 0x7a, 0x21, 0x86, 0x21, 0x7a, 0x22, 0x86, 0x22, 0x7a,
  0x22, 0x86, 0x22, 0x7a, 0x22, 0x86, 0x22, 0x7a, 0x22, 0x86, 0x22, 0x7a,
  0x23, 0x85, 0x23, 0x7a, 0x24, 0x85, 0x25, 0x7b, 0x26, 0x84, 0x26, 0x7b,
  0x27, 0x83, 0x28, 0x7c, 0x29, 0x82, 0x2b, 0x7e, 0x2c, 0x7f, 0x2e, 0x7f,
  0x31, 0x80, 0x2e, 0x7f, 0x42, 0x62, 0xa9, 0x8e, 0xc7, 0x41, 0xc5, 0x9d,
  0xb3, 0x52, 0x8a, 0x96, 0x57, 0x74, 0x37, 0x86, 0x30, 0x7e, 0x36, 0x81,
  0x39, 0x7e, 0x35, 0x80, 0x32, 0x81, 0x31, 0x7e, 0x31, 0x84, 0x30, 0x7d,
  0x30, 0x85, 0x30, 0x7a, 0x32, 0x88, 0x30, 0x78, 0x31, 0x88, 0x2f, 0x77,
  0x2f, 0x89, 0x30, 0x77, 0x31, 0x8a, 0x31, 0x75, 0x32, 0x8b, 0x33, 0x74,
  0x33, 0x8c, 0x35, 0x74, 0x36, 0x8d, 0x37, 0x72, 0x38, 0x8e, 0x38, 0x71,
  0x3a, 0x8f, 0x3c, 0x70, 0x3d, 0x91, 0x3f, 0x6e, 0x40, 0x92, 0x41, 0x6c,
  0x43, 0x93, 0x45, 0x69, 0x47, 0x95, 0x4a, 0x67, 0x48, 0x97, 0x5d, 0x62,
  0xa4, 0x98, 0x7e, 0x62, 0x5e, 0x8f, 0x4e, 0x72, 0x4b, 0x88, 0x4a, 0x78,
  0x48, 0x86, 0x3b, 0x7a, 0x38, 0x89, 0x5f, 0x74, 0x91, 0x96, 0x81, 0x66,
  0x5c, 0x8e, 0x4f, 0x73, 0x4c, 0x88, 0x4c, 0x77, 0x4c, 0x87, 0x4d, 0x78,
  0x4f, 0x87, 0x50, 0x78, 0x50, 0x87, 0x50, 0x79, 0x4e, 0x86, 0x4b, 0x79,
  0x46, 0x86, 0x3f, 0x79, 0x27, 0x83, 0x8a, 0x7c, 0xd6, 0x80, 0xca, 0x7f,
  0xce, 0x80, 0xcd, 0x7e, 0xcc, 0x80, 0xcb, 0x7e, 0xca, 0x80, 0xc7, 0x7e,
  0xc4, 0x81, 0xc1, 0x7e, 0xbc, 0x81, 0xbb, 0x7e, 0xbb, 0x81, 0xbf, 0x7e,
  0xc5, 0x80, 0xcb, 0x7e, 0xce, 0x80, 0xd2, 0x7f, 0xd3, 0x7f, 0xd5, 0x7e,
  0xd5, 0x7f, 0xd5, 0x7e, 0xd5, 0x7f, 0xd5, 0x7e, 0xd5, 0x7f, 0xd4, 0x7e,
  0xd3, 0x7f, 0xd3, 0x7e, 0xd2, 0x80, 0xd0, 0x7e, 0xcf, 0x80, 0xcb, 0x7e,
  0xd2, 0x83, 0x70, 0x7c, 0x37, 0x87, 0x40, 0x78, 0x3b, 0x86, 0x37, 0x79,
  0x33, 0x85, 0x2d, 0x7a, 0x29, 0x83, 0x1e, 0x7b, 0x1d, 0x82, 0x1e, 0x7c,
  0x1e, 0x83, 0x1e, 0x7c, 0x1f, 0x83, 0x1e, 0x7c, 0x1e, 0x82, 0x1e, 0x7c,
  0x1f, 0x83, 0x21, 0x7c, 0x2a, 0x8a, 0x42, 0x76, 0x43, 0x91, 0x3b, 0x6e,
  0x3c, 0x8f, 0x3a, 0x70, 0x39, 0x8e, 0x38, 0x71, 0x37, 0x8d, 0x36, 0x72,
  0x35, 0x8c, 0x33, 0x73, 0x33, 0x8b, 0x32, 0x74, 0x31, 0x8a, 0x30, 0x75,
  0x30, 0x8a, 0x30, 0x77, 0x2f, 0x89, 0x2e, 0x77, 0x2e, 0x88, 0x2e, 0x78,
  0x2f, 0x87, 0x30, 0x79, 0x30, 0x84, 0x31, 0x7c, 0x35, 0x84, 0x2d, 0x7d,
  0x67, 0x5a, 0xc7, 0x91, 0xbe, 0x43, 0xc0, 0x9d, 0xbf, 0x47, 0xc0, 0x9b,
  0xc0, 0x47, 0xc0, 0x9b, 0xc1, 0x47, 0xc0, 0x9b, 0xc0, 0x47, 0xc0, 0x9b,
  0xbc, 0x44, 0xc7, 0x9c, 0x84, 0x6c, 0x2a, 0x89, 0x32, 0x82, 0x2c, 0x7e,
  0x29, 0x82, 0x27, 0x7d, 0x26, 0x84, 0x25, 0x7b, 0x24, 0x85, 0x23, 0x7a,
  0x23, 0x85, 0x23, 0x7a, 0x23, 0x85, 0x24, 0x7a, 0x24, 0x84, 0x24, 0x7b,
  0x25, 0x83, 0x26, 0x7c, 0x27, 0x80, 0x28, 0x7e, 0x21, 0x81, 0x22, 0x7e,
  0x24, 0x7f, 0x29, 0x80, 0x2c, 0x7e, 0x2b, 0x80, 0x27, 0x80, 0x25, 0x7e,
  0x23, 0x83, 0x23, 0x7d, 0x22, 0x84, 0x21, 0x7b, 0x21, 0x84, 0x21, 0x7a,
  0x20, 0x85, 0x20, 0x7a, 0x20, 0x85, 0x20, 0x7a, 0x20, 0x85, 0x20, 0x7a,
  0x20, 0x85, 0x20, 0x7a, 0x20, 0x85, 0x20, 0x7a, 0x20, 0x85, 0x20, 0x7a,
  0x1f, 0x85, 0x1f, 0x7a, 0x1f, 0x85, 0x20, 0x7a, 0x1f, 0x85, 0x1f, 0x7a,
  0x1f, 0x85, 0x20, 0x7a, 0x1f, 0x84, 0x1f, 0x7a, 0x1f, 0x85, 0x1f, 0x7a,
  0x1f, 0x85, 0x1f, 0x7a, 0x1f, 0x85, 0x1f, 0x7a, 0x1f, 0x85, 0x1f, 0x7a,
  0x1f, 0x85, 0x1e, 0x7a, 0x1f, 0x85, 0x1f, 0x7a, 0x1f, 0x85, 0x1f, 0x7a,
  0x1e, 0x85, 0x1e, 0x7a, 0x1e, 0x85, 0x1e, 0x7a, 0x1e, 0x85, 0x1e, 0x7a,
  0x1e, 0x84, 0x1d, 0x7a, 0x1e, 0x84, 0x1e, 0x7a, 0x1e, 0x84, 0x1e, 0x7a,
  0x1e, 0x84, 0x1e, 0x7a, 0x1e, 0x84, 0x1e, 0x7a, 0x1f, 0x85, 0x1e, 0x7a,
  0x1e, 0x85, 0x1f, 0x7a, 0x1e, 0x85, 0x1f, 0x7a, 0x1f, 0x85, 0x1f, 0x7a,
  0x1e, 0x85, 0x1f, 0x7a, 0x1e, 0x85, 0x1f, 0x7a, 0x1f, 0x85, 0x1f, 0x7a,
  0x20, 0x85, 0x1f, 0x7a, 0x20, 0x85, 0x1f, 0x7a, 0x20, 0x85, 0x20, 0x7a,
  0x20, 0x85, 0x20, 0x7a, 0x20, 0x85, 0x20, 0x7a, 0x20, 0x85, 0x20, 0x7a,
  0x20, 0x86, 0x20, 0x7a, 0x20, 0x86, 0x20, 0x7a, 0x20, 0x86, 0x20, 0x7a,
  0x20, 0x86, 0x20, 0x7a, 0x20, 0x86, 0x21, 0x7a, 0x21, 0x86, 0x21, 0x7a,
  0x21, 0x86, 0x21, 0x7a, 0x21, 0x86, 0x22, 0x7a, 0x21, 0x86, 0x22, 0x7a,
  0x22, 0x86, 0x22, 0x7a, 0x22, 0x86, 0x23, 0x7a, 0x22, 0x86, 0x22, 0x7a,
  0x23, 0x86, 0x23, 0x7a, 0x23, 0x85, 0x23, 0x7a, 0x24, 0x85, 0x25, 0x7b,
  0x25, 0x84, 0x26, 0x7b, 0x26, 0x83, 0x28, 0x7c, 0x29, 0x82, 0x2a, 0x7d,
  0x2b, 0x81, 0x2d, 0x7e, 0x2e, 0x7f, 0x31, 0x7f, 0x30, 0x7b, 0x3a, 0x82,
  0x5c, 0x6d, 0x5c, 0x88, 0x40, 0x7a, 0x30, 0x83, 0x31, 0x7d, 0x36, 0x81,
  0x37, 0x7c, 0x36, 0x81, 0x35, 0x7f, 0x35, 0x7f, 0x34, 0x80, 0x34, 0x7f,
  0x34, 0x82, 0x32, 0x7e, 0x31, 0x84, 0x31, 0x7c, 0x32, 0x87, 0x32, 0x79,
  0x32, 0x88, 0x30, 0x78, 0x2f, 0x89, 0x30, 0x77, 0x31, 0x8a, 0x32, 0x75,
  0x32, 0x8b, 0x33, 0x74, 0x34, 0x8c, 0x35, 0x73, 0x36, 0x8d, 0x37, 0x72,
  0x38, 0x8e, 0x39, 0x71, 0x3a, 0x8f, 0x3c, 0x6f, 0x3d, 0x91, 0x3f, 0x6e,
  0x41, 0x92, 0x42, 0x6c, 0x44, 0x94, 0x46, 0x69, 0x48, 0x95, 0x4b, 0x67,
  0x45, 0x97, 0x8f, 0x60, 0x98, 0x98, 0x69, 0x66, 0x56, 0x8c, 0x4f, 0x75,
  0x50, 0x87, 0x4a, 0x79, 0x3f, 0x89, 0x58, 0x75, 0x87, 0x97, 0x91, 0x64,
  0x6e, 0x92, 0x55, 0x6f, 0x4f, 0x89, 0x4c, 0x77, 0x4c, 0x87, 0x4b, 0x78,
  0x4d, 0x87, 0x4e, 0x78, 0x4e, 0x87, 0x4f, 0x78, 0x4f, 0x86, 0x4d, 0x78,
  0x4b, 0x86, 0x47, 0x79, 0x41, 0x85, 0x38, 0x79, 0x2d, 0x82, 0xa4, 0x7c,
  0xd0, 0x80, 0xca, 0x7e, 0xce, 0x80, 0xcf, 0x7e, 0xcf, 0x80, 0xce, 0x7e,
  0xcd, 0x80, 0xcb, 0x7e, 0xc9, 0x80, 0xc8, 0x7e, 0xc5, 0x80, 0xc4, 0x7e,
  0xc5, 0x80, 0xc8, 0x7e, 0xcc, 0x80, 0xcf, 0x7e, 0xd2, 0x7f, 0xd4, 0x7e,
  0xd5, 0x7f, 0xd6, 0x7e, 0xd6, 0x7f, 0xd5, 0x7e, 0xd6, 0x7f, 0xd6, 0x7e,
  0xd5, 0x7f, 0xd5, 0x7e, 0xd4, 0x7f, 0xd3, 0x7e, 0xd2, 0x7f, 0xd2, 0x7e,
  0xd1, 0x80, 0xcc, 0x7e, 0xd3, 0x82, 0xa6, 0x7d, 0x3b, 0x86, 0x40, 0x79,
  0x3c, 0x86, 0x39, 0x79, 0x34, 0x85, 0x2f, 0x7a, 0x2a, 0x83, 0x21, 0x7b,
  0x1a, 0x81, 0x1c, 0x7c, 0x1c, 0x82, 0x1d, 0x7c, 0x1d, 0x82, 0x1d, 0x7c,
  0x1d, 0x82, 0x1e, 0x7c, 0x21, 0x85, 0x2a, 0x7a, 0x40, 0x8f, 0x45, 0x70,
  0x3e, 0x91, 0x3e, 0x6e, 0x3c, 0x8f, 0x3b, 0x70, 0x3a, 0x8f, 0x39, 0x71,
  0x38, 0x8d, 0x36, 0x72, 0x35, 0x8c, 0x34, 0x73, 0x33, 0x8b, 0x32, 0x74,
  0x31, 0x8a, 0x31, 0x75, 0x30, 0x8a, 0x30, 0x76, 0x2f, 0x89, 0x2f, 0x77,
  0x2e, 0x88, 0x2f, 0x78, 0x30, 0x87, 0x30, 0x79, 0x30, 0x84, 0x31, 0x7b,
  0x35, 0x81, 0x2f, 0x7f, 0x8a, 0x53, 0xc8, 0x95, 0xbe, 0x44, 0xc0, 0x9d,
  0xc0, 0x47, 0xc0, 0x9b, 0xc0, 0x47, 0xc1, 0x9b, 0xc0, 0x47, 0xc1, 0x9b,
  0xc0, 0x47, 0xc0, 0x9b, 0xbe, 0x43, 0xc5, 0x9d, 0xa4, 0x65, 0x33, 0x8c,
  0x31, 0x82, 0x2d, 0x7e, 0x29, 0x81, 0x27, 0x7d, 0x26, 0x84, 0x25, 0x7c,
  0x24, 0x85, 0x24, 0x7b, 0x23, 0x85, 0x23, 0x7a, 0x23, 0x85, 0x24, 0x7b,
  0x25, 0x84, 0x25, 0x7c, 0x26, 0x81, 0x28, 0x7d, 0x29, 0x7d, 0x2c, 0x80,
  0x65, 0x65, 0x77, 0x8c, 0x5e, 0x6f, 0x41, 0x88, 0x2b, 0x7f, 0x26, 0x80,
  0x2c, 0x7e, 0x29, 0x80, 0x26, 0x81, 0x24, 0x7d, 0x23, 0x83, 0x22, 0x7c,
  0x21, 0x84, 0x21, 0x7b, 0x20, 0x85, 0x20, 0x7a, 0x20, 0x85, 0x20, 0x7a,
  0x20, 0x85, 0x20, 0x7a, 0x20, 0x85, 0x20, 0x7a, 0x20, 0x85, 0x20, 0x7a,
  0x20, 0x85, 0x20, 0x7a, 0x20, 0x85, 0x1f, 0x7a, 0x1f, 0x85, 0x1f, 0x7a,
  0x1f, 0x85, 0x1f, 0x7a, 0x1f, 0x85, 0x1f, 0x7a, 0x1f, 0x84, 0x1f, 0x7a,
  0x1f, 0x84, 0x1f, 0x7a, 0x1e, 0x85, 0x1e, 0x7a, 0x1e, 0x85, 0x1e, 0x7a,
  0x1f, 0x84, 0x1e, 0x7a, 0x1e, 0x84, 0x1e, 0x7a, 0x1e, 0x84, 0x1e, 0x7a,
  0x1e, 0x84, 0x1e, 0x7a, 0x1e, 0x85, 0x1e, 0x7a, 0x1e, 0x84, 0x1e, 0x7a,
  0x1d, 0x84, 0x1d, 0x7a, 0x1e, 0x84, 0x1e, 0x7a, 0x1d, 0x84, 0x1e, 0x7a,
  0x1e, 0x84, 0x1e, 0x7a, 0x1e, 0x84, 0x1e, 0x7a, 0x1e, 0x84, 0x1e, 0x7a,
  0x1e, 0x84, 0x1e, 0x7a, 0x1e, 0x84, 0x1f, 0x7a, 0x1f, 0x85, 0x1f, 0x7a,
  0x1f, 0x85, 0x1f, 0x7a, 0x1e, 0x85, 0x1e, 0x7a, 0x1f, 0x85, 0x1f, 0x7a,
  0x1f, 0x85, 0x1f, 0x7a, 0x1f, 0x85, 0x1f, 0x7a, 0x1f, 0x85, 0x20, 0x7a,
  0x20, 0x85, 0x20, 0x7a, 0x20, 0x85, 0x20, 0x7a, 0x20, 0x85, 0x20, 0x7a,
  0x20, 0x85, 0x20, 0x7a, 0x20, 0x85, 0x20, 0x7a, 0x20, 0x85, 0x20, 0x7a,
  0x20, 0x85, 0x20, 0x79, 0x20, 0x85, 0x20, 0x79, 0x20, 0x86, 0x21, 0x79,
  0x21, 0x85, 0x22, 0x79, 0x21, 0x85, 0x21, 0x7a, 0x22, 0x86, 0x21, 0x79,
  0x22, 0x86, 0x22, 0x79, 0x22, 0x86, 0x22, 0x79, 0x22, 0x85, 0x23, 0x79,
  0x22, 0x86, 0x23, 0x79, 0x23, 0x86, 0x23, 0x7a, 0x23, 0x86, 0x23, 0x7a,
  0x24, 0x85, 0x25, 0x7a, 0x25, 0x84, 0x26, 0x7b, 0x26, 0x84, 0x27, 0x7b,
  0x28, 0x83, 0x29, 0x7c, 0x2a, 0x82, 0x2b, 0x7d, 0x2c, 0x80, 0x2e, 0x7e,
  0x31, 0x7e, 0x31, 0x80, 0x2b, 0x80, 0x2c, 0x80, 0x32, 0x7d, 0x37, 0x81,
  0x36, 0x7c, 0x36, 0x81, 0x38, 0x7d, 0x35, 0x81, 0x31, 0x7f, 0x2e, 0x80,
  0x2f, 0x81, 0x31, 0x7f, 0x35, 0x80, 0x37, 0x7f, 0x34, 0x83, 0x33, 0x7d,
  0x34, 0x86, 0x32, 0x7a, 0x32, 0x88, 0x31, 0x78, 0x30, 0x89, 0x31, 0x77,
  0x32, 0x8a, 0x32, 0x75, 0x32, 0x8b, 0x33, 0x74, 0x34, 0x8c, 0x35, 0x73,
  0x36, 0x8d, 0x37, 0x72, 0x38, 0x8e, 0x39, 0x71, 0x3b, 0x8f, 0x3c, 0x6f,
  0x3d, 0x90, 0x3f, 0x6d, 0x41, 0x92, 0x43, 0x6c, 0x45, 0x94, 0x47, 0x69,
  0x4a, 0x95, 0x45, 0x66, 0x66, 0x98, 0xa4, 0x60, 0x7c, 0x97, 0x66, 0x69,
  0x5a, 0x8c, 0x55, 0x75, 0x4a, 0x88, 0x53, 0x78, 0x85, 0x95, 0x97, 0x66,
  0x79, 0x95, 0x5c, 0x6b, 0x51, 0x8a, 0x4c, 0x76, 0x4b, 0x88, 0x4b, 0x77,
  0x4b, 0x87, 0x4c, 0x78, 0x4d, 0x87, 0x4d, 0x78, 0x4e, 0x87, 0x4e, 0x78,
  0x4d, 0x86, 0x4b, 0x79, 0x47, 0x85, 0x43, 0x79, 0x3d, 0x85, 0x31, 0x7a,
  0x3d, 0x82, 0xba, 0x7c, 0xc8, 0x80, 0xc9, 0x7e, 0xce, 0x80, 0xd0, 0x7e,
  0xd1, 0x80, 0xd1, 0x7e, 0xd0, 0x80, 0xcf, 0x7e, 0xce, 0x80, 0xcd, 0x7e,
  0xcc, 0x80, 0xcb, 0x7e, 0xcc, 0x80, 0xce, 0x7e, 0xd0, 0x80, 0xd3, 0x7e,
  0xd5, 0x7f, 0xd6, 0x7e, 0xd6, 0x7f, 0xd7, 0x7e, 0xd7, 0x7f, 0xd7, 0x7e,
  0xd6, 0x7f, 0xd7, 0x7e, 0xd6, 0x7f, 0xd5, 0x7e, 0xd5, 0x7f, 0xd4, 0x7e,
  0xd3, 0x7f, 0xd3, 0x7e, 0xd1, 0x80, 0xd0, 0x7e, 0xcc, 0x81, 0xcd, 0x7e,
  0x5e, 0x86, 0x3a, 0x79, 0x3f, 0x86, 0x3a, 0x79, 0x35, 0x85, 0x30, 0x79,
  0x2c, 0x84, 0x25, 0x7b, 0x19, 0x81, 0x1b, 0x7c, 0x1b, 0x81, 0x1c, 0x7c,
  0x1c, 0x82, 0x1d, 0x7c, 0x1f, 0x83, 0x21, 0x7c, 0x2d, 0x8b, 0x41, 0x75,
  0x43, 0x93, 0x40, 0x6c, 0x40, 0x90, 0x3e, 0x6e, 0x3d, 0x8f, 0x3c, 0x6f,
  0x3a, 0x8e, 0x3a, 0x71, 0x39, 0x8d, 0x37, 0x72, 0x35, 0x8c, 0x34, 0x73,
  0x33, 0x8c, 0x33, 0x74, 0x32, 0x8b, 0x31, 0x75, 0x30, 0x8a, 0x30, 0x76,
  0x2f, 0x89, 0x2f, 0x77, 0x2e, 0x88, 0x2f, 0x78, 0x30, 0x87, 0x30, 0x79,
  0x30, 0x84, 0x32, 0x7c, 0x36, 0x80, 0x33, 0x7f, 0x99, 0x50, 0xc6, 0x97,
  0xbe, 0x45, 0xc0, 0x9c, 0xc1, 0x48, 0xc0, 0x9b, 0xc0, 0x47, 0xc0, 0x9b,
  0xc0, 0x47, 0xc0, 0x9b, 0xc0, 0x48, 0xc0, 0x9b, 0xbf, 0x43, 0xc4, 0x9d,
  0xab, 0x64, 0x35, 0x8d, 0x2f, 0x82, 0x2e, 0x7e, 0x2b, 0x81, 0x28, 0x7d,
  0x26, 0x84, 0x25, 0x7c, 0x24, 0x85, 0x23, 0x7a, 0x24, 0x85, 0x23, 0x7a,
  0x24, 0x85, 0x24, 0x7b, 0x25, 0x82, 0x26, 0x7c, 0x28, 0x83, 0x2c, 0x7d,
  0x25, 0x6d, 0x7e, 0x88, 0xcf, 0x42, 0xc8, 0x9d, 0xc8, 0x45, 0xb8, 0x9b,
  0x94, 0x60, 0x5c, 0x8f, 0x2d, 0x7d, 0x28, 0x81, 0x2a, 0x7f, 0x26, 0x7f,
  0x24, 0x82, 0x23, 0x7c, 0x22, 0x84, 0x21, 0x7b, 0x20, 0x85, 0x1f, 0x7a,
  0x20, 0x85, 0x20, 0x7a, 0x1f, 0x85, 0x20, 0x7a, 0x20, 0x85, 0x20, 0x7a,
  0x20, 0x85, 0x20, 0x7a, 0x20, 0x85, 0x20, 0x7a, 0x1f, 0x85, 0x20, 0x7a,
  0x1f, 0x85, 0x1f, 0x7a, 0x1f, 0x85, 0x1f, 0x7a, 0x1f, 0x85, 0x1f, 0x7a,
  0x1f, 0x85, 0x1f, 0x7a, 0x1f, 0x85, 0x1f, 0x7a, 0x1f, 0x85, 0x1e, 0x7a,
  0x1f, 0x85, 0x1f, 0x7a, 0x1f, 0x84, 0x1e, 0x7a, 0x1e, 0x84, 0x1e, 0x7a,
  0x1e, 0x84, 0x1e, 0x7a, 0x1e, 0x84, 0x1e, 0x7a, 0x1e, 0x84, 0x1e, 0x7a,
  0x1e, 0x84, 0x1e, 0x7a, 0x1d, 0x84, 0x1e, 0x7a, 0x1e, 0x85, 0x1e, 0x7a,
  0x1e, 0x85, 0x1e, 0x7a, 0x1e, 0x85, 0x1e, 0x7a, 0x1f, 0x85, 0x1f, 0x7a,
  0x1f, 0x85, 0x1f, 0x7b, 0x1f, 0x85, 0x1f, 0x7a, 0x1f, 0x85, 0x1f, 0x7a,
  0x20, 0x85, 0x1f, 0x7a, 0x1f, 0x85, 0x1f, 0x7a, 0x1f, 0x85, 0x1f, 0x7a,
  0x1f, 0x85, 0x1f, 0x7a, 0x1f, 0x85, 0x1f, 0x7a, 0x1f, 0x85, 0x1f, 0x7a,
  0x20, 0x85, 0x20, 0x7a, 0x20, 0x86, 0x20, 0x7a, 0x20, 0x86, 0x20, 0x7a,
  0x20, 0x86, 0x20, 0x7a, 0x20, 0x86, 0x20, 0x7a, 0x20, 0x86, 0x20, 0x7a,
  0x20, 0x86, 0x20, 0x7a, 0x20, 0x86, 0x20, 0x7a, 0x21, 0x86, 0x20, 0x7a,
  0x20, 0x86, 0x21, 0x7a, 0x21, 0x86, 0x21, 0x7a, 0x21, 0x86, 0x21, 0x7a,
  0x22, 0x86, 0x21, 0x7a, 0x22, 0x86, 0x22, 0x7a, 0x22, 0x86, 0x22, 0x7a,
  0x22, 0x86, 0x22, 0x7a, 0x22, 0x86, 0x22, 0x7a, 0x23, 0x86, 0x23, 0x7a,
  0x23, 0x86, 0x23, 0x7a, 0x24, 0x85, 0x25, 0x7a, 0x25, 0x85, 0x25, 0x7a,
  0x26, 0x85, 0x27, 0x7a, 0x28, 0x84, 0x28, 0x7c, 0x29, 0x82, 0x29, 0x7d,
  0x2a, 0x81, 0x2b, 0x7d, 0x2d, 0x80, 0x2f, 0x7e, 0x31, 0x7e, 0x32, 0x80,
  0x32, 0x7e, 0x32, 0x80, 0x35, 0x7e, 0x35, 0x80, 0x30, 0x7d, 0x39, 0x82,
  0x4f, 0x6f, 0x60, 0x88, 0x66, 0x6d, 0x5b, 0x88, 0x42, 0x7d, 0x2e, 0x81,
  0x34, 0x81, 0x39, 0x7e, 0x36, 0x84, 0x34, 0x7c, 0x33, 0x88, 0x32, 0x79,
  0x31, 0x89, 0x32, 0x76, 0x32, 0x8a, 0x32, 0x75, 0x32, 0x8b, 0x34, 0x74,
  0x35, 0x8c, 0x35, 0x73, 0x36, 0x8d, 0x37, 0x72, 0x38, 0x8e, 0x3a, 0x71,
  0x3b, 0x8f, 0x3d, 0x6f, 0x3e, 0x91, 0x3f, 0x6d, 0x42, 0x92, 0x43, 0x6b,
  0x45, 0x94, 0x48, 0x69, 0x4a, 0x95, 0x49, 0x65, 0x91, 0x99, 0x8b, 0x60,
  0x6e, 0x95, 0x66, 0x6c, 0x5d, 0x8d, 0x50, 0x74, 0x6a, 0x92, 0x97, 0x69,
  0x8f, 0x97, 0x6b, 0x67, 0x57, 0x8d, 0x4d, 0x74, 0x49, 0x88, 0x49, 0x78,
  0x4a, 0x87, 0x4a, 0x78, 0x4b, 0x87, 0x4c, 0x78, 0x4c, 0x87, 0x4c, 0x78,
  0x4c, 0x87, 0x4c, 0x78, 0x4a, 0x86, 0x47, 0x79, 0x43, 0x86, 0x3e, 0x79,
  0x39, 0x84, 0x29, 0x7a, 0x5f, 0x81, 0xc3, 0x7d, 0xc0, 0x80, 0xc7, 0x7e,
  0xcd, 0x80, 0xd0, 0x7e, 0xd2, 0x7f, 0xd3, 0x7e, 0xd3, 0x7f, 0xd2, 0x7e,
  0xd2, 0x7f, 0xd1, 0x7e, 0xd0, 0x7f, 0xd0, 0x7e, 0xd1, 0x7f, 0xd2, 0x7e,
  0xd4, 0x7f, 0xd5, 0x7e, 0xd6, 0x7f, 0xd7, 0x7e, 0xd7, 0x7f, 0xd7, 0x7e,
  0xd7, 0x7f, 0xd7, 0x7e, 0xd8, 0x7f, 0xd7, 0x7e, 0xd7, 0x7f, 0xd6, 0x7f,
  0xd6, 0x7f, 0xd5, 0x7f, 0xd4, 0x7f, 0xd3, 0x7f, 0xd2, 0x80, 0xd1, 0x7e,
  0xcc, 0x80, 0xd4, 0x7e, 0x98, 0x85, 0x37, 0x7a, 0x40, 0x87, 0x3a, 0x78,
  0x37, 0x86, 0x33, 0x79, 0x2e, 0x84, 0x29, 0x7a, 0x1d, 0x81, 0x18, 0x7c,
  0x1b, 0x81, 0x1b, 0x7c, 0x1c, 0x82, 0x1e, 0x7c, 0x22, 0x86, 0x31, 0x79,
  0x43, 0x92, 0x45, 0x6d, 0x42, 0x92, 0x41, 0x6b, 0x40, 0x91, 0x3f, 0x6e,
  0x3e, 0x8f, 0x3c, 0x6f, 0x3b, 0x8e, 0x3a, 0x70, 0x39, 0x8d, 0x38, 0x72,
  0x36, 0x8c, 0x34, 0x73, 0x33, 0x8b, 0x33, 0x74, 0x32, 0x8a, 0x32, 0x75,
  0x31, 0x8a, 0x30, 0x76, 0x30, 0x89, 0x2f, 0x77, 0x2f, 0x88, 0x2f, 0x78,
  0x2f, 0x87, 0x30, 0x79, 0x30, 0x85, 0x32, 0x7b, 0x36, 0x80, 0x30, 0x7f,
  0x95, 0x50, 0xc6, 0x97, 0xbf, 0x45, 0xc0, 0x9c, 0xc0, 0x47, 0xc0, 0x9b,
  0xc0, 0x47, 0xc0, 0x9b, 0xc0, 0x47, 0xc0, 0x9b, 0xc0, 0x47, 0xc0, 0x9b,
  0xbe, 0x42, 0xc4, 0x9e, 0xa5, 0x64, 0x33, 0x8d, 0x30, 0x82, 0x2e, 0x7e,
  0x2a, 0x81, 0x28, 0x7d, 0x26, 0x84, 0x25, 0x7c, 0x24, 0x85, 0x24, 0x7a,
  0x24, 0x85, 0x24, 0x7b, 0x24, 0x84, 0x25, 0x7b, 0x26, 0x81, 0x27, 0x7d,
  0x29, 0x82, 0x2b, 0x7d, 0x37, 0x62, 0xb4, 0x8c, 0xc2, 0x43, 0xbd, 0x9c,
  0xbd, 0x47, 0xc0, 0x9b, 0xc7, 0x42, 0xc6, 0x9d, 0x9f, 0x62, 0x46, 0x8e,
  0x27, 0x80, 0x29, 0x7f, 0x25, 0x81, 0x23, 0x7d, 0x22, 0x83, 0x21, 0x7b,
  0x20, 0x85, 0x20, 0x7a, 0x20, 0x85, 0x20, 0x7a, 0x20, 0x86, 0x20, 0x7a,
  0x20, 0x85, 0x1f, 0x7a, 0x20, 0x85, 0x20, 0x7a, 0x20, 0x85, 0x20, 0x7a,
  0x1f, 0x85, 0x20, 0x7a, 0x1f, 0x85, 0x20, 0x7a, 0x1f, 0x85, 0x1f, 0x7a,
  0x1f, 0x85, 0x1f, 0x7a, 0x1f, 0x85, 0x1f, 0x7a, 0x1f, 0x85, 0x1f, 0x7a,
  0x1f, 0x85, 0x1f, 0x7a, 0x1f, 0x85, 0x1f, 0x7a, 0x1f, 0x85, 0x1f, 0x7a,
  0x1f, 0x85, 0x1f, 0x7a, 0x1f, 0x85, 0x1f, 0x7a, 0x1f, 0x85, 0x1f, 0x7a,
  0x1f, 0x85, 0x1f, 0x7a, 0x1e, 0x85, 0x1f, 0x7a, 0x1f, 0x84, 0x1e, 0x7a,
  0x1e, 0x85, 0x1e, 0x7a, 0x1e, 0x85, 0x1e, 0x7a, 0x1e, 0x85, 0x1e, 0x7a,
  0x1e, 0x85, 0x1e, 0x7a, 0x1e, 0x85, 0x1e, 0x7a, 0x1e, 0x85, 0x1f, 0x7a,
  0x1f, 0x85, 0x1e, 0x7a, 0x1f, 0x85, 0x1f, 0x7a, 0x1f, 0x85, 0x1f, 0x7a,
  0x1f, 0x85, 0x1f, 0x7a, 0x1f, 0x85, 0x1f, 0x7a, 0x1f, 0x85, 0x1f, 0x7a,
  0x1f, 0x85, 0x20, 0x7a, 0x20, 0x85, 0x20, 0x7a, 0x20, 0x85, 0x20, 0x7a,
  0x20, 0x86, 0x20, 0x7a, 0x20, 0x86, 0x21, 0x7a, 0x20, 0x86, 0x20, 0x7a,
  0x20, 0x86, 0x20, 0x7a, 0x20, 0x86, 0x21, 0x7a, 0x21, 0x86, 0x21, 0x7a,
  0x21, 0x86, 0x21, 0x7a, 0x21, 0x86, 0x21, 0x7a, 0x21, 0x86, 0x21, 0x7a,
  0x21, 0x86, 0x22, 0x7a, 0x22, 0x86, 0x22, 0x7a, 0x22, 0x86, 0x22, 0x7a,
  0x22, 0x86, 0x22, 0x7a, 0x23, 0x86, 0x23, 0x7a, 0x23, 0x86, 0x23, 0x7a,
  0x23, 0x86, 0x23, 0x7a, 0x24, 0x86, 0x24, 0x7a, 0x25, 0x86, 0x26, 0x7a,
  0x26, 0x85, 0x25, 0x7a, 0x26, 0x85, 0x26, 0x7b, 0x27, 0x84, 0x27, 0x7c,
  0x28, 0x83, 0x29, 0x7c, 0x29, 0x82, 0x2a, 0x7d, 0x2c, 0x81, 0x2d, 0x7e,
  0x2e, 0x80, 0x30, 0x7f, 0x31, 0x7e, 0x35, 0x80, 0x2f, 0x7c, 0x3c, 0x82,
  0x77, 0x5a, 0xa9, 0x92, 0xc0, 0x46, 0xc6, 0x9c, 0xc6, 0x44, 0xc1, 0x9d,
  0xb3, 0x54, 0x8a, 0x95, 0x4c, 0x7d, 0x35, 0x82, 0x3b, 0x84, 0x36, 0x7d,
  0x36, 0x86, 0x34, 0x7a, 0x33, 0x88, 0x33, 0x77, 0x33, 0x8a, 0x33, 0x75,
  0x33, 0x8b, 0x34, 0x74, 0x34, 0x8c, 0x36, 0x73, 0x36, 0x8d, 0x38, 0x72,
  0x39, 0x8e, 0x3a, 0x71, 0x3b, 0x90, 0x3d, 0x6f, 0x3e, 0x91, 0x40, 0x6d,
  0x42, 0x93, 0x44, 0x6a, 0x46, 0x94, 0x49, 0x69, 0x44, 0x96, 0x6b, 0x64,
  0x9f, 0x98, 0x78, 0x63, 0x6e, 0x95, 0x6d, 0x6d, 0x7a, 0x97, 0x91, 0x66,
  0x95, 0x99, 0x7a, 0x64, 0x62, 0x91, 0x55, 0x70, 0x4c, 0x89, 0x48, 0x77,
  0x47, 0x87, 0x48, 0x78, 0x49, 0x87, 0x4a, 0x78, 0x4b, 0x87, 0x4b, 0x78,
  0x4b, 0x87, 0x4b, 0x78, 0x4a, 0x87, 0x49, 0x79, 0x47, 0x86, 0x44, 0x79,
  0x3f, 0x85, 0x39, 0x7a, 0x33, 0x84, 0x2a, 0x7b, 0x84, 0x82, 0xbb, 0x7d,
  0xbc, 0x81, 0xc7, 0x7f, 0xcd, 0x80, 0xd1, 0x7e, 0xd4, 0x7f, 0xd5, 0x7e,
  0xd5, 0x7f, 0xd4, 0x7e, 0xd4, 0x80, 0xd4, 0x7e, 0xd3, 0x80, 0xd4, 0x7e,
  0xd4, 0x7f, 0xd5, 0x7e, 0xd6, 0x7f, 0xd7, 0x7e, 0xd8, 0x7f, 0xd8, 0x7e,
  0xd8, 0x7f, 0xd8, 0x7e, 0xd8, 0x7f, 0xd8, 0x7e, 0xd8, 0x7f, 0xd8, 0x7e,
  0xd7, 0x7f, 0xd7, 0x7e, 0xd6, 0x7f, 0xd5, 0x7e, 0xd5, 0x7f, 0xd4, 0x7e,
  0xd3, 0x80, 0xd1, 0x7e, 0xce, 0x80, 0xce, 0x7e, 0xc8, 0x84, 0x51, 0x7b,
  0x39, 0x87, 0x3c, 0x78, 0x38, 0x86, 0x35, 0x79, 0x32, 0x85, 0x2d, 0x7a,
  0x23, 0x82, 0x18, 0x7c, 0x1a, 0x81, 0x1c, 0x7d, 0x1f, 0x84, 0x27, 0x7b,
  0x39, 0x8f, 0x46, 0x70, 0x46, 0x94, 0x44, 0x69, 0x43, 0x92, 0x41, 0x6c,
  0x40, 0x91, 0x3f, 0x6e, 0x3e, 0x90, 0x3d, 0x6f, 0x3c, 0x8f, 0x3a, 0x71,
  0x39, 0x8d, 0x38, 0x72, 0x37, 0x8d, 0x35, 0x73, 0x34, 0x8c, 0x33, 0x74,
  0x33, 0x8b, 0x32, 0x75, 0x31, 0x8a, 0x31, 0x76, 0x30, 0x89, 0x2f, 0x77,
  0x2f, 0x88, 0x30, 0x78, 0x30, 0x87, 0x30, 0x79, 0x30, 0x85, 0x31, 0x7c,
  0x35, 0x82, 0x2c, 0x7f, 0x80, 0x56, 0xca, 0x94, 0xbf, 0x44, 0xc0, 0x9c,
  0xc0, 0x47, 0xbf, 0x9b, 0xc0, 0x47, 0xc0, 0x9b, 0xc0, 0x47, 0xc0, 0x9b,
  0xc0, 0x47, 0xbf, 0x9b, 0xbd, 0x43, 0xc7, 0x9d, 0x91, 0x69, 0x2c, 0x8b,
  0x31, 0x82, 0x2c, 0x7e, 0x2a, 0x81, 0x27, 0x7d, 0x26, 0x84, 0x25, 0x7c,
  0x25, 0x85, 0x24, 0x7b, 0x24, 0x85, 0x25, 0x7b, 0x25, 0x84, 0x26, 0x7b,
  0x26, 0x81, 0x27, 0x7d, 0x2c, 0x80, 0x28, 0x7e, 0x58, 0x5a, 0xc5, 0x92,
  0xbf, 0x42, 0xbf, 0x9d, 0xbf, 0x48, 0xbf, 0x9b, 0xbe, 0x46, 0xbd, 0x9c,
  0xca, 0x4a, 0xab, 0x9a, 0x33, 0x7a, 0x29, 0x82, 0x26, 0x82, 0x24, 0x7d,
  0x22, 0x83, 0x21, 0x7c, 0x20, 0x85, 0x20, 0x7a, 0x20, 0x85, 0x20, 0x7a,
  0x20, 0x85, 0x20, 0x7a, 0x20, 0x85, 0x20, 0x7a, 0x20, 0x85, 0x20, 0x7a,
  0x20, 0x85, 0x20, 0x7a, 0x1f, 0x85, 0x20, 0x7a, 0x1f, 0x85, 0x1f, 0x7a,
  0x1f, 0x85, 0x1f, 0x7a, 0x1f, 0x85, 0x1f, 0x7a, 0x1f, 0x85, 0x1f, 0x7a,
  0x1f, 0x85, 0x1f, 0x7a, 0x1f, 0x85, 0x1f, 0x7a, 0x1f, 0x85, 0x1f, 0x7a,
  0x1f, 0x85, 0x1f, 0x7a, 0x1e, 0x85, 0x1f, 0x7a, 0x1f, 0x85, 0x1e, 0x7a,
  0x1e, 0x85, 0x1f, 0x7a, 0x1f, 0x85, 0x1e, 0x7a, 0x1e, 0x85, 0x1e, 0x7a,
  0x1e, 0x85, 0x1e, 0x7a, 0x1e, 0x84, 0x1e, 0x7a, 0x1e, 0x84, 0x1e, 0x7a,
  0x1e, 0x84, 0x1e, 0x7a, 0x1f, 0x84, 0x1e, 0x7a, 0x1e, 0x84, 0x1e, 0x7a,
  0x1e, 0x84, 0x1f, 0x7a, 0x1f, 0x84, 0x1f, 0x7a, 0x1f, 0x84, 0x1f, 0x7a,
  0x1f, 0x84, 0x1f, 0x7a, 0x1f, 0x84, 0x1f, 0x7a, 0x1f, 0x84, 0x1f, 0x7a,
  0x1f, 0x85, 0x1f, 0x7a, 0x1f, 0x85, 0x20, 0x7a, 0x1f, 0x85, 0x20, 0x7a,
  0x20, 0x85, 0x20, 0x7a, 0x20, 0x85, 0x20, 0x7a, 0x20, 0x85, 0x20, 0x7a,
  0x20, 0x85, 0x20, 0x7a, 0x20, 0x85, 0x20, 0x7a, 0x20, 0x85, 0x21, 0x7a,
  0x21, 0x85, 0x21, 0x7a, 0x21, 0x85, 0x21, 0x7a, 0x21, 0x85, 0x21, 0x7a,
  0x20, 0x85, 0x20, 0x7a, 0x21, 0x85, 0x21, 0x7a, 0x21, 0x86, 0x21, 0x7a,
  0x22, 0x86, 0x23, 0x7a, 0x22, 0x86, 0x23, 0x79, 0x23, 0x85, 0x23, 0x7a,
  0x23, 0x86, 0x23, 0x7a, 0x23, 0x86, 0x23, 0x79, 0x24, 0x86, 0x24, 0x79,
  0x24, 0x85, 0x25, 0x7a, 0x25, 0x85, 0x25, 0x7a, 0x25, 0x85, 0x26, 0x7a,
  0x26, 0x84, 0x27, 0x7b, 0x27, 0x84, 0x28, 0x7b, 0x28, 0x83, 0x2a, 0x7c,
  0x2b, 0x82, 0x2c, 0x7e, 0x2e, 0x7f, 0x30, 0x7f, 0x35, 0x80, 0x2f, 0x80,
  0x56, 0x5f, 0xad, 0x90, 0xc9, 0x41, 0xc4, 0x9e, 0xc0, 0x47, 0xbe, 0x9b,
  0xbd, 0x47, 0xbe, 0x9b, 0xc2, 0x42, 0xcb, 0x9d, 0xbe, 0x5b, 0x67, 0x91,
  0x33, 0x83, 0x3b, 0x7d, 0x37, 0x85, 0x36, 0x7b, 0x34, 0x88, 0x33, 0x78,
  0x33, 0x8a, 0x33, 0x76, 0x33, 0x8b, 0x34, 0x75, 0x34, 0x8c, 0x36, 0x73,
  0x37, 0x8d, 0x38, 0x71, 0x39, 0x8e, 0x3b, 0x71, 0x3c, 0x90, 0x3d, 0x6f,
  0x3f, 0x91, 0x40, 0x6d, 0x42, 0x92, 0x44, 0x6b, 0x46, 0x94, 0x49, 0x68,
  0x48, 0x97, 0x92, 0x62, 0x8d, 0x98, 0x73, 0x66, 0x73, 0x97, 0x85, 0x69,
  0x97, 0x9a, 0x88, 0x63, 0x6a, 0x93, 0x59, 0x6d, 0x4e, 0x8b, 0x48, 0x75,
  0x47, 0x88, 0x46, 0x78, 0x47, 0x87, 0x48, 0x78, 0x48, 0x87, 0x49, 0x79,
  0x49, 0x86, 0x4a, 0x79, 0x4a, 0x86, 0x49, 0x79, 0x48, 0x86, 0x46, 0x79,
  0x44, 0x86, 0x41, 0x7a, 0x3a, 0x84, 0x34, 0x7a, 0x2b, 0x83, 0x3e, 0x7a,
  0x9d, 0x82, 0xaf, 0x7d, 0xbc, 0x80, 0xc7, 0x7e, 0xce, 0x7f, 0xd2, 0x7e,
  0xd5, 0x7f, 0xd6, 0x7e, 0xd7, 0x7f, 0xd7, 0x7e, 0xd6, 0x7f, 0xd5, 0x7e,
  0xd5, 0x7f, 0xd6, 0x7e, 0xd6, 0x7f, 0xd7, 0x7f, 0xd8, 0x7f, 0xd9, 0x7e,
  0xd9, 0x7e, 0xd9, 0x7e, 0xd9, 0x7f, 0xd9, 0x7e, 0xd9, 0x7e, 0xd9, 0x7e,
  0xd9, 0x7e, 0xd9, 0x7e, 0xd8, 0x7f, 0xd7, 0x7e, 0xd7, 0x7f, 0xd6, 0x7e,
  0xd6, 0x7f, 0xd4, 0x7e, 0xd3, 0x80, 0xd1, 0x7e, 0xd0, 0x7f, 0xcc, 0x7e,
  0xd5, 0x82, 0x8e, 0x7c, 0x34, 0x86, 0x3f, 0x79, 0x3a, 0x86, 0x37, 0x79,
  0x35, 0x86, 0x32, 0x79, 0x2d, 0x83, 0x1a, 0x7b, 0x19, 0x82, 0x21, 0x7c,
  0x30, 0x8d, 0x43, 0x72, 0x4a, 0x95, 0x48, 0x67, 0x46, 0x93, 0x45, 0x6a,
  0x43, 0x92, 0x42, 0x6c, 0x41, 0x91, 0x3f, 0x6d, 0x3e, 0x90, 0x3d, 0x6f,
  0x3c, 0x8f, 0x3b, 0x71, 0x3a, 0x8d, 0x38, 0x72, 0x37, 0x8c, 0x35, 0x73,
  0x34, 0x8b, 0x33, 0x74, 0x32, 0x8b, 0x32, 0x75, 0x31, 0x8a, 0x30, 0x76,
  0x30, 0x89, 0x2f, 0x77, 0x2e, 0x88, 0x2f, 0x78, 0x2f, 0x87, 0x30, 0x79,
  0x30, 0x84, 0x30, 0x7b, 0x34, 0x84, 0x30, 0x7d, 0x59, 0x5d, 0xc4, 0x90,
  0xbe, 0x43, 0xc0, 0x9d, 0xc0, 0x47, 0xc0, 0x9b, 0xc0, 0x47, 0xc0, 0x9b,
  0xc0, 0x47, 0xc0, 0x9b, 0xc0, 0x46, 0xc0, 0x9b, 0xbe, 0x45, 0xc7, 0x9b,
  0x61, 0x72, 0x2a, 0x87, 0x30, 0x82, 0x2c, 0x7d, 0x29, 0x82, 0x27, 0x7d,
  0x26, 0x84, 0x24, 0x7b, 0x24, 0x84, 0x24, 0x7b, 0x24, 0x84, 0x25, 0x7b,
  0x25, 0x83, 0x25, 0x7c, 0x27, 0x81, 0x29, 0x7d, 0x2e, 0x7e, 0x27, 0x80,
  0x80, 0x53, 0xc8, 0x95, 0xbe, 0x43, 0xc0, 0x9c, 0xc0, 0x47, 0xc0, 0x9b,
  0xc0, 0x46, 0xbf, 0x9c, 0xbe, 0x49, 0xbb, 0x9a, 0x40, 0x77, 0x27, 0x84,
  0x27, 0x82, 0x24, 0x7d, 0x23, 0x83, 0x21, 0x7c, 0x20, 0x84, 0x20, 0x7a,
  0x20, 0x85, 0x20, 0x7a, 0x20, 0x85, 0x20, 0x7a, 0x20, 0x85, 0x20, 0x7a,
  0x20, 0x85, 0x1f, 0x7a, 0x20, 0x85, 0x20, 0x7a, 0x1f, 0x85, 0x1f, 0x7a,
  0x20, 0x84, 0x1f, 0x7a, 0x1f, 0x84, 0x1f, 0x7a, 0x1f, 0x85, 0x1f, 0x7a,
  0x1f, 0x84, 0x1e, 0x7a, 0x1f, 0x84, 0x1f, 0x7a, 0x1f, 0x84, 0x1f, 0x7a,
  0x1e, 0x84, 0x1f, 0x7a, 0x1f, 0x84, 0x1e, 0x7a, 0x1f, 0x84, 0x1e, 0x7a,
  0x1f, 0x84, 0x1e, 0x7a, 0x1e, 0x84, 0x1e, 0x7a, 0x1f, 0x84, 0x1f, 0x7a,
  0x1f, 0x84, 0x1e, 0x7a, 0x1e, 0x84, 0x1e, 0x7a, 0x1d, 0x84, 0x1e, 0x7b,
  0x1e, 0x84, 0x1e, 0x7b, 0x1e, 0x84, 0x1e, 0x7b, 0x1e, 0x84, 0x1e, 0x7a,
  0x1e, 0x84, 0x1e, 0x7b, 0x1e, 0x84, 0x1e, 0x7b, 0x1f, 0x85, 0x1e, 0x7a,
  0x1f, 0x85, 0x1e, 0x7b, 0x1f, 0x85, 0x1f, 0x7a, 0x1f, 0x85, 0x1f, 0x7a,
  0x1f, 0x85, 0x1f, 0x7a, 0x1f, 0x85, 0x1f, 0x7a, 0x1f, 0x85, 0x20, 0x7a,
  0x20, 0x85, 0x20, 0x7a, 0x1f, 0x85, 0x20, 0x7a, 0x20, 0x85, 0x20, 0x7a,
  0x20, 0x85, 0x20, 0x7a, 0x20, 0x86, 0x20, 0x7a, 0x20, 0x86, 0x20, 0x7a,
  0x20, 0x86, 0x20, 0x7a, 0x21, 0x86, 0x20, 0x7a, 0x20, 0x85, 0x21, 0x7a,
  0x21, 0x85, 0x20, 0x7a, 0x20, 0x86, 0x20, 0x7a, 0x20, 0x86, 0x21, 0x7a,
  0x21, 0x86, 0x21, 0x7a, 0x22, 0x86, 0x22, 0x7a, 0x22, 0x86, 0x22, 0x7a,
  0x22, 0x86, 0x22, 0x7a, 0x22, 0x86, 0x22, 0x7a, 0x22, 0x86, 0x23, 0x7a,
  0x24, 0x86, 0x24, 0x7a, 0x24, 0x86, 0x25, 0x7a, 0x25, 0x85, 0x25, 0x7a,
  0x25, 0x86, 0x26, 0x7b, 0x26, 0x85, 0x26, 0x7b, 0x26, 0x84, 0x27, 0x7b,
  0x28, 0x83, 0x29, 0x7c, 0x2a, 0x81, 0x2c, 0x7e, 0x2e, 0x80, 0x33, 0x7f,
  0x2f, 0x74, 0x59, 0x86, 0xc0, 0x47, 0xc5, 0x9b, 0xbd, 0x47, 0xbe, 0x9c,
  0xbf, 0x47, 0xbf, 0x9b, 0xc0, 0x47, 0xc0, 0x9b, 0xc0, 0x47, 0xbd, 0x9b,
  0xc1, 0x46, 0xc4, 0x9c, 0x67, 0x76, 0x35, 0x84, 0x3c, 0x87, 0x37, 0x7b,
  0x35, 0x87, 0x34, 0x79, 0x34, 0x89, 0x33, 0x76, 0x33, 0x8b, 0x34, 0x74,
  0x35, 0x8c, 0x36, 0x73, 0x37, 0x8e, 0x38, 0x72, 0x39, 0x8f, 0x3a, 0x71,
  0x3c, 0x90, 0x3d, 0x6e, 0x3f, 0x91, 0x41, 0x6d, 0x42, 0x92, 0x44, 0x6a,
  0x47, 0x93, 0x42, 0x68, 0x62, 0x97, 0x9d, 0x62, 0x74, 0x97, 0x70, 0x68,
  0x7c, 0x98, 0x86, 0x67, 0x79, 0x97, 0x65, 0x69, 0x55, 0x8e, 0x4a, 0x72,
  0x45, 0x88, 0x45, 0x77, 0x45, 0x87, 0x46, 0x78, 0x46, 0x87, 0x47, 0x78,
  0x48, 0x87, 0x48, 0x78, 0x49, 0x87, 0x48, 0x79, 0x48, 0x86, 0x47, 0x79,
  0x45, 0x86, 0x42, 0x79, 0x40, 0x86, 0x3c, 0x7a, 0x35, 0x84, 0x2f, 0x7a,
  0x25, 0x83, 0x5e, 0x7b, 0xa4, 0x82, 0xac, 0x7d, 0xbc, 0x80, 0xc8, 0x7e,
  0xcf, 0x7f, 0xd4, 0x7e, 0xd6, 0x7f, 0xd7, 0x7f, 0xd8, 0x7f, 0xd8, 0x7e,
  0xd7, 0x7f, 0xd7, 0x7e, 0xd7, 0x7f, 0xd8, 0x7e, 0xd8, 0x7f, 0xd9, 0x7e,
  0xd9, 0x7f, 0xda, 0x7e, 0xd9, 0x7f, 0xda, 0x7e, 0xd9, 0x7f, 0xda, 0x7e,
  0xda, 0x7f, 0xd9, 0x7e, 0xd9, 0x7f, 0xd9, 0x7e, 0xd8, 0x7f, 0xd8, 0x7e,
  0xd7, 0x7f, 0xd7, 0x7e, 0xd6, 0x7f, 0xd5, 0x7e, 0xd4, 0x7f, 0xd3, 0x7e,
  0xd1, 0x80, 0xce, 0x7e, 0xce, 0x81, 0xc3, 0x7d, 0x4d, 0x86, 0x3c, 0x79,
  0x3e, 0x86, 0x3b, 0x78, 0x38, 0x88, 0x39, 0x78, 0x40, 0x8a, 0x38, 0x76,
  0x24, 0x8a, 0x3c, 0x75, 0x4a, 0x96, 0x4d, 0x66, 0x49, 0x95, 0x49, 0x67,
  0x47, 0x93, 0x45, 0x6a, 0x44, 0x92, 0x42, 0x6c, 0x41, 0x91, 0x40, 0x6d,
  0x3f, 0x90, 0x3e, 0x6f, 0x3d, 0x8f, 0x3b, 0x71, 0x3a, 0x8e, 0x38, 0x72,
  0x37, 0x8c, 0x36, 0x72, 0x35, 0x8c, 0x34, 0x74, 0x33, 0x8b, 0x32, 0x75,
  0x31, 0x8a, 0x30, 0x76, 0x30, 0x89, 0x2f, 0x77, 0x2e, 0x88, 0x2f, 0x77,
  0x2f, 0x87, 0x30, 0x78, 0x2f, 0x84, 0x2f, 0x7b, 0x32, 0x86, 0x36, 0x7c,
  0x32, 0x6b, 0x98, 0x8a, 0xc9, 0x43, 0xbd, 0x9d, 0xc1, 0x47, 0xc0, 0x9b,
  0xc0, 0x46, 0xbf, 0x9c, 0xbf, 0x47, 0xbf, 0x9c, 0xbf, 0x44, 0xbd, 0x9c,
  0xc8, 0x4d, 0xa1, 0x98, 0x32, 0x7b, 0x30, 0x82, 0x2d, 0x81, 0x2b, 0x7e,
  0x29, 0x83, 0x26, 0x7c, 0x25, 0x84, 0x25, 0x7c, 0x24, 0x84, 0x24, 0x7b,
  0x24, 0x84, 0x25, 0x7b, 0x25, 0x83, 0x26, 0x7c, 0x28, 0x81, 0x2a, 0x7e,
  0x2e, 0x7a, 0x32, 0x82, 0xa7, 0x4d, 0xc5, 0x97, 0xbf, 0x44, 0xc0, 0x9c,
  0xc0, 0x47, 0xc0, 0x9b, 0xc0, 0x45, 0xbf, 0x9c, 0xc7, 0x4e, 0x9a, 0x98,
  0x2c, 0x7b, 0x2d, 0x82, 0x27, 0x81, 0x24, 0x7e, 0x22, 0x84, 0x21, 0x7c,
  0x20, 0x84, 0x20, 0x7b, 0x1f, 0x85, 0x20, 0x7a, 0x20, 0x85, 0x20, 0x7a,
  0x20, 0x85, 0x20, 0x7a, 0x20, 0x85, 0x1f, 0x7a, 0x20, 0x85, 0x1f, 0x7a,
  0x1f, 0x85, 0x20, 0x7a, 0x1f, 0x85, 0x1f, 0x7a, 0x1f, 0x84, 0x1f, 0x7a,
  0x1f, 0x85, 0x1f, 0x7a, 0x1f, 0x85, 0x1f, 0x7a, 0x1f, 0x85, 0x1f, 0x7a,
  0x1f, 0x85, 0x1e, 0x7a, 0x1e, 0x84, 0x1f, 0x7a, 0x1e, 0x84, 0x1e, 0x7b,
  0x1e, 0x84, 0x1e, 0x7a, 0x1e, 0x84, 0x1e, 0x7a, 0x1e, 0x84, 0x1e, 0x7b,
  0x1e, 0x85, 0x1e, 0x7b, 0x1e, 0x84, 0x1e, 0x7b, 0x1e, 0x84, 0x1e, 0x7b,
  0x1e, 0x85, 0x1e, 0x7a, 0x1e, 0x85, 0x1e, 0x7b, 0x1f, 0x85, 0x1f, 0x7a,
  0x1e, 0x85, 0x1f, 0x7a, 0x1f, 0x85, 0x1f, 0x7b, 0x1f, 0x85, 0x1f, 0x7b,
  0x1f, 0x85, 0x1f, 0x7a, 0x1f, 0x85, 0x1f, 0x7b, 0x1f, 0x85, 0x1f, 0x7a,
  0x20, 0x85, 0x1f, 0x7a, 0x1f, 0x85, 0x1f, 0x7a, 0x1f, 0x85, 0x1f, 0x7a,
  0x1f, 0x85, 0x1f, 0x7a, 0x20, 0x85, 0x20, 0x7a, 0x1f, 0x85, 0x20, 0x7a,
  0x20, 0x85, 0x20, 0x7a, 0x20, 0x85, 0x20, 0x7a, 0x20, 0x85, 0x20, 0x7a,
  0x20, 0x85, 0x20, 0x7a, 0x21, 0x85, 0x20, 0x7a, 0x20, 0x85, 0x21, 0x7a,
  0x21, 0x85, 0x21, 0x7a, 0x21, 0x85, 0x21, 0x7a, 0x21, 0x86, 0x21, 0x7a,
  0x21, 0x86, 0x21, 0x7a, 0x21, 0x86, 0x21, 0x7a, 0x22, 0x86, 0x22, 0x7a,
  0x22, 0x86, 0x23, 0x7a, 0x23, 0x86, 0x23, 0x7a, 0x23, 0x86, 0x23, 0x7a,
  0x23, 0x86, 0x23, 0x7a, 0x24, 0x86, 0x24, 0x7a, 0x24, 0x86, 0x24, 0x7a,
  0x25, 0x86, 0x25, 0x7a, 0x25, 0x86, 0x25, 0x7a, 0x25, 0x85, 0x25, 0x7a,
  0x26, 0x85, 0x27, 0x7b, 0x28, 0x83, 0x29, 0x7c, 0x2b, 0x80, 0x2d, 0x7e,
  0x30, 0x81, 0x30, 0x7f, 0x44, 0x61, 0xb7, 0x8f, 0xc4, 0x43, 0xbe, 0x9d,
  0xc0, 0x48, 0xc0, 0x9a, 0xc0, 0x47, 0xc0, 0x9b, 0xc0, 0x47, 0xc0, 0x9b,
  0xc0, 0x48, 0xbf, 0x9b, 0xbe, 0x43, 0xc2, 0x9d, 0xba, 0x63, 0x4a, 0x8e,
  0x38, 0x87, 0x39, 0x7b, 0x36, 0x86, 0x35, 0x7a, 0x33, 0x89, 0x33, 0x76,
  0x33, 0x8b, 0x34, 0x74, 0x35, 0x8c, 0x36, 0x73, 0x37, 0x8e, 0x38, 0x71,
  0x39, 0x8f, 0x3a, 0x70, 0x3c, 0x90, 0x3e, 0x6e, 0x3f, 0x91, 0x41, 0x6d,
  0x43, 0x93, 0x45, 0x6a, 0x48, 0x94, 0x41, 0x67, 0x81, 0x98, 0x8b, 0x63,
  0x6a, 0x97, 0x6f, 0x6a, 0x75, 0x97, 0x6c, 0x69, 0x5e, 0x91, 0x50, 0x70,
  0x47, 0x8a, 0x43, 0x76, 0x42, 0x87, 0x43, 0x78, 0x44, 0x87, 0x45, 0x78,
  0x46, 0x87, 0x46, 0x78, 0x46, 0x87, 0x47, 0x78, 0x47, 0x87, 0x47, 0x78,
  0x45, 0x86, 0x43, 0x79, 0x41, 0x86, 0x3f, 0x79, 0x3b, 0x85, 0x36, 0x7a,
  0x30, 0x84, 0x29, 0x7b, 0x31, 0x84, 0x7f, 0x7c, 0x9f, 0x82, 0xaf, 0x7d,
  0xbe, 0x80, 0xc9, 0x7e, 0xd0, 0x7f, 0xd5, 0x7e, 0xd7, 0x7f, 0xd8, 0x7e,
  0xd8, 0x7e, 0xd8, 0x7e, 0xd9, 0x7f, 0xd9, 0x7e, 0xd9, 0x7e, 0xd9, 0x7e,
  0xd9, 0x7e, 0xda, 0x7e, 0xda, 0x7e, 0xda, 0x7e, 0xda, 0x7e, 0xda, 0x7e,
  0xdb, 0x7e, 0xdb, 0x7e, 0xda, 0x7e, 0xda, 0x7e, 0xda, 0x7f, 0xda, 0x7f,
  0xd9, 0x7f, 0xd8, 0x7e, 0xd8, 0x7f, 0xd7, 0x7e, 0xd6, 0x7f, 0xd5, 0x7e,
  0xd4, 0x7f, 0xd3, 0x7e, 0xd1, 0x80, 0xd0, 0x7e, 0xcc, 0x80, 0xd5, 0x7e,
  0x83, 0x85, 0x37, 0x7a, 0x41, 0x87, 0x3c, 0x78, 0x3a, 0x88, 0x3e, 0x78,
  0x4d, 0x93, 0x69, 0x6e, 0x70, 0x99, 0x4f, 0x64, 0x4d, 0x97, 0x4c, 0x64,
  0x4a, 0x95, 0x49, 0x68, 0x47, 0x94, 0x46, 0x69, 0x44, 0x92, 0x43, 0x6b,
  0x41, 0x91, 0x40, 0x6d, 0x3f, 0x90, 0x3e, 0x6f, 0x3d, 0x8f, 0x3b, 0x70,
  0x3a, 0x8d, 0x39, 0x72, 0x37, 0x8d, 0x36, 0x73, 0x36, 0x8b, 0x35, 0x74,
  0x33, 0x8b, 0x32, 0x75, 0x32, 0x8a, 0x31, 0x76, 0x30, 0x89, 0x2f, 0x77,
  0x2f, 0x89, 0x2f, 0x77, 0x2f, 0x88, 0x2f, 0x78, 0x2f, 0x86, 0x2f, 0x7a,
  0x31, 0x84, 0x35, 0x7c, 0x32, 0x7b, 0x43, 0x82, 0xb2, 0x4a, 0xc9, 0x99,
  0xbd, 0x45, 0xbd, 0x9c, 0xbe, 0x47, 0xbf, 0x9c, 0xbf, 0x48, 0xbe, 0x9b,
  0xbc, 0x42, 0xc6, 0x9d, 0xb8, 0x5e, 0x48, 0x90, 0x2e, 0x81, 0x30, 0x7f,
  0x2c, 0x80, 0x29, 0x7f, 0x28, 0x84, 0x26, 0x7c, 0x25, 0x85, 0x25, 0x7b,
  0x24, 0x85, 0x24, 0x7b, 0x24, 0x85, 0x25, 0x7b, 0x26, 0x83, 0x27, 0x7d,
  0x29, 0x81, 0x2d, 0x7e, 0x2a, 0x76, 0x4a, 0x84, 0xbf, 0x49, 0xc0, 0x9a,
  0xc0, 0x46, 0xc0, 0x9c, 0xc0, 0x47, 0xc0, 0x9b, 0xc0, 0x43, 0xbe, 0x9d,
  0xc6, 0x58, 0x63, 0x93, 0x27, 0x7f, 0x2c, 0x80, 0x27, 0x80, 0x24, 0x7e,
  0x22, 0x83, 0x21, 0x7c, 0x20, 0x85, 0x20, 0x7b, 0x1f, 0x85, 0x20, 0x7a,
  0x20, 0x85, 0x1f, 0x7a, 0x1f, 0x85, 0x1f, 0x7a, 0x20, 0x85, 0x20, 0x7a,
  0x1f, 0x85, 0x1f, 0x7a, 0x1f, 0x85, 0x1f, 0x7a, 0x1f, 0x85, 0x1f, 0x7a,
  0x1f, 0x85, 0x1f, 0x7a, 0x1f, 0x85, 0x1f, 0x7a, 0x1f, 0x85, 0x1f, 0x7a,
  0x1f, 0x85, 0x1f, 0x7a, 0x1f, 0x85, 0x1f, 0x7a, 0x1f, 0x85, 0x1f, 0x7b,
  0x1f, 0x85, 0x1e, 0x7a, 0x1f, 0x85, 0x1e, 0x7a, 0x1f, 0x85, 0x1f, 0x7a,
  0x1e, 0x85, 0x1f, 0x7a, 0x1f, 0x85, 0x1f, 0x7b, 0x1f, 0x85, 0x1e, 0x7b,
  0x1e, 0x85, 0x1e, 0x7a, 0x1e, 0x85, 0x1e, 0x7a, 0x1e, 0x85, 0x1e, 0x7a,
  0x1e, 0x85, 0x1e, 0x7a, 0x1e, 0x85, 0x1e, 0x7b, 0x1e, 0x85, 0x1e, 0x7b,
  0x1e, 0x85, 0x1f, 0x7a, 0x1f, 0x85, 0x1e, 0x7a, 0x1f, 0x85, 0x1f, 0x7a,
  0x1f, 0x85, 0x1f, 0x7a, 0x1f, 0x85, 0x1f, 0x7a, 0x1f, 0x85, 0x1f, 0x7a,
  0x1f, 0x85, 0x1f, 0x7a, 0x1f, 0x85, 0x20, 0x7a, 0x20, 0x85, 0x20, 0x7a,
  0x20, 0x85, 0x20, 0x7a, 0x20, 0x85, 0x20, 0x7a, 0x20, 0x86, 0x20, 0x7a,
  0x20, 0x86, 0x20, 0x7a, 0x20, 0x86, 0x20, 0x7a, 0x21, 0x86, 0x21, 0x7a,
  0x20, 0x86, 0x20, 0x7a, 0x21, 0x86, 0x21, 0x7a, 0x21, 0x86, 0x21, 0x7a,
  0x21, 0x86, 0x22, 0x7a, 0x21, 0x86, 0x21, 0x7a, 0x22, 0x86, 0x22, 0x7a,
  0x23, 0x86, 0x23, 0x7a, 0x22, 0x86, 0x22, 0x7a, 0x23, 0x86, 0x23, 0x7a,
  0x22, 0x86, 0x23, 0x7a, 0x23, 0x86, 0x24, 0x7a, 0x24, 0x86, 0x25, 0x7a,
  0x25, 0x86, 0x24, 0x7a, 0x25, 0x86, 0x25, 0x7a, 0x25, 0x86, 0x25, 0x7a,
  0x26, 0x85, 0x25, 0x7a, 0x26, 0x85, 0x27, 0x7b, 0x28, 0x83, 0x29, 0x7d,
  0x2c, 0x81, 0x2e, 0x7e, 0x33, 0x7e, 0x2e, 0x80, 0x88, 0x53, 0xc9, 0x96,
  0xbd, 0x44, 0xc0, 0x9d, 0xc0, 0x48, 0xc1, 0x9b, 0xc0, 0x47, 0xc0, 0x9b,
  0xc0, 0x47, 0xc0, 0x9b, 0xc0, 0x48, 0xc0, 0x9b, 0xc0, 0x44, 0xbd, 0x9c,
  0xc8, 0x54, 0x8b, 0x95, 0x35, 0x84, 0x3c, 0x7d, 0x37, 0x87, 0x35, 0x7a,
  0x34, 0x89, 0x34, 0x77, 0x34, 0x8b, 0x36, 0x75, 0x36, 0x8c, 0x37, 0x73,
  0x37, 0x8e, 0x38, 0x71, 0x39, 0x8f, 0x3b, 0x70, 0x3d, 0x90, 0x3d, 0x6f,
  0x40, 0x91, 0x42, 0x6c, 0x43, 0x93, 0x46, 0x6a, 0x45, 0x95, 0x4e, 0x66,
  0x92, 0x99, 0x74, 0x64, 0x64, 0x96, 0x67, 0x6c, 0x62, 0x93, 0x57, 0x6e,
  0x4b, 0x8c, 0x43, 0x75, 0x40, 0x88, 0x40, 0x78, 0x41, 0x87, 0x41, 0x78,
  0x42, 0x87, 0x43, 0x79, 0x44, 0x87, 0x44, 0x79, 0x45, 0x87, 0x45, 0x79,
  0x45, 0x87, 0x44, 0x78, 0x42, 0x86, 0x40, 0x7a, 0x3e, 0x85, 0x3a, 0x7a,
  0x36, 0x84, 0x30, 0x7a, 0x2c, 0x84, 0x27, 0x7b, 0x55, 0x83, 0x90, 0x7c,
  0x9f, 0x82, 0xb3, 0x7d, 0xc1, 0x80, 0xca, 0x7e, 0xd2, 0x7f, 0xd5, 0x7e,
  0xd7, 0x7f, 0xd8, 0x7e, 0xd9, 0x7e, 0xd9, 0x7e, 0xd9, 0x7f, 0xd9, 0x7e,
  0xda, 0x7e, 0xda, 0x7e, 0xda, 0x7e, 0xdb, 0x7e, 0xdb, 0x7e, 0xdb, 0x7e,
  0xdb, 0x7e, 0xdb, 0x7e, 0xdb, 0x7e, 0xdb, 0x7e, 0xda, 0x7e, 0xda, 0x7e,
  0xda, 0x7e, 0xda, 0x7e, 0xd9, 0x7f, 0xd8, 0x7e, 0xd8, 0x7e, 0xd7, 0x7e,
  0xd6, 0x7f, 0xd5, 0x7e, 0xd4, 0x7f, 0xd4, 0x7e, 0xd3, 0x80, 0xd1, 0x7e,
  0xcd, 0x80, 0xd1, 0x7e, 0xc0, 0x84, 0x48, 0x7b, 0x3e, 0x87, 0x3d, 0x78,
  0x3b, 0x88, 0x3e, 0x79, 0x4e, 0x94, 0x6f, 0x6d, 0x97, 0x9a, 0x55, 0x61,
  0x4a, 0x96, 0x4c, 0x65, 0x4b, 0x95, 0x4a, 0x67, 0x48, 0x94, 0x46, 0x69,
  0x44, 0x93, 0x43, 0x6b, 0x41, 0x91, 0x40, 0x6d, 0x3f, 0x90, 0x3e, 0x6f,
  0x3d, 0x8f, 0x3b, 0x70, 0x3a, 0x8e, 0x38, 0x72, 0x38, 0x8d, 0x37, 0x73,
  0x36, 0x8c, 0x35, 0x74, 0x34, 0x8b, 0x33, 0x75, 0x32, 0x8a, 0x31, 0x76,
  0x30, 0x89, 0x2f, 0x77, 0x2f, 0x89, 0x2f, 0x78, 0x2f, 0x88, 0x2f, 0x78,
  0x2f, 0x86, 0x2f, 0x7a, 0x30, 0x83, 0x31, 0x7d, 0x35, 0x84, 0x30, 0x7e,
  0x47, 0x64, 0xa0, 0x8e, 0xc5, 0x41, 0xc5, 0x9f, 0xc3, 0x46, 0xc1, 0x9c,
  0xc3, 0x43, 0xc6, 0x9d, 0xc9, 0x49, 0xa9, 0x9a, 0x4b, 0x77, 0x2d, 0x84,
  0x31, 0x81, 0x2d, 0x7f, 0x2b, 0x81, 0x29, 0x7d, 0x27, 0x84, 0x26, 0x7c,
  0x25, 0x85, 0x24, 0x7b, 0x24, 0x85, 0x24, 0x7b, 0x24, 0x84, 0x25, 0x7b,
  0x26, 0x82, 0x28, 0x7d, 0x2a, 0x81, 0x2f, 0x7e, 0x28, 0x6f, 0x6d, 0x87,
  0xc9, 0x45, 0xbe, 0x9b, 0xc0, 0x47, 0xc1, 0x9b, 0xc0, 0x47, 0xc0, 0x9b,
  0xbf, 0x43, 0xc4, 0x9d, 0xab, 0x63, 0x35, 0x8e, 0x2e, 0x81, 0x2b, 0x7f,
  0x27, 0x81, 0x24, 0x7e, 0x22, 0x84, 0x21, 0x7c, 0x20, 0x85, 0x1f, 0x7b,
  0x1f, 0x85, 0x1f, 0x7a, 0x20, 0x85, 0x1f, 0x7a, 0x1f, 0x85, 0x20, 0x7a,
  0x1f, 0x85, 0x1f, 0x7a, 0x1f, 0x85, 0x1f, 0x7a, 0x1f, 0x85, 0x1f, 0x7a,
  0x1f, 0x85, 0x1f, 0x7a, 0x1f, 0x85, 0x1f, 0x7a, 0x1f, 0x85, 0x1f, 0x7a,
  0x1f, 0x85, 0x1f, 0x7a, 0x1f, 0x85, 0x1f, 0x7a, 0x1f, 0x85, 0x1e, 0x7a,
  0x1e, 0x85, 0x1e, 0x7a, 0x1e, 0x85, 0x1e, 0x7a, 0x1e, 0x85, 0x1e, 0x7a,
  0x1e, 0x85, 0x1f, 0x7a, 0x1e, 0x85, 0x1f, 0x7a, 0x1f, 0x85, 0x1e, 0x7a,
  0x1e, 0x84, 0x1e, 0x7a, 0x1e, 0x85, 0x1e, 0x7a, 0x1e, 0x84, 0x1e, 0x7a,
  0x1e, 0x84, 0x1e, 0x7a, 0x1f, 0x84, 0x1f, 0x7a, 0x1f, 0x84, 0x1f, 0x7a,
  0x1f, 0x84, 0x1f, 0x7a, 0x1f, 0x84, 0x1f, 0x7a, 0x1f, 0x85, 0x1f, 0x7a,
  0x1f, 0x84, 0x20, 0x7a, 0x1f, 0x84, 0x1f, 0x7a, 0x1f, 0x84, 0x1f, 0x7a,
  0x1f, 0x85, 0x1f, 0x7a, 0x1f, 0x85, 0x1f, 0x7a, 0x20, 0x85, 0x1f, 0x7a,
  0x20, 0x85, 0x20, 0x7a, 0x20, 0x85, 0x20, 0x7a, 0x20, 0x85, 0x20, 0x7a,
  0x20, 0x85, 0x20, 0x7a, 0x20, 0x86, 0x20, 0x7a, 0x20, 0x85, 0x20, 0x7a,
  0x21, 0x85, 0x20, 0x7a, 0x20, 0x85, 0x20, 0x7a, 0x20, 0x86, 0x21, 0x7a,
  0x21, 0x86, 0x21, 0x7a, 0x21, 0x86, 0x21, 0x7a, 0x21, 0x86, 0x21, 0x7a,
  0x22, 0x86, 0x22, 0x7a, 0x22, 0x86, 0x23, 0x7a, 0x22, 0x86, 0x23, 0x7a,
  0x23, 0x86, 0x23, 0x7a, 0x22, 0x86, 0x22, 0x7a, 0x23, 0x86, 0x23, 0x7a,
  0x24, 0x86, 0x24, 0x7a, 0x24, 0x86, 0x24, 0x7a, 0x25, 0x86, 0x25, 0x7a,
  0x25, 0x86, 0x24, 0x7a, 0x25, 0x85, 0x25, 0x7a, 0x26, 0x85, 0x27, 0x7b,
  0x28, 0x83, 0x2a, 0x7d, 0x2c, 0x81, 0x2f, 0x7e, 0x30, 0x78, 0x40, 0x83,
  0xb6, 0x4a, 0xc1, 0x99, 0xbf, 0x46, 0xc0, 0x9c, 0xc0, 0x48, 0xc0, 0x9b,
  0xc1, 0x47, 0xc0, 0x9b, 0xc0, 0x47, 0xc0, 0x9b, 0xc0, 0x47, 0xc0, 0x9b,
  0xc0, 0x46, 0xbf, 0x9c, 0xc1, 0x4c, 0xb5, 0x98, 0x45, 0x7e, 0x39, 0x80,
  0x38, 0x87, 0x36, 0x79, 0x35, 0x89, 0x35, 0x77, 0x35, 0x8b, 0x36, 0x74,
  0x36, 0x8c, 0x37, 0x72, 0x37, 0x8e, 0x38, 0x71, 0x39, 0x8f, 0x3b, 0x70,
  0x3d, 0x90, 0x3e, 0x6e, 0x40, 0x91, 0x41, 0x6c, 0x43, 0x92, 0x46, 0x6b,
  0x42, 0x96, 0x60, 0x65, 0x8c, 0x98, 0x66, 0x66, 0x5e, 0x93, 0x5a, 0x6e,
  0x50, 0x8e, 0x46, 0x72, 0x3f, 0x88, 0x3c, 0x77, 0x3e, 0x87, 0x3e, 0x78,
  0x3f, 0x87, 0x40, 0x78, 0x41, 0x87, 0x42, 0x78, 0x42, 0x87, 0x43, 0x78,
  0x43, 0x86, 0x43, 0x79, 0x42, 0x86, 0x40, 0x79, 0x3f, 0x86, 0x3c, 0x79,
  0x3a, 0x85, 0x35, 0x7a, 0x30, 0x84, 0x2c, 0x7a, 0x28, 0x83, 0x33, 0x7b,
  0x78, 0x83, 0x94, 0x7d, 0xa5, 0x81, 0xb7, 0x7e, 0xc3, 0x80, 0xcc, 0x7e,
  0xd2, 0x7f, 0xd6, 0x7e, 0xd7, 0x7f, 0xd8, 0x7e, 0xda, 0x7f, 0xd9, 0x7e,
  0xda, 0x7f, 0xda, 0x7e, 0xda, 0x7f, 0xda, 0x7e, 0xda, 0x7e, 0xdb, 0x7e,
  0xdb, 0x7e, 0xdc, 0x7e, 0xdb, 0x7e, 0xdb, 0x7e, 0xdb, 0x7e, 0xdb, 0x7e,
  0xda, 0x7f, 0xda, 0x7e, 0xda, 0x7f, 0xda, 0x7e, 0xda, 0x7f, 0xd9, 0x7e,
  0xd8, 0x7f, 0xd7, 0x7e, 0xd6, 0x7f, 0xd5, 0x7e, 0xd4, 0x7f, 0xd4, 0x7e,
  0xd2, 0x7f, 0xd2, 0x7e, 0xd4, 0x7f, 0xcc, 0x7e, 0xd6, 0x82, 0x7b, 0x7c,
  0x38, 0x87, 0x40, 0x78, 0x3d, 0x88, 0x40, 0x78, 0x4f, 0x93, 0x69, 0x6d,
  0x9a, 0x99, 0x6b, 0x61, 0x45, 0x96, 0x4d, 0x65, 0x4a, 0x95, 0x4a, 0x67,
  0x49, 0x94, 0x47, 0x69, 0x45, 0x93, 0x43, 0x6b, 0x41, 0x91, 0x40, 0x6d,
  0x40, 0x90, 0x3e, 0x6f, 0x3d, 0x8f, 0x3c, 0x70, 0x3a, 0x8e, 0x39, 0x71,
  0x37, 0x8d, 0x37, 0x72, 0x36, 0x8c, 0x35, 0x73, 0x34, 0x8b, 0x33, 0x75,
  0x32, 0x8a, 0x31, 0x75, 0x31, 0x89, 0x2f, 0x76, 0x2f, 0x88, 0x2f, 0x77,
  0x2e, 0x88, 0x2e, 0x78, 0x2e, 0x87, 0x2e, 0x79, 0x2f, 0x85, 0x30, 0x7b,
  0x31, 0x82, 0x34, 0x7d, 0x30, 0x80, 0x34, 0x80, 0x66, 0x60, 0x99, 0x8f,
  0xb2, 0x49, 0xba, 0x9a, 0xb5, 0x4d, 0xa0, 0x98, 0x72, 0x6f, 0x37, 0x88,
  0x2d, 0x80, 0x32, 0x80, 0x2d, 0x80, 0x2c, 0x7e, 0x2a, 0x82, 0x28, 0x7c,
  0x27, 0x84, 0x26, 0x7c, 0x25, 0x85, 0x24, 0x7b, 0x24, 0x85, 0x24, 0x7b,
  0x24, 0x84, 0x25, 0x7b, 0x26, 0x81, 0x29, 0x7d, 0x2b, 0x81, 0x30, 0x7e,
  0x2b, 0x69, 0x91, 0x8a, 0xc8, 0x43, 0xbe, 0x9c, 0xc0, 0x47, 0xc0, 0x9b,
  0xc0, 0x47, 0xc0, 0x9b, 0xbe, 0x45, 0xc9, 0x9c, 0x72, 0x6e, 0x28, 0x88,
  0x2f, 0x80, 0x29, 0x7f, 0x26, 0x81, 0x24, 0x7d, 0x22, 0x83, 0x21, 0x7c,
  0x20, 0x84, 0x20, 0x7b, 0x1f, 0x85, 0x20, 0x7a, 0x20, 0x85, 0x20, 0x7a,
  0x20, 0x85, 0x20, 0x7a, 0x1f, 0x85, 0x1f, 0x7a, 0x1f, 0x85, 0x1f, 0x7a,
  0x1f, 0x85, 0x1f, 0x7a, 0x1f, 0x85, 0x1f, 0x7a, 0x1f, 0x85, 0x20, 0x7a,
  0x1f, 0x84, 0x1f, 0x7a, 0x20, 0x85, 0x1f, 0x7a, 0x1f, 0x85, 0x1f, 0x7a,
  0x1f, 0x85, 0x1f, 0x7a, 0x1f, 0x84, 0x1f, 0x7a, 0x1f, 0x84, 0x1f, 0x7a,
  0x1f, 0x84, 0x1f, 0x7a, 0x1f, 0x84, 0x1e, 0x7a, 0x1f, 0x84, 0x1f, 0x7a,
  0x1f, 0x84, 0x1f, 0x7a, 0x1f, 0x84, 0x1f, 0x7a, 0x1f, 0x84, 0x1f, 0x7a,
  0x1e, 0x85, 0x1e, 0x7a, 0x1e, 0x85, 0x1e, 0x7a, 0x1f, 0x85, 0x1e, 0x7a,
  0x1f, 0x85, 0x1f, 0x7a, 0x1f, 0x85, 0x1f, 0x7b, 0x1f, 0x85, 0x1f, 0x7a,
  0x1f, 0x85, 0x1f, 0x7a, 0x1f, 0x85, 0x1f, 0x7a, 0x1f, 0x85, 0x1f, 0x7a,
  0x1f, 0x85, 0x1f, 0x7a, 0x1f, 0x85, 0x1f, 0x7a, 0x1f, 0x85, 0x1f, 0x7a,
  0x1f, 0x85, 0x20, 0x7a, 0x20, 0x85, 0x20, 0x7a, 0x20, 0x85, 0x20, 0x7a,
  0x20, 0x85, 0x20, 0x7a, 0x20, 0x85, 0x20, 0x7a, 0x20, 0x86, 0x20, 0x7a,
  0x20, 0x85, 0x21, 0x7a, 0x20, 0x85, 0x21, 0x7a, 0x21, 0x85, 0x21, 0x7a,
  0x21, 0x86, 0x21, 0x7a, 0x21, 0x86, 0x21, 0x7a, 0x21, 0x86, 0x21, 0x7a,
  0x22, 0x86, 0x22, 0x7a, 0x22, 0x86, 0x22, 0x7a, 0x22, 0x86, 0x22, 0x7a,
  0x22, 0x86, 0x22, 0x7a, 0x22, 0x86, 0x22, 0x7a, 0x22, 0x86, 0x22, 0x7a,
  0x23, 0x86, 0x23, 0x7a, 0x24, 0x86, 0x24, 0x7a, 0x24, 0x86, 0x24, 0x7a,
  0x24, 0x86, 0x24, 0x7a, 0x24, 0x86, 0x24, 0x7a, 0x25, 0x85, 0x26, 0x7a,
  0x26, 0x85, 0x26, 0x7b, 0x28, 0x83, 0x2a, 0x7c, 0x2c, 0x82, 0x31, 0x7e,
  0x2c, 0x74, 0x58, 0x85, 0xc3, 0x47, 0xbf, 0x9a, 0xc0, 0x47, 0xc0, 0x9b,
  0xc0, 0x47, 0xc0, 0x9b, 0xc0, 0x47, 0xc0, 0x9b, 0xc0, 0x47, 0xc0, 0x9b,
  0xc0, 0x47, 0xc0, 0x9b, 0xc0, 0x47, 0xc0, 0x9c, 0xbf, 0x49, 0xc2, 0x9a,
  0x5a, 0x7a, 0x35, 0x82, 0x39, 0x88, 0x36, 0x79, 0x35, 0x89, 0x35, 0x77,
  0x35, 0x8b, 0x35, 0x74, 0x36, 0x8c, 0x37, 0x72, 0x37, 0x8e, 0x39, 0x71,
  0x3a, 0x8f, 0x3c, 0x70, 0x3d, 0x90, 0x3e, 0x6f, 0x40, 0x91, 0x42, 0x6c,
  0x43, 0x92, 0x45, 0x6b, 0x40, 0x96, 0x72, 0x65, 0x7e, 0x97, 0x5b, 0x69,
  0x56, 0x90, 0x4d, 0x71, 0x44, 0x8a, 0x3c, 0x75, 0x3a, 0x87, 0x3a, 0x78,
  0x3c, 0x87, 0x3d, 0x78, 0x3e, 0x87, 0x3f, 0x79, 0x40, 0x87, 0x40, 0x79,
  0x40, 0x87, 0x40, 0x79, 0x40, 0x87, 0x3f, 0x79, 0x3e, 0x86, 0x3c, 0x7a,
  0x3a, 0x85, 0x38, 0x7a, 0x35, 0x85, 0x30, 0x7a, 0x2c, 0x84, 0x28, 0x7b,
  0x28, 0x84, 0x56, 0x7c, 0x87, 0x83, 0x96, 0x7d, 0xac, 0x81, 0xbc, 0x7d,
  0xc6, 0x80, 0xcd, 0x7e, 0xd3, 0x80, 0xd6, 0x7e, 0xd8, 0x7f, 0xd8, 0x7e,
  0xd9, 0x7f, 0xda, 0x7f, 0xda, 0x7f, 0xda, 0x7e, 0xda, 0x7f, 0xda, 0x7e,
  0xda, 0x7f, 0xdb, 0x7f, 0xdb, 0x7f, 0xdc, 0x7f, 0xdc, 0x7f, 0xdc, 0x7f,
  0xdb, 0x7f, 0xdb, 0x7e, 0xda, 0x7f, 0xda, 0x7f, 0xda, 0x7f, 0xd9, 0x7e,
  0xd9, 0x7f, 0xd8, 0x7f, 0xd8, 0x7f, 0xd7, 0x7f, 0xd6, 0x80, 0xd5, 0x7e,
  0xd5, 0x7f, 0xd3, 0x7f, 0xd8, 0x81, 0xbd, 0x7d, 0x83, 0x83, 0xc5, 0x7c,
  0xcc, 0x82, 0xaa, 0x7d, 0x3a, 0x87, 0x3e, 0x79, 0x3e, 0x88, 0x40, 0x77,
  0x4c, 0x92, 0x62, 0x6f, 0x92, 0x9a, 0x84, 0x61, 0x45, 0x96, 0x4d, 0x65,
  0x4b, 0x95, 0x4a, 0x68, 0x49, 0x94, 0x47, 0x69, 0x46, 0x92, 0x44, 0x6b,
  0x42, 0x91, 0x41, 0x6d, 0x40, 0x90, 0x3f, 0x6e, 0x3d, 0x8f, 0x3c, 0x6f,
  0x3b, 0x8e, 0x3a, 0x71, 0x38, 0x8d, 0x37, 0x72, 0x36, 0x8c, 0x35, 0x73,
  0x34, 0x8b, 0x33, 0x74, 0x32, 0x8a, 0x31, 0x75, 0x31, 0x89, 0x30, 0x76,
  0x30, 0x89, 0x2f, 0x77, 0x2e, 0x88, 0x2d, 0x77, 0x2e, 0x88, 0x2d, 0x79,
  0x2e, 0x86, 0x2e, 0x7a, 0x2f, 0x83, 0x2f, 0x7d, 0x32, 0x81, 0x33, 0x7f,
  0x2d, 0x80, 0x31, 0x80, 0x3d, 0x79, 0x44, 0x83, 0x40, 0x7c, 0x33, 0x82,
  0x2c, 0x80, 0x31, 0x80, 0x31, 0x7f, 0x2e, 0x80, 0x2c, 0x82, 0x2a, 0x7e,
  0x29, 0x84, 0x27, 0x7c, 0x26, 0x85, 0x25, 0x7b, 0x25, 0x85, 0x24, 0x7a,
  0x24, 0x85, 0x24, 0x7a, 0x24, 0x84, 0x25, 0x7b, 0x27, 0x81, 0x29, 0x7d,
  0x2d, 0x81, 0x2e, 0x7e, 0x38, 0x62, 0xb0, 0x8e, 0xc3, 0x43, 0xbf, 0x9d,
  0xc0, 0x47, 0xc0, 0x9b, 0xc0, 0x45, 0xbf, 0x9c, 0xc3, 0x4b, 0xb2, 0x99,
  0x3a, 0x77, 0x2e, 0x84, 0x2c, 0x80, 0x28, 0x7f, 0x24, 0x83, 0x23, 0x7d,
  0x22, 0x84, 0x21, 0x7b, 0x20, 0x85, 0x20, 0x7b, 0x1f, 0x85, 0x1f, 0x7a,
  0x20, 0x85, 0x20, 0x7a, 0x1f, 0x85, 0x1f, 0x7a, 0x1f, 0x85, 0x1f, 0x7a,
  0x1f, 0x85, 0x1f, 0x7a, 0x1f, 0x85, 0x1f, 0x7a, 0x1f, 0x85, 0x1f, 0x7a,
  0x1f, 0x85, 0x1f, 0x7a, 0x1f, 0x85, 0x1f, 0x7a, 0x1f, 0x85, 0x1f, 0x7a,
  0x1f, 0x85, 0x1f, 0x7a, 0x1f, 0x85, 0x1f, 0x7a, 0x1f, 0x85, 0x1f, 0x7a,
  0x1f, 0x85, 0x1f, 0x7b, 0x1f, 0x85, 0x1f, 0x7a, 0x1f, 0x85, 0x1f, 0x7a,
  0x1f, 0x85, 0x1f, 0x7a, 0x1f, 0x85, 0x1f, 0x7a, 0x1e, 0x85, 0x1e, 0x7a,
  0x1e, 0x85, 0x1e, 0x7b, 0x1e, 0x85, 0x1e, 0x7a, 0x1e, 0x85, 0x1e, 0x7a,
  0x1e, 0x85, 0x1f, 0x7a, 0x1f, 0x85, 0x1f, 0x7a, 0x1f, 0x85, 0x1f, 0x7a,
  0x1e, 0x85, 0x1e, 0x7a, 0x1f, 0x85, 0x1f, 0x7a, 0x1f, 0x85, 0x1f, 0x7a,
  0x1f, 0x85, 0x1f, 0x7a, 0x1f, 0x85, 0x1f, 0x7a, 0x1f, 0x85, 0x1f, 0x7a,
  0x1f, 0x85, 0x1f, 0x7a, 0x1f, 0x85, 0x20, 0x7a, 0x20, 0x85, 0x20, 0x7a,
  0x20, 0x85, 0x20, 0x7a, 0x20, 0x85, 0x20, 0x7a, 0x20, 0x86, 0x20, 0x7a,
  0x20, 0x86, 0x20, 0x7a, 0x20, 0x86, 0x20, 0x7a, 0x21, 0x86, 0x21, 0x7a,
  0x21, 0x86, 0x21, 0x7a, 0x21, 0x86, 0x21, 0x7a, 0x21, 0x86, 0x21, 0x7a,
  0x21, 0x86, 0x21, 0x7a, 0x22, 0x86, 0x22, 0x7a, 0x22, 0x86, 0x22, 0x7a,
  0x22, 0x86, 0x22, 0x7a, 0x22, 0x86, 0x22, 0x7a, 0x22, 0x86, 0x22, 0x7a,
  0x22, 0x86, 0x22, 0x7a, 0x23, 0x86, 0x24, 0x7a, 0x23, 0x86, 0x24, 0x7a,
  0x24, 0x86, 0x24, 0x7a, 0x25, 0x86, 0x25, 0x79, 0x24, 0x86, 0x25, 0x7a,
  0x25, 0x86, 0x26, 0x7a, 0x26, 0x85, 0x27, 0x7b, 0x28, 0x82, 0x2a, 0x7d,
  0x2c, 0x82, 0x31, 0x7e, 0x2a, 0x71, 0x69, 0x87, 0xc7, 0x46, 0xbe, 0x9c,
  0xc1, 0x47, 0xc1, 0x9b, 0xc1, 0x47, 0xc1, 0x9b, 0xc0, 0x47, 0xc0, 0x9c,
  0xc1, 0x47, 0xc0, 0x9b, 0xc0, 0x47, 0xc0, 0x9c, 0xc0, 0x47, 0xc0, 0x9b,
  0xbf, 0x47, 0xc7, 0x9b, 0x69, 0x77, 0x33, 0x83, 0x39, 0x89, 0x37, 0x79,
  0x35, 0x89, 0x35, 0x77, 0x35, 0x8b, 0x35, 0x74, 0x35, 0x8d, 0x37, 0x73,
  0x38, 0x8e, 0x39, 0x71, 0x3a, 0x8f, 0x3c, 0x70, 0x3d, 0x90, 0x3e, 0x6e,
  0x41, 0x91, 0x42, 0x6c, 0x43, 0x92, 0x45, 0x6b, 0x43, 0x97, 0x79, 0x65,
  0x6e, 0x95, 0x52, 0x6c, 0x4b, 0x8d, 0x42, 0x73, 0x3c, 0x89, 0x38, 0x77,
  0x39, 0x87, 0x39, 0x78, 0x3a, 0x87, 0x3b, 0x78, 0x3c, 0x87, 0x3d, 0x79,
  0x3e, 0x86, 0x3e, 0x79, 0x3e, 0x86, 0x3d, 0x79, 0x3d, 0x86, 0x3c, 0x79,
  0x3b, 0x86, 0x39, 0x79, 0x37, 0x85, 0x34, 0x7a, 0x30, 0x84, 0x2b, 0x7b,
  0x28, 0x83, 0x25, 0x7b, 0x38, 0x84, 0x75, 0x7c, 0x89, 0x83, 0x9d, 0x7d,
  0xb1, 0x81, 0xc0, 0x7e, 0xc9, 0x80, 0xcf, 0x7e, 0xd3, 0x7f, 0xd6, 0x7e,
  0xd8, 0x7f, 0xd8, 0x7e, 0xd9, 0x7f, 0xd9, 0x7e, 0xda, 0x7f, 0xda, 0x7e,
  0xda, 0x7f, 0xda, 0x7f, 0xdb, 0x7f, 0xdb, 0x7e, 0xdc, 0x7f, 0xdc, 0x7e,
  0xdb, 0x7f, 0xdb, 0x7f, 0xdb, 0x7f, 0xda, 0x7f, 0xda, 0x7f, 0xda, 0x7f,
  0xda, 0x7f, 0xd9, 0x7e, 0xd8, 0x7f, 0xd8, 0x7e, 0xd8, 0x7f, 0xd7, 0x7f,
  0xd6, 0x7f, 0xd6, 0x7e, 0xd4, 0x7f, 0xd2, 0x7e, 0xda, 0x81, 0xac, 0x7d,
  0x48, 0x87, 0x87, 0x78, 0xce, 0x81, 0xc9, 0x7e, 0x62, 0x86, 0x38, 0x79,
  0x40, 0x88, 0x3e, 0x78, 0x46, 0x91, 0x5b, 0x71, 0x84, 0x9b, 0x98, 0x61,
  0x4e, 0x97, 0x4c, 0x64, 0x4b, 0x95, 0x4a, 0x67, 0x49, 0x94, 0x48, 0x69,
  0x46, 0x92, 0x44, 0x6b, 0x43, 0x91, 0x42, 0x6d, 0x40, 0x90, 0x3f, 0x6e,
  0x3e, 0x8f, 0x3d, 0x70, 0x3b, 0x8e, 0x3a, 0x72, 0x38, 0x8d, 0x37, 0x72,
  0x36, 0x8c, 0x35, 0x74, 0x34, 0x8b, 0x33, 0x74, 0x33, 0x8a, 0x31, 0x75,
  0x30, 0x89, 0x2f, 0x77, 0x30, 0x89, 0x2f, 0x77, 0x2e, 0x88, 0x2d, 0x77,
  0x2d, 0x88, 0x2d, 0x78, 0x2d, 0x86, 0x2d, 0x7a, 0x2d, 0x84, 0x2e, 0x7c,
  0x2e, 0x82, 0x31, 0x7e, 0x33, 0x7f, 0x33, 0x7f, 0x31, 0x80, 0x2f, 0x7f,
  0x2f, 0x7f, 0x32, 0x80, 0x32, 0x7f, 0x2f, 0x7f, 0x2d, 0x81, 0x2c, 0x7e,
  0x2a, 0x83, 0x29, 0x7d, 0x28, 0x84, 0x26, 0x7c, 0x26, 0x85, 0x25, 0x7b,
  0x25, 0x85, 0x24, 0x7a, 0x24, 0x85, 0x24, 0x7b, 0x25, 0x84, 0x26, 0x7b,
  0x27, 0x81, 0x2a, 0x7d, 0x2e, 0x80, 0x2b, 0x7f, 0x53, 0x5b, 0xc3, 0x91,
  0xc0, 0x43, 0xc0, 0x9d, 0xc0, 0x47, 0xc0, 0x9b, 0xc0, 0x43, 0xbe, 0x9d,
  0xca, 0x54, 0x7a, 0x95, 0x28, 0x7d, 0x30, 0x81, 0x29, 0x80, 0x26, 0x7f,
  0x24, 0x83, 0x23, 0x7c, 0x22, 0x84, 0x21, 0x7b, 0x20, 0x85, 0x20, 0x7a,
  0x20, 0x85, 0x20, 0x7a, 0x1f, 0x85, 0x20, 0x7a, 0x1f, 0x85, 0x20, 0x7a,
  0x1f, 0x85, 0x1f, 0x7a, 0x1f, 0x85, 0x1f, 0x7a, 0x1f, 0x85, 0x1f, 0x7a,
  0x1f, 0x85, 0x1f, 0x7a, 0x1f, 0x85, 0x1f, 0x7a, 0x1f, 0x85, 0x1f, 0x7a,
  0x1e, 0x85, 0x1f, 0x7a, 0x1e, 0x85, 0x1e, 0x7a, 0x1f, 0x85, 0x1f, 0x7a,
  0x1e, 0x85, 0x1e, 0x7a, 0x1f, 0x85, 0x1f, 0x7a, 0x1f, 0x85, 0x1f, 0x7a,
  0x1f, 0x85, 0x1e, 0x7a, 0x1f, 0x85, 0x1f, 0x7a, 0x1f, 0x85, 0x1f, 0x7a,
  0x1e, 0x85, 0x1f, 0x7a, 0x1f, 0x85, 0x1e, 0x7a, 0x1e, 0x85, 0x1e, 0x7a,
  0x1e, 0x85, 0x1e, 0x7a, 0x1f, 0x85, 0x1e, 0x7a, 0x1f, 0x85, 0x1f, 0x7a,
  0x1f, 0x85, 0x1f, 0x7a, 0x1f, 0x85, 0x1f, 0x7a, 0x1f, 0x85, 0x1f, 0x7a,
  0x1f, 0x85, 0x1f, 0x7a, 0x1f, 0x85, 0x1f, 0x7a, 0x1f, 0x85, 0x1f, 0x7a,
  0x1f, 0x85, 0x1f, 0x7a, 0x1f, 0x85, 0x1f, 0x7a, 0x1f, 0x85, 0x1f, 0x7a,
  0x1f, 0x85, 0x20, 0x7a, 0x20, 0x85, 0x20, 0x7a, 0x20, 0x86, 0x20, 0x7a,
  0x20, 0x86, 0x20, 0x7a, 0x20, 0x86, 0x20, 0x7a, 0x20, 0x86, 0x20, 0x7a,
  0x21, 0x86, 0x20, 0x7a, 0x21, 0x86, 0x21, 0x7a, 0x21, 0x86, 0x21, 0x7a,
  0x21, 0x86, 0x21, 0x7a, 0x21, 0x86, 0x21, 0x7a, 0x21, 0x86, 0x21, 0x7a,
  0x21, 0x86, 0x22, 0x7a, 0x22, 0x86, 0x22, 0x7a, 0x22, 0x86, 0x22, 0x7a,
  0x22, 0x86, 0x22, 0x7a, 0x22, 0x86, 0x22, 0x7a, 0x22, 0x86, 0x23, 0x79,
  0x24, 0x86, 0x24, 0x7a, 0x24, 0x86, 0x24, 0x7a, 0x24, 0x86, 0x24, 0x7a,
  0x24, 0x86, 0x25, 0x7a, 0x25, 0x86, 0x26, 0x7a, 0x26, 0x85, 0x27, 0x7b,
  0x28, 0x83, 0x2a, 0x7d, 0x2c, 0x82, 0x31, 0x7d, 0x2b, 0x71, 0x6a, 0x86,
  0xc8, 0x45, 0xbe, 0x9b, 0xc0, 0x46, 0xc0, 0x9b, 0xc0, 0x47, 0xc0, 0x9b,
  0xc0, 0x47, 0xc0, 0x9b, 0xc0, 0x47, 0xc0, 0x9b, 0xc0, 0x47, 0xc0, 0x9b,
  0xc0, 0x47, 0xc0, 0x9b, 0xbe, 0x46, 0xc6, 0x9b, 0x67, 0x76, 0x32, 0x83,
  0x3a, 0x89, 0x37, 0x79, 0x35, 0x89, 0x35, 0x76, 0x35, 0x8b, 0x35, 0x75,
  0x36, 0x8d, 0x37, 0x72, 0x38, 0x8e, 0x39, 0x71, 0x3a, 0x8f, 0x3b, 0x6f,
  0x3c, 0x90, 0x3f, 0x6e, 0x40, 0x91, 0x42, 0x6c, 0x43, 0x92, 0x45, 0x6a,
  0x48, 0x97, 0x79, 0x65, 0x5f, 0x94, 0x48, 0x6e, 0x41, 0x8a, 0x3a, 0x76,
  0x37, 0x88, 0x36, 0x78, 0x36, 0x87, 0x36, 0x79, 0x37, 0x87, 0x38, 0x79,
  0x39, 0x87, 0x3b, 0x79, 0x3b, 0x87, 0x3b, 0x79, 0x3b, 0x86, 0x3b, 0x79,
  0x3a, 0x86, 0x38, 0x79, 0x36, 0x85, 0x34, 0x7a, 0x32, 0x85, 0x2f, 0x7a,
  0x2c, 0x84, 0x28, 0x7b, 0x27, 0x84, 0x2c, 0x7b, 0x5b, 0x85, 0x7e, 0x7c,
  0x8e, 0x83, 0xa5, 0x7d, 0xb8, 0x81, 0xc4, 0x7e, 0xcc, 0x80, 0xd1, 0x7e,
  0xd4, 0x80, 0xd6, 0x7e, 0xd7, 0x7f, 0xd8, 0x7f, 0xd8, 0x7f, 0xd9, 0x7f,
  0xd9, 0x7f, 0xda, 0x7e, 0xdb, 0x7f, 0xdb, 0x7e, 0xdb, 0x7f, 0xdb, 0x7f,
  0xdb, 0x7f, 0xdb, 0x7f, 0xdb, 0x7f, 0xdb, 0x7f, 0xdb, 0x7f, 0xda, 0x7f,
  0xda, 0x7f, 0xda, 0x7f, 0xd9, 0x7f, 0xd9, 0x7f, 0xd8, 0x7f, 0xd8, 0x7e,
  0xd7, 0x7f, 0xd6, 0x7f, 0xd6, 0x80, 0xd5, 0x7f, 0xd5, 0x80, 0xd2, 0x7f,
  0xd6, 0x81, 0xbb, 0x7d, 0x5e, 0x89, 0x55, 0x77, 0xa9, 0x82, 0xd4, 0x7c,
  0x96, 0x85, 0x36, 0x7a, 0x3f, 0x88, 0x3c, 0x78, 0x42, 0x8f, 0x55, 0x73,
  0x77, 0x9a, 0xa1, 0x62, 0x60, 0x97, 0x48, 0x63, 0x4c, 0x95, 0x4a, 0x68,
  0x49, 0x94, 0x48, 0x69, 0x46, 0x92, 0x44, 0x6b, 0x42, 0x91, 0x41, 0x6d,
  0x40, 0x90, 0x3f, 0x6f, 0x3d, 0x8f, 0x3c, 0x70, 0x3b, 0x8e, 0x3a, 0x71,
  0x38, 0x8d, 0x37, 0x72, 0x36, 0x8c, 0x35, 0x74, 0x34, 0x8c, 0x34, 0x74,
  0x32, 0x8a, 0x31, 0x75, 0x31, 0x8a, 0x30, 0x76, 0x2f, 0x89, 0x2f, 0x77,
  0x2e, 0x89, 0x2d, 0x77, 0x2d, 0x88, 0x2d, 0x78, 0x2c, 0x87, 0x2c, 0x79,
  0x2c, 0x85, 0x2c, 0x7b, 0x2d, 0x84, 0x2e, 0x7d, 0x2e, 0x82, 0x2f, 0x7e,
  0x2f, 0x81, 0x2f, 0x7e, 0x2f, 0x81, 0x2e, 0x7e, 0x2d, 0x81, 0x2c, 0x7e,
  0x2a, 0x83, 0x2a, 0x7d, 0x29, 0x84, 0x28, 0x7c, 0x27, 0x85, 0x26, 0x7b,
  0x25, 0x85, 0x25, 0x7a, 0x25, 0x86, 0x24, 0x7a, 0x24, 0x85, 0x24, 0x7b,
  0x25, 0x84, 0x26, 0x7b, 0x28, 0x81, 0x2a, 0x7d, 0x30, 0x7e, 0x29, 0x80,
  0x76, 0x55, 0xc9, 0x94, 0xbe, 0x44, 0xc0, 0x9d, 0xc0, 0x47, 0xc0, 0x9b,
  0xbf, 0x42, 0xc1, 0x9d, 0xb8, 0x5f, 0x40, 0x90, 0x2d, 0x80, 0x2c, 0x80,
  0x28, 0x80, 0x25, 0x7f, 0x23, 0x83, 0x22, 0x7c, 0x22, 0x84, 0x21, 0x7b,
  0x20, 0x86, 0x20, 0x7a, 0x20, 0x85, 0x1f, 0x7a, 0x1f, 0x85, 0x1f, 0x7a,
  0x1f, 0x85, 0x20, 0x7a, 0x1f, 0x85, 0x1f, 0x7a, 0x20, 0x85, 0x1f, 0x7a,
  0x1f, 0x85, 0x1f, 0x7a, 0x1f, 0x85, 0x1f, 0x7a, 0x1f, 0x85, 0x1f, 0x7a,
  0x1f, 0x85, 0x1f, 0x7a, 0x1f, 0x85, 0x1e, 0x7a, 0x1e, 0x85, 0x1e, 0x7a,
  0x1f, 0x85, 0x1e, 0x7a, 0x1f, 0x85, 0x1f, 0x7a, 0x1f, 0x85, 0x1f, 0x7a,
  0x1f, 0x85, 0x1f, 0x7a, 0x1f, 0x85, 0x1e, 0x7a, 0x1f, 0x85, 0x1f, 0x7a,
  0x1e, 0x85, 0x1e, 0x7a, 0x1e, 0x85, 0x1e, 0x7a, 0x1e, 0x85, 0x1e, 0x7a,
  0x1e, 0x85, 0x1e, 0x7a, 0x1e, 0x85, 0x1e, 0x7a, 0x1e, 0x85, 0x1e, 0x7a,
  0x1e, 0x85, 0x1e, 0x7a, 0x1f, 0x85, 0x1f, 0x7a, 0x1f, 0x85, 0x1f, 0x7a,
  0x1f, 0x85, 0x1f, 0x7a, 0x1f, 0x85, 0x1f, 0x7a, 0x1f, 0x85, 0x1f, 0x7a,
  0x1f, 0x85, 0x1f, 0x7a, 0x1f, 0x85, 0x1f, 0x7a, 0x1f, 0x85, 0x1f, 0x7a,
  0x1f, 0x85, 0x20, 0x7a, 0x1f, 0x85, 0x20, 0x7a, 0x20, 0x86, 0x20, 0x7a,
  0x20, 0x86, 0x1f, 0x7a, 0x1f, 0x86, 0x20, 0x7a, 0x20, 0x86, 0x20, 0x7a,
  0x20, 0x86, 0x20, 0x7a, 0x21, 0x86, 0x21, 0x7a, 0x21, 0x86, 0x21, 0x7a,
  0x21, 0x86, 0x20, 0x7a, 0x20, 0x86, 0x21, 0x79, 0x21, 0x86, 0x21, 0x7a,
  0x21, 0x86, 0x21, 0x7a, 0x22, 0x86, 0x21, 0x79, 0x22, 0x86, 0x22, 0x79,
  0x22, 0x86, 0x22, 0x7a, 0x22, 0x86, 0x22, 0x7a, 0x22, 0x86, 0x22, 0x7a,
  0x22, 0x86, 0x23, 0x7a, 0x24, 0x86, 0x25, 0x7a, 0x24, 0x86, 0x24, 0x7a,
  0x24, 0x86, 0x24, 0x7a, 0x24, 0x86, 0x24, 0x7a, 0x25, 0x86, 0x26, 0x7a,
  0x26, 0x85, 0x27, 0x7b, 0x28, 0x83, 0x29, 0x7c, 0x2c, 0x82, 0x30, 0x7d,
  0x2c, 0x74, 0x59, 0x85, 0xc3, 0x48, 0xbe, 0x9b, 0xbf, 0x46, 0xc0, 0x9b,
  0xc0, 0x47, 0xc0, 0x9b, 0xc0, 0x47, 0xc0, 0x9b, 0xc0, 0x47, 0xc0, 0x9b,
  0xc0, 0x47, 0xc0, 0x9b, 0xc0, 0x46, 0xc0, 0x9c, 0xbf, 0x48, 0xc1, 0x9a,
  0x57, 0x7a, 0x34, 0x82, 0x39, 0x88, 0x36, 0x79, 0x35, 0x89, 0x35, 0x76,
  0x35, 0x8b, 0x35, 0x75, 0x36, 0x8d, 0x37, 0x72, 0x38, 0x8e, 0x39, 0x71,
  0x39, 0x8f, 0x3b, 0x70, 0x3d, 0x90, 0x3e, 0x6e, 0x40, 0x91, 0x42, 0x6c,
  0x44, 0x92, 0x44, 0x6a, 0x4a, 0x97, 0x74, 0x66, 0x53, 0x90, 0x3f, 0x70,
  0x39, 0x88, 0x35, 0x77, 0x34, 0x87, 0x34, 0x79, 0x34, 0x86, 0x35, 0x79,
  0x35, 0x86, 0x36, 0x79, 0x37, 0x86, 0x37, 0x79, 0x38, 0x86, 0x38, 0x79,
  0x37, 0x86, 0x37, 0x79, 0x36, 0x86, 0x34, 0x79, 0x33, 0x85, 0x30, 0x7a,
  0x2d, 0x85, 0x2a, 0x7b, 0x28, 0x83, 0x27, 0x7b, 0x29, 0x84, 0x44, 0x7b,
  0x71, 0x85, 0x84, 0x7c, 0x99, 0x82, 0xad, 0x7d, 0xbd, 0x80, 0xc7, 0x7e,
  0xce, 0x80, 0xd2, 0x7e, 0xd4, 0x7f, 0xd6, 0x7e, 0xd7, 0x7f, 0xd8, 0x7e,
  0xd9, 0x7f, 0xd9, 0x7e, 0xda, 0x7f, 0xda, 0x7e, 0xda, 0x7f, 0xdb, 0x7e,
  0xdb, 0x7f, 0xdb, 0x7f, 0xdb, 0x7f, 0xdb, 0x7e, 0xdb, 0x7f, 0xdb, 0x7e,
  0xdb, 0x7f, 0xda, 0x7e, 0xda, 0x7f, 0xda, 0x7f, 0xd9, 0x7f, 0xd8, 0x7e,
  0xd8, 0x7f, 0xd7, 0x7f, 0xd6, 0x7f, 0xd6, 0x7f, 0xd5, 0x7f, 0xd4, 0x7f,
  0xd4, 0x7f, 0xd3, 0x7e, 0xd3, 0x80, 0xcf, 0x7e, 0x66, 0x88, 0x49, 0x78,
  0x69, 0x83, 0xc8, 0x7b, 0xbf, 0x84, 0x4d, 0x7b, 0x38, 0x88, 0x3d, 0x78,
  0x40, 0x8e, 0x51, 0x73, 0x6c, 0x99, 0x99, 0x64, 0x78, 0x97, 0x46, 0x62,
  0x4d, 0x95, 0x4a, 0x68, 0x49, 0x93, 0x47, 0x69, 0x46, 0x92, 0x44, 0x6b,
  0x42, 0x91, 0x41, 0x6d, 0x40, 0x90, 0x3f, 0x6e, 0x3d, 0x8f, 0x3c, 0x70,
  0x3a, 0x8e, 0x39, 0x71, 0x38, 0x8d, 0x37, 0x72, 0x36, 0x8c, 0x35, 0x73,
  0x34, 0x8b, 0x33, 0x74, 0x32, 0x8a, 0x31, 0x75, 0x31, 0x8a, 0x30, 0x76,
  0x2f, 0x89, 0x2e, 0x76, 0x2d, 0x89, 0x2e, 0x77, 0x2d, 0x88, 0x2c, 0x78,
  0x2c, 0x87, 0x2c, 0x79, 0x2c, 0x86, 0x2c, 0x7a, 0x2c, 0x84, 0x2c, 0x7b,
  0x2c, 0x83, 0x2c, 0x7c, 0x2d, 0x83, 0x2d, 0x7c, 0x2c, 0x82, 0x2b, 0x7d,
  0x2b, 0x83, 0x29, 0x7d, 0x29, 0x84, 0x29, 0x7c, 0x28, 0x84, 0x27, 0x7b,
  0x26, 0x85, 0x25, 0x7b, 0x25, 0x85, 0x25, 0x7a, 0x24, 0x86, 0x24, 0x7a,
  0x24, 0x85, 0x25, 0x7a, 0x25, 0x84, 0x26, 0x7b, 0x29, 0x81, 0x2b, 0x7e,
  0x31, 0x7c, 0x2e, 0x81, 0x97, 0x4f, 0xc7, 0x97, 0xbe, 0x44, 0xc0, 0x9d,
  0xc0, 0x47, 0xc0, 0x9b, 0xbd, 0x44, 0xc8, 0x9d, 0x7e, 0x6b, 0x29, 0x8a,
  0x30, 0x80, 0x2a, 0x7f, 0x27, 0x81, 0x24, 0x7e, 0x22, 0x84, 0x22, 0x7b,
  0x22, 0x85, 0x21, 0x7a, 0x20, 0x85, 0x1f, 0x7a, 0x20, 0x86, 0x20, 0x7a,
  0x1f, 0x85, 0x1f, 0x7a, 0x20, 0x85, 0x20, 0x7a, 0x1f, 0x85, 0x1f, 0x7a,
  0x1f, 0x85, 0x1f, 0x7a, 0x1f, 0x85, 0x1f, 0x7a, 0x1f, 0x85, 0x1f, 0x7a,
  0x1f, 0x85, 0x1f, 0x7a, 0x1f, 0x85, 0x1f, 0x7a, 0x1f, 0x85, 0x1f, 0x7a,
  0x1f, 0x85, 0x1e, 0x7a, 0x1f, 0x85, 0x1f, 0x7a, 0x1f, 0x85, 0x1f, 0x7a,
  0x1f, 0x85, 0x1f, 0x7a, 0x1f, 0x85, 0x1f, 0x7a, 0x1f, 0x85, 0x1f, 0x7a,
  0x1f, 0x85, 0x1f, 0x7a, 0x1f, 0x85, 0x1e, 0x7a, 0x1e, 0x85, 0x1e, 0x7a,
  0x1e, 0x85, 0x1e, 0x7a, 0x1e, 0x85, 0x1e, 0x7a, 0x1e, 0x85, 0x1e, 0x7a,
  0x1e, 0x85, 0x1f, 0x7a, 0x1f, 0x85, 0x1f, 0x7a, 0x1f, 0x85, 0x1f, 0x7a,
  0x1f, 0x85, 0x1f, 0x7a, 0x1f, 0x85, 0x1f, 0x7a, 0x1f, 0x85, 0x1f, 0x7a,
  0x1f, 0x85, 0x1f, 0x7a, 0x1f, 0x85, 0x1f, 0x7a, 0x1f, 0x85, 0x1f, 0x7a,
  0x1f, 0x85, 0x1f, 0x7a, 0x1f, 0x85, 0x20, 0x7a, 0x20, 0x85, 0x20, 0x7a,
  0x20, 0x85, 0x20, 0x7a, 0x20, 0x86, 0x20, 0x7a, 0x20, 0x86, 0x20, 0x7a,
  0x20, 0x86, 0x21, 0x7a, 0x21, 0x86, 0x21, 0x7a, 0x21, 0x86, 0x21, 0x7a,
  0x21, 0x86, 0x21, 0x7a, 0x21, 0x85, 0x21, 0x7a, 0x21, 0x85, 0x21, 0x7a,
  0x21, 0x86, 0x21, 0x7a, 0x21, 0x86, 0x21, 0x7a, 0x22, 0x86, 0x22, 0x7a,
  0x22, 0x86, 0x23, 0x7a, 0x22, 0x86, 0x23, 0x79, 0x23, 0x86, 0x22, 0x7a,
  0x23, 0x86, 0x22, 0x7a, 0x22, 0x86, 0x23, 0x7a, 0x25, 0x86, 0x24, 0x7a,
  0x25, 0x86, 0x25, 0x7a, 0x24, 0x86, 0x24, 0x7a, 0x24, 0x86, 0x24, 0x7a,
  0x25, 0x86, 0x25, 0x7a, 0x26, 0x85, 0x26, 0x7b, 0x28, 0x83, 0x29, 0x7c,
  0x2b, 0x81, 0x2f, 0x7e, 0x2f, 0x79, 0x3c, 0x82, 0xb3, 0x4a, 0xc2, 0x99,
  0xc0, 0x46, 0xc1, 0x9b, 0xc0, 0x47, 0xc0, 0x9b, 0xc0, 0x47, 0xc1, 0x9b,
  0xc0, 0x47, 0xc0, 0x9b, 0xc0, 0x47, 0xc0, 0x9b, 0xc0, 0x45, 0xbf, 0x9d,
  0xc3, 0x4c, 0xae, 0x99, 0x3f, 0x7f, 0x39, 0x7f, 0x37, 0x87, 0x36, 0x79,
  0x35, 0x89, 0x35, 0x76, 0x35, 0x8b, 0x36, 0x74, 0x36, 0x8d, 0x37, 0x73,
  0x38, 0x8e, 0x39, 0x71, 0x3a, 0x8f, 0x3b, 0x6f, 0x3d, 0x90, 0x3e, 0x6e,
  0x40, 0x91, 0x42, 0x6c, 0x44, 0x92, 0x45, 0x6a, 0x4b, 0x97, 0x6d, 0x67,
  0x4b, 0x8f, 0x39, 0x72, 0x34, 0x87, 0x32, 0x79, 0x32, 0x86, 0x31, 0x79,
  0x32, 0x86, 0x32, 0x79, 0x33, 0x86, 0x34, 0x79, 0x35, 0x86, 0x35, 0x79,
  0x35, 0x86, 0x35, 0x79, 0x34, 0x86, 0x34, 0x79, 0x33, 0x85, 0x31, 0x7a,
  0x2f, 0x84, 0x2d, 0x7a, 0x2a, 0x84, 0x27, 0x7b, 0x25, 0x83, 0x27, 0x7b,
  0x38, 0x85, 0x64, 0x7b, 0x7a, 0x84, 0x90, 0x7c, 0xa3, 0x82, 0xb4, 0x7d,
  0xc2, 0x80, 0xca, 0x7e, 0xd0, 0x80, 0xd3, 0x7e, 0xd5, 0x7f, 0xd6, 0x7e,
  0xd8, 0x7f, 0xd8, 0x7f, 0xd9, 0x7f, 0xd9, 0x7e, 0xd9, 0x7f, 0xda, 0x7e,
  0xda, 0x7f, 0xdb, 0x7e, 0xdb, 0x7f, 0xdb, 0x7f, 0xdb, 0x7f, 0xdb, 0x7f,
  0xdb, 0x7f, 0xdb, 0x7f, 0xdb, 0x7f, 0xda, 0x7f, 0xda, 0x7f, 0xd9, 0x7f,
  0xd9, 0x7f, 0xd8, 0x7f, 0xd8, 0x7f, 0xd7, 0x7e, 0xd6, 0x7f, 0xd6, 0x7e,
  0xd5, 0x7f, 0xd4, 0x7e, 0xd3, 0x7f, 0xd3, 0x7e, 0xcf, 0x80, 0xd6, 0x7e,
  0x81, 0x87, 0x4c, 0x78, 0x51, 0x85, 0xa8, 0x7a, 0xd4, 0x83, 0x78, 0x7c,
  0x34, 0x88, 0x3f, 0x78, 0x40, 0x8c, 0x4b, 0x75, 0x61, 0x99, 0x8a, 0x66,
  0x91, 0x98, 0x4b, 0x62, 0x4c, 0x94, 0x4a, 0x68, 0x49, 0x93, 0x47, 0x69,
  0x46, 0x92, 0x44, 0x6c, 0x42, 0x91, 0x41, 0x6d, 0x40, 0x90, 0x3f, 0x6e,
  0x3d, 0x8f, 0x3d, 0x70, 0x3b, 0x8e, 0x39, 0x71, 0x38, 0x8d, 0x37, 0x72,
  0x36, 0x8c, 0x35, 0x73, 0x34, 0x8b, 0x33, 0x74, 0x33, 0x8a, 0x31, 0x76,
  0x31, 0x89, 0x30, 0x76, 0x30, 0x89, 0x2e, 0x77, 0x2e, 0x88, 0x2d, 0x77,
  0x2c, 0x88, 0x2c, 0x78, 0x2b, 0x87, 0x2b, 0x79, 0x2b, 0x86, 0x2b, 0x7a,
  0x2b, 0x85, 0x2b, 0x7a, 0x2b, 0x85, 0x2b, 0x7b, 0x2b, 0x84, 0x2b, 0x7c,
  0x2a, 0x84, 0x29, 0x7c, 0x29, 0x84, 0x29, 0x7c, 0x28, 0x84, 0x27, 0x7b,
  0x27, 0x85, 0x26, 0x7b, 0x26, 0x85, 0x26, 0x7a, 0x25, 0x85, 0x24, 0x7a,
  0x24, 0x85, 0x24, 0x7a, 0x24, 0x85, 0x25, 0x7b, 0x26, 0x83, 0x27, 0x7c,
  0x2a, 0x81, 0x2d, 0x7e, 0x2f, 0x78, 0x3c, 0x83, 0xb2, 0x4b, 0xc3, 0x98,
  0xbf, 0x45, 0xc0, 0x9c, 0xc0, 0x46, 0xbf, 0x9c, 0xc1, 0x49, 0xb8, 0x9a,
  0x42, 0x75, 0x2d, 0x85, 0x2c, 0x80, 0x28, 0x7f, 0x26, 0x82, 0x24, 0x7d,
  0x22, 0x84, 0x22, 0x7b, 0x21, 0x85, 0x20, 0x7a, 0x20, 0x85, 0x20, 0x7a,
  0x20, 0x85, 0x20, 0x7a, 0x1f, 0x85, 0x20, 0x7a, 0x20, 0x85, 0x20, 0x7a,
  0x20, 0x85, 0x1f, 0x7a, 0x1f, 0x85, 0x1f, 0x7a, 0x1f, 0x85, 0x1f, 0x7a,
  0x1f, 0x85, 0x1f, 0x7a, 0x1f, 0x85, 0x1f, 0x7a, 0x1f, 0x85, 0x1f, 0x7a,
  0x1f, 0x85, 0x1f, 0x7a, 0x1f, 0x85, 0x1f, 0x7a, 0x1f, 0x85, 0x1f, 0x7a,
  0x1e, 0x85, 0x1f, 0x7a, 0x1f, 0x85, 0x1f, 0x7a, 0x1f, 0x85, 0x1f, 0x7a,
  0x1f, 0x85, 0x1f, 0x7a, 0x1f, 0x85, 0x1f, 0x7a, 0x1f, 0x85, 0x1f, 0x7a,
  0x1e, 0x85, 0x1e, 0x7a, 0x1e, 0x85, 0x1e, 0x7a, 0x1e, 0x85, 0x1e, 0x7b,
  0x1e, 0x85, 0x1e, 0x7b, 0x1e, 0x85, 0x1e, 0x7a, 0x1e, 0x85, 0x1f, 0x7a,
  0x1f, 0x85, 0x1f, 0x7b, 0x1f, 0x85, 0x1f, 0x7a, 0x1f, 0x85, 0x1f, 0x7b,
  0x1f, 0x85, 0x1f, 0x7b, 0x1f, 0x85, 0x1f, 0x7a, 0x1f, 0x85, 0x1f, 0x7b,
  0x1f, 0x85, 0x1f, 0x7b, 0x1f, 0x85, 0x1f, 0x7a, 0x1f, 0x85, 0x20, 0x7a,
  0x20, 0x85, 0x20, 0x7a, 0x20, 0x85, 0x20, 0x7a, 0x20, 0x85, 0x20, 0x7a,
  0x20, 0x85, 0x20, 0x7a, 0x20, 0x85, 0x20, 0x7a, 0x21, 0x85, 0x21, 0x7a,
  0x21, 0x86, 0x21, 0x7a, 0x21, 0x85, 0x21, 0x7a, 0x21, 0x85, 0x21, 0x7a,
  0x21, 0x86, 0x21, 0x7a, 0x21, 0x86, 0x21, 0x7a, 0x21, 0x86, 0x22, 0x7a,
  0x22, 0x86, 0x22, 0x7a, 0x23, 0x86, 0x23, 0x7a, 0x22, 0x86, 0x22, 0x7a,
  0x23, 0x86, 0x23, 0x7a, 0x23, 0x86, 0x23, 0x7a, 0x23, 0x86, 0x23, 0x7a,
  0x24, 0x86, 0x24, 0x7a, 0x24, 0x86, 0x24, 0x7a, 0x24, 0x86, 0x24, 0x7a,
  0x24, 0x86, 0x24, 0x7a, 0x24, 0x86, 0x25, 0x7a, 0x26, 0x85, 0x26, 0x7b,
  0x27, 0x84, 0x29, 0x7c, 0x2b, 0x81, 0x2d, 0x7e, 0x32, 0x7e, 0x2b, 0x80,
  0x88, 0x53, 0xcb, 0x95, 0xbe, 0x44, 0xc1, 0x9c, 0xc1, 0x47, 0xc0, 0x9b,
  0xc0, 0x47, 0xc0, 0x9c, 0xc0, 0x47, 0xc0, 0x9b, 0xc0, 0x47, 0xbf, 0x9b,
  0xbf, 0x44, 0xbd, 0x9d, 0xc9, 0x55, 0x7c, 0x94, 0x31, 0x85, 0x3a, 0x7c,
  0x37, 0x87, 0x36, 0x79, 0x35, 0x8a, 0x36, 0x76, 0x35, 0x8c, 0x35, 0x73,
  0x36, 0x8d, 0x37, 0x72, 0x38, 0x8e, 0x39, 0x71, 0x3a, 0x8f, 0x3c, 0x70,
  0x3d, 0x90, 0x3e, 0x6e, 0x40, 0x91, 0x42, 0x6c, 0x43, 0x92, 0x44, 0x6a,
  0x49, 0x96, 0x67, 0x68, 0x46, 0x8d, 0x35, 0x73, 0x30, 0x86, 0x2f, 0x79,
  0x2f, 0x86, 0x2f, 0x79, 0x2f, 0x86, 0x30, 0x7a, 0x31, 0x86, 0x32, 0x7a,
  0x32, 0x86, 0x32, 0x79, 0x32, 0x85, 0x31, 0x7a, 0x31, 0x85, 0x30, 0x7a,
  0x2e, 0x85, 0x2d, 0x7a, 0x2b, 0x84, 0x28, 0x7b, 0x26, 0x84, 0x25, 0x7b,
  0x26, 0x84, 0x2f, 0x7b, 0x58, 0x85, 0x72, 0x7b, 0x84, 0x84, 0x9a, 0x7d,
  0xac, 0x82, 0xba, 0x7d, 0xc5, 0x80, 0xcc, 0x7e, 0xd1, 0x80, 0xd3, 0x7e,
  0xd5, 0x80, 0xd6, 0x7e, 0xd7, 0x7f, 0xd8, 0x7e, 0xd8, 0x7f, 0xd9, 0x7e,
  0xd9, 0x7f, 0xda, 0x7e, 0xda, 0x7e, 0xdb, 0x7f, 0xdb, 0x7e, 0xdb, 0x7f,
  0xda, 0x7e, 0xda, 0x7e, 0xdb, 0x7f, 0xdb, 0x7e, 0xda, 0x7f, 0xda, 0x7e,
  0xd9, 0x7f, 0xd9, 0x7e, 0xd8, 0x7f, 0xd8, 0x7f, 0xd7, 0x7f, 0xd7, 0x7e,
  0xd6, 0x7f, 0xd5, 0x7e, 0xd4, 0x80, 0xd4, 0x7e, 0xd3, 0x80, 0xd2, 0x7e,
  0xd0, 0x80, 0xd8, 0x7e, 0xa9, 0x86, 0x50, 0x7a, 0x4c, 0x87, 0x79, 0x79,
  0xcd, 0x83, 0xa1, 0x7c, 0x3a, 0x88, 0x3f, 0x78, 0x3f, 0x8b, 0x47, 0x76,
  0x5b, 0x97, 0x7c, 0x69, 0x9e, 0x98, 0x59, 0x61, 0x48, 0x94, 0x4a, 0x68,
  0x48, 0x93, 0x47, 0x6a, 0x46, 0x92, 0x44, 0x6c, 0x42, 0x91, 0x41, 0x6d,
  0x40, 0x90, 0x3f, 0x6f, 0x3d, 0x8f, 0x3c, 0x70, 0x3a, 0x8e, 0x39, 0x71,
  0x38, 0x8d, 0x37, 0x73, 0x36, 0x8c, 0x35, 0x73, 0x35, 0x8b, 0x34, 0x74,
  0x32, 0x8a, 0x32, 0x75, 0x31, 0x89, 0x30, 0x76, 0x30, 0x89, 0x2f, 0x77,
  0x2e, 0x88, 0x2d, 0x77, 0x2d, 0x88, 0x2c, 0x78, 0x2b, 0x87, 0x2a, 0x78,
  0x2a, 0x87, 0x2a, 0x79, 0x2a, 0x86, 0x29, 0x7a, 0x29, 0x85, 0x29, 0x7a,
  0x29, 0x85, 0x29, 0x7b, 0x29, 0x85, 0x29, 0x7b, 0x28, 0x85, 0x27, 0x7b,
  0x27, 0x85, 0x26, 0x7a, 0x26, 0x85, 0x26, 0x7a, 0x26, 0x85, 0x26, 0x7a,
  0x25, 0x85, 0x24, 0x7a, 0x24, 0x85, 0x24, 0x7a, 0x25, 0x85, 0x26, 0x7b,
  0x26, 0x83, 0x28, 0x7c, 0x2b, 0x82, 0x2f, 0x7d, 0x2c, 0x73, 0x56, 0x86,
  0xc3, 0x47, 0xbf, 0x9a, 0xc0, 0x47, 0xc0, 0x9b, 0xc0, 0x44, 0xbd, 0x9d,
  0xc8, 0x53, 0x82, 0x96, 0x29, 0x7c, 0x30, 0x82, 0x2a, 0x80, 0x27, 0x7f,
  0x25, 0x83, 0x23, 0x7c, 0x22, 0x84, 0x22, 0x7b, 0x21, 0x85, 0x21, 0x7b,
  0x20, 0x85, 0x20, 0x7a, 0x20, 0x85, 0x20, 0x7a, 0x20, 0x85, 0x20, 0x7a,
  0x20, 0x85, 0x20, 0x7a, 0x20, 0x85, 0x20, 0x7a, 0x20, 0x85, 0x1f, 0x7a,
  0x1f, 0x85, 0x1f, 0x7a, 0x1f, 0x85, 0x1f, 0x7a, 0x1f, 0x85, 0x1f, 0x7a,
  0x1f, 0x85, 0x1f, 0x7b, 0x1f, 0x85, 0x1f, 0x7b, 0x1f, 0x85, 0x1f, 0x7b,
  0x1f, 0x85, 0x1f, 0x7b, 0x1f, 0x85, 0x1f, 0x7a, 0x1e, 0x85, 0x1f, 0x7b,
  0x1f, 0x85, 0x1f, 0x7a, 0x1f, 0x85, 0x1f, 0x7b, 0x1e, 0x85, 0x1f, 0x7b,
  0x1f, 0x85, 0x1f, 0x7b, 0x1f, 0x84, 0x1e, 0x7a, 0x1e, 0x84, 0x1e, 0x7a,
  0x1e, 0x84, 0x1e, 0x7a, 0x1e, 0x84, 0x1e, 0x7a, 0x1e, 0x84, 0x1f, 0x7a,
  0x1f, 0x84, 0x1f, 0x7a, 0x1f, 0x84, 0x1f, 0x7a, 0x1f, 0x84, 0x1f, 0x7a,
  0x1f, 0x85, 0x1f, 0x7a, 0x1f, 0x84, 0x1f, 0x7a, 0x1f, 0x85, 0x1f, 0x7a,
  0x1f, 0x85, 0x1f, 0x7a, 0x1f, 0x85, 0x1f, 0x7a, 0x1f, 0x85, 0x1f, 0x7a,
  0x20, 0x85, 0x1f, 0x7a, 0x1f, 0x85, 0x20, 0x7a, 0x1f, 0x85, 0x20, 0x7a,
  0x20, 0x85, 0x20, 0x7a, 0x20, 0x85, 0x20, 0x7a, 0x20, 0x85, 0x20, 0x7a,
  0x20, 0x85, 0x20, 0x7a, 0x21, 0x86, 0x21, 0x7a, 0x20, 0x86, 0x21, 0x7a,
  0x21, 0x86, 0x21, 0x7a, 0x21, 0x86, 0x21, 0x7a, 0x21, 0x86, 0x21, 0x7a,
  0x21, 0x86, 0x22, 0x7a, 0x22, 0x86, 0x22, 0x7a, 0x23, 0x86, 0x23, 0x7a,
  0x23, 0x86, 0x23, 0x7a, 0x23, 0x86, 0x23, 0x7a, 0x23, 0x86, 0x23, 0x7a,
  0x23, 0x86, 0x23, 0x79, 0x24, 0x86, 0x23, 0x79, 0x24, 0x86, 0x25, 0x7a,
  0x25, 0x86, 0x24, 0x7a, 0x24, 0x86, 0x24, 0x7a, 0x24, 0x86, 0x25, 0x7a,
  0x25, 0x85, 0x26, 0x7b, 0x28, 0x84, 0x28, 0x7c, 0x2a, 0x81, 0x2c, 0x7e,
  0x30, 0x81, 0x30, 0x7e, 0x47, 0x5f, 0xbb, 0x8f, 0xc4, 0x42, 0xbf, 0x9d,
  0xc1, 0x47, 0xc0, 0x9b, 0xc0, 0x47, 0xc0, 0x9c, 0xbf, 0x47, 0xbf, 0x9b,
  0xbf, 0x48, 0xbf, 0x9b, 0xbd, 0x42, 0xc4, 0x9d, 0xae, 0x65, 0x40, 0x8c,
  0x37, 0x88, 0x37, 0x7a, 0x36, 0x87, 0x35, 0x78, 0x35, 0x8a, 0x35, 0x75,
  0x36, 0x8c, 0x35, 0x73, 0x36, 0x8d, 0x37, 0x72, 0x38, 0x8e, 0x39, 0x70,
  0x3a, 0x8f, 0x3c, 0x6f, 0x3d, 0x90, 0x3e, 0x6e, 0x40, 0x91, 0x41, 0x6d,
  0x42, 0x92, 0x45, 0x6b, 0x47, 0x95, 0x60, 0x68, 0x44, 0x8d, 0x31, 0x74,
  0x2d, 0x85, 0x2c, 0x7a, 0x2c, 0x85, 0x2c, 0x7a, 0x2d, 0x85, 0x2e, 0x7a,
  0x2e, 0x85, 0x2e, 0x7a, 0x2e, 0x85, 0x2e, 0x7a, 0x2e, 0x85, 0x2d, 0x7a,
  0x2d, 0x84, 0x2c, 0x7a, 0x2a, 0x84, 0x29, 0x7a, 0x27, 0x83, 0x25, 0x7b,
  0x24, 0x83, 0x26, 0x7b, 0x2a, 0x84, 0x4a, 0x7c, 0x6a, 0x84, 0x78, 0x7c,
  0x8f, 0x82, 0xa4, 0x7d, 0xb5, 0x81, 0xc0, 0x7e, 0xc8, 0x80, 0xcd, 0x7e,
  0xd1, 0x7f, 0xd3, 0x7e, 0xd5, 0x7f, 0xd6, 0x7e, 0xd7, 0x7f, 0xd8, 0x7e,
  0xd8, 0x7f, 0xd8, 0x7e, 0xd9, 0x7e, 0xd9, 0x7e, 0xda, 0x7f, 0xda, 0x7e,
  0xdb, 0x7e, 0xdb, 0x7e, 0xdb, 0x7e, 0xda, 0x7e, 0xda, 0x7e, 0xda, 0x7e,
  0xd9, 0x7f, 0xd9, 0x7e, 0xd9, 0x7f, 0xd8, 0x7e, 0xd8, 0x7f, 0xd8, 0x7e,
  0xd7, 0x7f, 0xd6, 0x7e, 0xd5, 0x7f, 0xd4, 0x7e, 0xd4, 0x80, 0xd3, 0x7e,
  0xd2, 0x80, 0xd2, 0x7e, 0xd1, 0x7f, 0xd1, 0x7e, 0xca, 0x84, 0x60, 0x7b,
  0x4c, 0x88, 0x63, 0x77, 0xbf, 0x82, 0xc3, 0x7d, 0x57, 0x87, 0x3a, 0x78,
  0x3f, 0x8a, 0x43, 0x76, 0x55, 0x95, 0x70, 0x6b, 0x9e, 0x99, 0x6f, 0x61,
  0x43, 0x94, 0x4a, 0x68, 0x48, 0x93, 0x46, 0x6a, 0x45, 0x92, 0x43, 0x6c,
  0x42, 0x91, 0x40, 0x6e, 0x40, 0x90, 0x3e, 0x6f, 0x3c, 0x8f, 0x3c, 0x70,
  0x3b, 0x8e, 0x39, 0x71, 0x38, 0x8d, 0x37, 0x72, 0x36, 0x8c, 0x35, 0x73,
  0x34, 0x8b, 0x33, 0x74, 0x32, 0x8a, 0x32, 0x75, 0x31, 0x89, 0x30, 0x76,
  0x2f, 0x89, 0x2f, 0x77, 0x2e, 0x88, 0x2d, 0x77, 0x2c, 0x88, 0x2c, 0x78,
  0x2a, 0x88, 0x2a, 0x78, 0x2a, 0x87, 0x2a, 0x79, 0x29, 0x86, 0x29, 0x79,
  0x29, 0x86, 0x29, 0x7a, 0x29, 0x85, 0x29, 0x7a, 0x28, 0x85, 0x28, 0x7b,
  0x27, 0x85, 0x27, 0x7b, 0x27, 0x85, 0x26, 0x7a, 0x26, 0x85, 0x26, 0x7a,
  0x26, 0x86, 0x26, 0x7a, 0x25, 0x86, 0x24, 0x7a, 0x25, 0x85, 0x24, 0x7a,
  0x25, 0x84, 0x26, 0x7b, 0x27, 0x82, 0x28, 0x7d, 0x2b, 0x82, 0x31, 0x7e,
  0x29, 0x6f, 0x78, 0x88, 0xc9, 0x45, 0xbe, 0x9c, 0xc0, 0x47, 0xc0, 0x9b,
  0xbf, 0x43, 0xc1, 0x9c, 0xb8, 0x5f, 0x42, 0x8f, 0x2d, 0x80, 0x2c, 0x7f,
  0x28, 0x80, 0x26, 0x7e, 0x24, 0x83, 0x23, 0x7c, 0x22, 0x84, 0x21, 0x7b,
  0x21, 0x85, 0x20, 0x7b, 0x20, 0x85, 0x20, 0x7a, 0x20, 0x85, 0x20, 0x7a,
  0x20, 0x85, 0x20, 0x7a, 0x20, 0x85, 0x20, 0x7a, 0x20, 0x85, 0x20, 0x7a,
  0x20, 0x85, 0x1f, 0x7a, 0x20, 0x85, 0x20, 0x7a, 0x1f, 0x85, 0x1f, 0x7a,
  0x1f, 0x85, 0x1f, 0x7a, 0x1f, 0x85, 0x1f, 0x7a, 0x1f, 0x84, 0x1f, 0x7a,
  0x1f, 0x84, 0x1f, 0x7a, 0x1f, 0x84, 0x1f, 0x7a, 0x1f, 0x84, 0x1f, 0x7a,
  0x1f, 0x85, 0x1f, 0x7a, 0x1f, 0x84, 0x1f, 0x7a, 0x1f, 0x84, 0x1f, 0x7a,
  0x1f, 0x84, 0x1f, 0x7a, 0x1f, 0x84, 0x1f, 0x7a, 0x1f, 0x84, 0x1f, 0x7a,
  0x1e, 0x84, 0x1f, 0x7a, 0x1e, 0x85, 0x1e, 0x7a, 0x1d, 0x85, 0x1e, 0x7b,
  0x1e, 0x85, 0x1e, 0x7a, 0x1e, 0x85, 0x1e, 0x7a, 0x1f, 0x85, 0x1f, 0x7b,
  0x1f, 0x85, 0x1f, 0x7b, 0x1f, 0x85, 0x1f, 0x7b, 0x1f, 0x85, 0x1f, 0x7a,
  0x1f, 0x85, 0x1f, 0x7b, 0x1f, 0x85, 0x1f, 0x7a, 0x1f, 0x85, 0x1f, 0x7a,
  0x1f, 0x85, 0x1f, 0x7b, 0x1f, 0x85, 0x1f, 0x7a, 0x1f, 0x85, 0x20, 0x7a,
  0x20, 0x85, 0x20, 0x7a, 0x20, 0x85, 0x20, 0x7a, 0x20, 0x85, 0x20, 0x7a,
  0x20, 0x85, 0x20, 0x7a, 0x20, 0x85, 0x21, 0x7a, 0x21, 0x86, 0x21, 0x7a,
  0x21, 0x86, 0x21, 0x7a, 0x21, 0x86, 0x21, 0x7a, 0x21, 0x86, 0x21, 0x7a,
  0x21, 0x86, 0x21, 0x7a, 0x22, 0x86, 0x22, 0x7a, 0x23, 0x85, 0x23, 0x7a,
  0x23, 0x86, 0x23, 0x7a, 0x22, 0x86, 0x22, 0x7a, 0x23, 0x86, 0x23, 0x7a,
  0x22, 0x86, 0x23, 0x7a, 0x23, 0x86, 0x23, 0x79, 0x23, 0x86, 0x24, 0x7a,
  0x24, 0x86, 0x24, 0x79, 0x25, 0x86, 0x25, 0x79, 0x25, 0x86, 0x24, 0x7a,
  0x25, 0x86, 0x25, 0x7a, 0x26, 0x85, 0x26, 0x7b, 0x27, 0x84, 0x28, 0x7b,
  0x29, 0x82, 0x2b, 0x7d, 0x2d, 0x82, 0x33, 0x7e, 0x2e, 0x73, 0x5f, 0x86,
  0xc4, 0x46, 0xc3, 0x9b, 0xbd, 0x46, 0xbf, 0x9c, 0xc0, 0x47, 0xc0, 0x9c,
  0xbf, 0x47, 0xbf, 0x9c, 0xbe, 0x46, 0xbd, 0x9c, 0xc5, 0x47, 0xbc, 0x9b,
  0x54, 0x7a, 0x32, 0x82, 0x39, 0x87, 0x36, 0x7a, 0x35, 0x88, 0x35, 0x78,
  0x35, 0x8b, 0x35, 0x75, 0x35, 0x8c, 0x35, 0x74, 0x36, 0x8d, 0x37, 0x72,
  0x38, 0x8e, 0x3a, 0x71, 0x3a, 0x8f, 0x3b, 0x70, 0x3d, 0x90, 0x3e, 0x6f,
  0x3f, 0x91, 0x41, 0x6d, 0x43, 0x92, 0x45, 0x6b, 0x46, 0x95, 0x5a, 0x69,
  0x44, 0x8c, 0x2c, 0x75, 0x2a, 0x85, 0x2a, 0x7a, 0x2a, 0x85, 0x2a, 0x7a,
  0x2a, 0x85, 0x2b, 0x7a, 0x2b, 0x85, 0x2b, 0x7a, 0x2b, 0x85, 0x2b, 0x7a,
  0x2b, 0x85, 0x2a, 0x7a, 0x2a, 0x84, 0x28, 0x7b, 0x27, 0x84, 0x26, 0x7b,
  0x24, 0x83, 0x23, 0x7b, 0x25, 0x83, 0x2a, 0x7c, 0x42, 0x85, 0x62, 0x7c,
  0x71, 0x84, 0x85, 0x7d, 0x9a, 0x82, 0xad, 0x7e, 0xbb, 0x81, 0xc4, 0x7e,
  0xca, 0x80, 0xcf, 0x7e, 0xd2, 0x7f, 0xd4, 0x7e, 0xd4, 0x7f, 0xd6, 0x7e,
  0xd6, 0x7f, 0xd7, 0x7e, 0xd7, 0x7e, 0xd8, 0x7e, 0xd9, 0x7e, 0xd9, 0x7e,
  0xda, 0x7e, 0xda, 0x7e, 0xda, 0x7e, 0xda, 0x7e, 0xda, 0x7e, 0xda, 0x7e,
  0xd9, 0x7e, 0xd9, 0x7e, 0xd9, 0x7e, 0xd8, 0x7e, 0xd8, 0x7f, 0xd8, 0x7e,
  0xd7, 0x7f, 0xd7, 0x7e, 0xd6, 0x7f, 0xd5, 0x7e, 0xd5, 0x7f, 0xd4, 0x7e,
  0xd4, 0x7f, 0xd3, 0x7e, 0xd2, 0x7f, 0xd2, 0x7e, 0xd0, 0x7f, 0xcc, 0x7e,
  0xd4, 0x82, 0x9e, 0x7c, 0x48, 0x88, 0x60, 0x78, 0xbd, 0x82, 0xca, 0x7d,
  0x7b, 0x86, 0x32, 0x79, 0x3e, 0x8a, 0x41, 0x77, 0x51, 0x94, 0x69, 0x6d,
  0x92, 0x9a, 0x88, 0x61, 0x43, 0x94, 0x49, 0x68, 0x47, 0x93, 0x46, 0x6a,
  0x45, 0x92, 0x43, 0x6b, 0x42, 0x91, 0x41, 0x6e, 0x3f, 0x90, 0x3e, 0x70,
  0x3d, 0x8f, 0x3c, 0x70, 0x3a, 0x8e, 0x39, 0x72, 0x38, 0x8d, 0x37, 0x73,
  0x36, 0x8c, 0x35, 0x74, 0x34, 0x8b, 0x33, 0x75, 0x32, 0x8a, 0x32, 0x76,
  0x31, 0x8a, 0x30, 0x77, 0x2f, 0x89, 0x2f, 0x77, 0x2e, 0x88, 0x2d, 0x78,
  0x2c, 0x88, 0x2b, 0x78, 0x2b, 0x88, 0x2b, 0x79, 0x2a, 0x87, 0x29, 0x79,
  0x29, 0x87, 0x29, 0x79, 0x28, 0x87, 0x28, 0x79, 0x28, 0x86, 0x28, 0x7a,
  0x27, 0x86, 0x27, 0x7a, 0x27, 0x86, 0x27, 0x7a, 0x26, 0x86, 0x26, 0x7a,
  0x26, 0x86, 0x26, 0x7a, 0x25, 0x86, 0x25, 0x7a, 0x25, 0x86, 0x25, 0x7a,
  0x25, 0x85, 0x24, 0x7a, 0x25, 0x85, 0x26, 0x7b, 0x27, 0x82, 0x28, 0x7d,
  0x2b, 0x82, 0x30, 0x7e, 0x2e, 0x69, 0x98, 0x8a, 0xc7, 0x44, 0xbe, 0x9c,
  0xc0, 0x47, 0xc1, 0x9b, 0xbe, 0x44, 0xc9, 0x9c, 0x81, 0x6b, 0x28, 0x8a,
  0x30, 0x81, 0x2a, 0x7e, 0x27, 0x81, 0x25, 0x7e, 0x24, 0x84, 0x23, 0x7c,
  0x22, 0x84, 0x21, 0x7b, 0x21, 0x85, 0x21, 0x7a, 0x20, 0x85, 0x20, 0x7a,
  0x20, 0x85, 0x20, 0x7a, 0x20, 0x85, 0x20, 0x7a, 0x20, 0x85, 0x20, 0x7a,
  0x20, 0x85, 0x20, 0x7a, 0x20, 0x85, 0x20, 0x7a, 0x20, 0x85, 0x20, 0x7a,
  0x1f, 0x85, 0x1f, 0x7a, 0x1f, 0x85, 0x1f, 0x7b, 0x1f, 0x85, 0x1f, 0x7a,
  0x1f, 0x85, 0x1f, 0x7a, 0x1f, 0x85, 0x1f, 0x7b, 0x1f, 0x85, 0x1f, 0x7b,
  0x1f, 0x85, 0x1e, 0x7b, 0x1f, 0x85, 0x1e, 0x7b, 0x1f, 0x85, 0x1f, 0x7b,
  0x1f, 0x85, 0x1f, 0x7b, 0x1f, 0x85, 0x1e, 0x7b, 0x1f, 0x85, 0x1e, 0x7a,
  0x1e, 0x85, 0x1e, 0x7b, 0x1e, 0x85, 0x1e, 0x7b, 0x1e, 0x85, 0x1f, 0x7a,
  0x1e, 0x85, 0x1e, 0x7b, 0x1e, 0x85, 0x1f, 0x7b, 0x1f, 0x85, 0x1f, 0x7b,
  0x1e, 0x85, 0x1f, 0x7a, 0x1f, 0x85, 0x1f, 0x7a, 0x1f, 0x85, 0x1f, 0x7a,
  0x1f, 0x85, 0x1f, 0x7a, 0x1f, 0x85, 0x1f, 0x7a, 0x1f, 0x85, 0x1f, 0x7a,
  0x1f, 0x85, 0x1f, 0x7a, 0x1f, 0x85, 0x1f, 0x7a, 0x1f, 0x85, 0x1f, 0x7a,
  0x1f, 0x85, 0x20, 0x7a, 0x20, 0x85, 0x20, 0x7a, 0x20, 0x85, 0x1f, 0x7a,
  0x20, 0x85, 0x20, 0x7a, 0x20, 0x85, 0x20, 0x7a, 0x20, 0x85, 0x20, 0x7a,
  0x21, 0x86, 0x21, 0x7a, 0x21, 0x86, 0x21, 0x7a, 0x21, 0x86, 0x21, 0x7a,
  0x21, 0x86, 0x21, 0x7a, 0x21, 0x86, 0x21, 0x7a, 0x21, 0x86, 0x22, 0x7a,
  0x22, 0x86, 0x22, 0x7a, 0x23, 0x86, 0x23, 0x7a, 0x23, 0x86, 0x23, 0x7a,
  0x23, 0x86, 0x22, 0x7a, 0x22, 0x86, 0x22, 0x7a, 0x22, 0x86, 0x23, 0x7a,
  0x23, 0x86, 0x23, 0x7a, 0x24, 0x86, 0x24, 0x7a, 0x25, 0x86, 0x25, 0x79,
  0x24, 0x86, 0x24, 0x7a, 0x25, 0x86, 0x25, 0x7a, 0x25, 0x85, 0x26, 0x7b,
  0x26, 0x85, 0x27, 0x7b, 0x28, 0x83, 0x2a, 0x7c, 0x2c, 0x81, 0x2f, 0x7e,
  0x33, 0x81, 0x2c, 0x7f, 0x5c, 0x5c, 0xb6, 0x91, 0xcb, 0x41, 0xc4, 0x9d,
  0xbf, 0x47, 0xbd, 0x9b, 0xbe, 0x48, 0xc0, 0x9b, 0xc4, 0x41, 0xc9, 0x9e,
  0xab, 0x62, 0x51, 0x8e, 0x31, 0x86, 0x38, 0x7c, 0x35, 0x85, 0x35, 0x7a,
  0x34, 0x89, 0x34, 0x77, 0x34, 0x8b, 0x34, 0x75, 0x35, 0x8c, 0x36, 0x74,
  0x36, 0x8d, 0x36, 0x72, 0x38, 0x8e, 0x39, 0x71, 0x3a, 0x8f, 0x3c, 0x70,
  0x3d, 0x90, 0x3f, 0x6e, 0x40, 0x91, 0x41, 0x6d, 0x42, 0x92, 0x45, 0x6b,
  0x45, 0x95, 0x50, 0x69, 0x45, 0x8c, 0x29, 0x74, 0x27, 0x84, 0x27, 0x7b,
  0x27, 0x85, 0x27, 0x7a, 0x27, 0x85, 0x28, 0x7b, 0x28, 0x84, 0x27, 0x7b,
  0x27, 0x84, 0x28, 0x7b, 0x27, 0x84, 0x27, 0x7b, 0x26, 0x84, 0x24, 0x7b,
  0x23, 0x83, 0x22, 0x7b, 0x22, 0x83, 0x24, 0x7c, 0x2a, 0x84, 0x40, 0x7c,
  0x60, 0x85, 0x6c, 0x7c, 0x7e, 0x84, 0x90, 0x7c, 0xa4, 0x82, 0xb4, 0x7e,
  0xc0, 0x80, 0xc7, 0x7e, 0xcc, 0x7f, 0xcf, 0x7e, 0xd1, 0x7f, 0xd2, 0x7e,
  0xd3, 0x7f, 0xd5, 0x7e, 0xd6, 0x7f, 0xd6, 0x7e, 0xd7, 0x7f, 0xd8, 0x7e,
  0xd8, 0x7f, 0xd8, 0x7e, 0xd9, 0x7f, 0xda, 0x7e, 0xd9, 0x7f, 0xd9, 0x7e,
  0xd9, 0x7f, 0xd9, 0x7e, 0xd9, 0x7f, 0xd8, 0x7e, 0xd8, 0x7f, 0xd8, 0x7e,
  0xd8, 0x7f, 0xd7, 0x7e, 0xd6, 0x7f, 0xd6, 0x7e, 0xd5, 0x7f, 0xd5, 0x7e,
  0xd4, 0x7f, 0xd3, 0x7e, 0xd3, 0x7f, 0xd2, 0x7e, 0xd1, 0x7f, 0xd1, 0x7e,
  0xd0, 0x80, 0xce, 0x7e, 0xca, 0x81, 0xcb, 0x7e, 0x85, 0x85, 0x79, 0x7a,
  0xc6, 0x81, 0xc7, 0x7d, 0xa1, 0x86, 0x38, 0x7a, 0x3d, 0x89, 0x41, 0x76,
  0x4f, 0x92, 0x63, 0x6f, 0x82, 0x9a, 0x98, 0x61, 0x4c, 0x95, 0x46, 0x67,
  0x47, 0x93, 0x46, 0x6a, 0x45, 0x92, 0x43, 0x6c, 0x42, 0x91, 0x40, 0x6d,
  0x3f, 0x90, 0x3e, 0x6f, 0x3d, 0x8f, 0x3c, 0x70, 0x3a, 0x8d, 0x39, 0x72,
  0x38, 0x8d, 0x37, 0x72, 0x36, 0x8c, 0x34, 0x74, 0x33, 0x8b, 0x32, 0x75,
  0x32, 0x8a, 0x31, 0x75, 0x31, 0x89, 0x30, 0x76, 0x30, 0x89, 0x2f, 0x76,
  0x2e, 0x88, 0x2c, 0x77, 0x2b, 0x88, 0x2b, 0x78, 0x2b, 0x88, 0x2a, 0x78,
  0x29, 0x88, 0x29, 0x79, 0x29, 0x87, 0x28, 0x79, 0x28, 0x87, 0x28, 0x79,
  0x28, 0x86, 0x28, 0x7a, 0x28, 0x86, 0x27, 0x7a, 0x26, 0x86, 0x26, 0x7a,
  0x25, 0x86, 0x25, 0x7a, 0x25, 0x86, 0x25, 0x7a, 0x25, 0x86, 0x25, 0x7a,
  0x25, 0x86, 0x25, 0x7a, 0x24, 0x85, 0x25, 0x7a, 0x25, 0x85, 0x25, 0x7b,
  0x26, 0x82, 0x28, 0x7d, 0x2b, 0x82, 0x2d, 0x7e, 0x3b, 0x62, 0xb3, 0x8d,
  0xc3, 0x43, 0xbf, 0x9c, 0xc0, 0x46, 0xc0, 0x9b, 0xc1, 0x49, 0xbb, 0x99,
  0x43, 0x76, 0x2c, 0x84, 0x2c, 0x80, 0x28, 0x7f, 0x26, 0x82, 0x24, 0x7d,
  0x23, 0x84, 0x22, 0x7b, 0x21, 0x85, 0x21, 0x7b, 0x21, 0x85, 0x20, 0x7a,
  0x20, 0x86, 0x20, 0x7a, 0x20, 0x85, 0x20, 0x7a, 0x20, 0x85, 0x20, 0x7a,
  0x20, 0x85, 0x20, 0x7a, 0x20, 0x85, 0x20, 0x7a, 0x20, 0x85, 0x1f, 0x7a,
  0x20, 0x85, 0x20, 0x7a, 0x1f, 0x85, 0x1f, 0x7a, 0x1f, 0x85, 0x1f, 0x7a,
  0x1f, 0x85, 0x1f, 0x7a, 0x1f, 0x85, 0x1f, 0x7a, 0x1f, 0x85, 0x1f, 0x7b,
  0x1f, 0x85, 0x1f, 0x7a, 0x1f, 0x85, 0x1f, 0x7a, 0x1f, 0x85, 0x1f, 0x7a,
  0x1f, 0x85, 0x1f, 0x7b, 0x1e, 0x85, 0x1f, 0x7b, 0x1f, 0x85, 0x1f, 0x7b,
  0x1f, 0x85, 0x1e, 0x7b, 0x1f, 0x85, 0x1f, 0x7b, 0x1e, 0x85, 0x1e, 0x7b,
  0x1e, 0x84, 0x1e, 0x7a, 0x1e, 0x84, 0x1e, 0x7b, 0x1e, 0x85, 0x1e, 0x7b,
  0x1e, 0x84, 0x1e, 0x7a, 0x1e, 0x84, 0x1e, 0x7a, 0x1f, 0x84, 0x1f, 0x7a,
  0x1f, 0x84, 0x1f, 0x7a, 0x1f, 0x84, 0x1f, 0x7a, 0x1f, 0x85, 0x1f, 0x7a,
  0x1f, 0x84, 0x1f, 0x7a, 0x1f, 0x85, 0x1f, 0x7a, 0x1f, 0x85, 0x1f, 0x7a,
  0x20, 0x85, 0x20, 0x7a, 0x20, 0x85, 0x20, 0x7a, 0x20, 0x85, 0x20, 0x7a,
  0x20, 0x85, 0x1f, 0x7a, 0x20, 0x85, 0x20, 0x7a, 0x20, 0x86, 0x20, 0x7a,
  0x20, 0x86, 0x20, 0x7a, 0x20, 0x86, 0x21, 0x7a, 0x21, 0x86, 0x21, 0x7a,
  0x21, 0x86, 0x21, 0x7a, 0x21, 0x86, 0x21, 0x7a, 0x21, 0x86, 0x21, 0x7a,
  0x21, 0x86, 0x21, 0x7a, 0x21, 0x86, 0x22, 0x7a, 0x23, 0x86, 0x23, 0x7a,
  0x23, 0x86, 0x23, 0x7a, 0x22, 0x86, 0x22, 0x7a, 0x22, 0x86, 0x22, 0x7a,
  0x22, 0x86, 0x23, 0x7a, 0x24, 0x86, 0x23, 0x79, 0x23, 0x86, 0x23, 0x7a,
  0x24, 0x86, 0x25, 0x7a, 0x24, 0x87, 0x24, 0x7a, 0x25, 0x86, 0x25, 0x7a,
  0x25, 0x86, 0x26, 0x7a, 0x26, 0x85, 0x27, 0x7b, 0x28, 0x84, 0x29, 0x7b,
  0x2a, 0x82, 0x2c, 0x7d, 0x2f, 0x80, 0x33, 0x7f, 0x2e, 0x7c, 0x43, 0x82,
  0x82, 0x56, 0xaf, 0x94, 0xc0, 0x42, 0xc5, 0x9d, 0xc5, 0x44, 0xc0, 0x9c,
  0xa9, 0x5b, 0x77, 0x92, 0x3a, 0x81, 0x2f, 0x7f, 0x37, 0x84, 0x34, 0x7c,
  0x34, 0x87, 0x33, 0x79, 0x33, 0x89, 0x33, 0x76, 0x34, 0x8b, 0x34, 0x75,
  0x35, 0x8c, 0x35, 0x74, 0x36, 0x8d, 0x37, 0x72, 0x38, 0x8e, 0x39, 0x71,
  0x3b, 0x8f, 0x3c, 0x70, 0x3d, 0x90, 0x3f, 0x6e, 0x40, 0x91, 0x41, 0x6d,
  0x43, 0x92, 0x44, 0x6c, 0x45, 0x94, 0x49, 0x69, 0x48, 0x8d, 0x2a, 0x73,
  0x24, 0x83, 0x24, 0x7b, 0x24, 0x84, 0x24, 0x7b, 0x25, 0x83, 0x24, 0x7b,
  0x24, 0x83, 0x24, 0x7b, 0x24, 0x83, 0x24, 0x7b, 0x23, 0x84, 0x23, 0x7b,
  0x22, 0x83, 0x22, 0x7b, 0x21, 0x83, 0x20, 0x7c, 0x24, 0x83, 0x29, 0x7c,
  0x3a, 0x84, 0x58, 0x7c, 0x65, 0x84, 0x78, 0x7c, 0x8b, 0x83, 0x9c, 0x7d,
  0xad, 0x81, 0xba, 0x7e, 0xc3, 0x81, 0xc9, 0x7e, 0xcd, 0x80, 0xd0, 0x7e,
  0xd1, 0x7f, 0xd2, 0x7e, 0xd3, 0x7f, 0xd4, 0x7e, 0xd5, 0x7f, 0xd6, 0x7f,
  0xd7, 0x7f, 0xd8, 0x7e, 0xd8, 0x7f, 0xd8, 0x7e, 0xd8, 0x7f, 0xd9, 0x7e,
  0xd8, 0x7f, 0xd8, 0x7e, 0xd8, 0x7f, 0xd8, 0x7e, 0xd8, 0x7f, 0xd8, 0x7e,
  0xd8, 0x7f, 0xd7, 0x7e, 0xd6, 0x7f, 0xd6, 0x7e, 0xd5, 0x7f, 0xd5, 0x7e,
  0xd4, 0x7f, 0xd4, 0x7e, 0xd3, 0x7f, 0xd3, 0x7e, 0xd2, 0x80, 0xd1, 0x7e,
  0xd1, 0x80, 0xcf, 0x7e, 0xce, 0x80, 0xce, 0x7e, 0xcc, 0x80, 0xca, 0x7e,
  0xd0, 0x80, 0xc6, 0x7e, 0xc3, 0x81, 0xc1, 0x7d, 0xba, 0x85, 0x4c, 0x7a,
  0x39, 0x89, 0x40, 0x77, 0x49, 0x90, 0x5a, 0x71, 0x74, 0x9a, 0x9d, 0x63,
  0x5e, 0x95, 0x42, 0x66, 0x47, 0x92, 0x45, 0x6b, 0x43, 0x91, 0x42, 0x6c,
  0x41, 0x90, 0x40, 0x6d, 0x3f, 0x90, 0x3e, 0x6e, 0x3d, 0x8f, 0x3c, 0x70,
  0x3b, 0x8e, 0x3a, 0x71, 0x38, 0x8c, 0x37, 0x73, 0x35, 0x8c, 0x34, 0x74,
  0x33, 0x8b, 0x33, 0x75, 0x32, 0x8a, 0x32, 0x76, 0x31, 0x89, 0x30, 0x77,
  0x2f, 0x89, 0x2f, 0x76, 0x2d, 0x88, 0x2c, 0x77, 0x2b, 0x88, 0x2b, 0x78,
  0x2b, 0x87, 0x2b, 0x78, 0x2a, 0x87, 0x2a, 0x79, 0x29, 0x87, 0x28, 0x79,
  0x28, 0x87, 0x28, 0x79, 0x28, 0x87, 0x28, 0x79, 0x27, 0x87, 0x27, 0x79,
  0x26, 0x86, 0x26, 0x7a, 0x26, 0x86, 0x26, 0x7a, 0x26, 0x86, 0x26, 0x7a,
  0x25, 0x86, 0x25, 0x7a, 0x25, 0x86, 0x25, 0x7a, 0x25, 0x86, 0x25, 0x7a,
  0x25, 0x84, 0x26, 0x7b, 0x26, 0x82, 0x27, 0x7d, 0x2c, 0x81, 0x29, 0x7e,
  0x51, 0x5d, 0xc2, 0x90, 0xc1, 0x44, 0xc0, 0x9c, 0xc0, 0x44, 0xbd, 0x9c,
  0xc9, 0x53, 0x82, 0x95, 0x28, 0x7d, 0x2f, 0x81, 0x29, 0x80, 0x27, 0x7e,
  0x25, 0x83, 0x23, 0x7c, 0x22, 0x84, 0x22, 0x7b, 0x21, 0x85, 0x21, 0x7b,
  0x20, 0x85, 0x20, 0x7a, 0x20, 0x85, 0x20, 0x7a, 0x20, 0x85, 0x20, 0x7a,
  0x20, 0x85, 0x20, 0x7a, 0x20, 0x85, 0x20, 0x7a, 0x20, 0x85, 0x20, 0x7a,
  0x20, 0x85, 0x20, 0x7a, 0x20, 0x85, 0x20, 0x7a, 0x1f, 0x85, 0x1f, 0x7a,
  0x1f, 0x85, 0x1f, 0x7a, 0x1f, 0x85, 0x1f, 0x7a, 0x1f, 0x84, 0x1f, 0x7a,
  0x1f, 0x84, 0x1f, 0x7a, 0x1f, 0x84, 0x1f, 0x7a, 0x1f, 0x84, 0x1f, 0x7b,
  0x1f, 0x85, 0x1f, 0x7b, 0x1f, 0x84, 0x1f, 0x7a, 0x1f, 0x85, 0x1f, 0x7a,
  0x1f, 0x84, 0x1f, 0x7a, 0x1e, 0x85, 0x1e, 0x7b, 0x1e, 0x84, 0x1e, 0x7a,
  0x1e, 0x84, 0x1e, 0x7b, 0x1e, 0x84, 0x1e, 0x7a, 0x1e, 0x84, 0x1f, 0x7a,
  0x1e, 0x84, 0x1e, 0x7a, 0x1f, 0x84, 0x1f, 0x7a, 0x1f, 0x84, 0x1f, 0x7a,
  0x1f, 0x84, 0x1f, 0x7a, 0x1f, 0x84, 0x1f, 0x7a, 0x1f, 0x84, 0x1f, 0x7a,
  0x1f, 0x84, 0x1f, 0x7a, 0x1f, 0x84, 0x1f, 0x7a, 0x1f, 0x85, 0x1f, 0x7a,
  0x1f, 0x85, 0x20, 0x7a, 0x1f, 0x85, 0x20, 0x7a, 0x20, 0x85, 0x20, 0x7a,
  0x20, 0x85, 0x20, 0x7a, 0x20, 0x85, 0x20, 0x7a, 0x1f, 0x85, 0x20, 0x7a,
  0x20, 0x85, 0x20, 0x7a, 0x20, 0x85, 0x20, 0x7a, 0x21, 0x85, 0x21, 0x7a,
  0x20, 0x85, 0x21, 0x7a, 0x21, 0x85, 0x21, 0x7a, 0x21, 0x86, 0x21, 0x7a,
  0x21, 0x85, 0x21, 0x7a, 0x21, 0x86, 0x22, 0x7a, 0x22, 0x86, 0x23, 0x79,
  0x23, 0x86, 0x23, 0x7a, 0x23, 0x86, 0x23, 0x79, 0x23, 0x86, 0x23, 0x79,
  0x23, 0x86, 0x23, 0x79, 0x23, 0x86, 0x23, 0x79, 0x24, 0x86, 0x23, 0x79,
  0x24, 0x86, 0x23, 0x79, 0x23, 0x86, 0x24, 0x79, 0x25, 0x86, 0x25, 0x79,
  0x24, 0x86, 0x25, 0x79, 0x25, 0x86, 0x25, 0x7a, 0x26, 0x85, 0x26, 0x7a,
  0x27, 0x84, 0x28, 0x7b, 0x29, 0x83, 0x2b, 0x7c, 0x2d, 0x80, 0x2f, 0x7e,
  0x33, 0x80, 0x31, 0x80, 0x2c, 0x7d, 0x3a, 0x81, 0x53, 0x6e, 0x62, 0x88,
  0x60, 0x71, 0x4d, 0x87, 0x35, 0x81, 0x2c, 0x7f, 0x34, 0x82, 0x35, 0x7e,
  0x33, 0x85, 0x33, 0x7b, 0x32, 0x88, 0x32, 0x78, 0x33, 0x89, 0x33, 0x76,
  0x33, 0x8b, 0x34, 0x75, 0x34, 0x8c, 0x35, 0x74, 0x35, 0x8d, 0x37, 0x72,
  0x38, 0x8e, 0x39, 0x71, 0x3a, 0x8f, 0x3c, 0x70, 0x3d, 0x90, 0x3f, 0x6e,
  0x40, 0x91, 0x41, 0x6c, 0x42, 0x92, 0x44, 0x6c, 0x45, 0x94, 0x46, 0x68,
  0x4a, 0x8f, 0x34, 0x70, 0x23, 0x84, 0x23, 0x7c, 0x22, 0x83, 0x22, 0x7b,
  0x21, 0x83, 0x21, 0x7b, 0x21, 0x83, 0x21, 0x7b, 0x21, 0x83, 0x21, 0x7b,
  0x21, 0x83, 0x20, 0x7b, 0x21, 0x82, 0x20, 0x7c, 0x20, 0x82, 0x24, 0x7c,
  0x27, 0x82, 0x24, 0x7c, 0x4a, 0x85, 0x61, 0x7c, 0x70, 0x84, 0x85, 0x7c,
  0x98, 0x82, 0xa8, 0x7d, 0xb6, 0x81, 0xbf, 0x7e, 0xc5, 0x80, 0xca, 0x7e,
  0xcd, 0x80, 0xcf, 0x7e, 0xd1, 0x7f, 0xd2, 0x7e, 0xd2, 0x7f, 0xd4, 0x7e,
  0xd4, 0x7f, 0xd6, 0x7e, 0xd6, 0x7f, 0xd7, 0x7e, 0xd7, 0x7f, 0xd8, 0x7f,
  0xd8, 0x7e, 0xd7, 0x7e, 0xd8, 0x7e, 0xd8, 0x7e, 0xd8, 0x7f, 0xd8, 0x7e,
  0xd7, 0x7f, 0xd7, 0x7e, 0xd7, 0x7f, 0xd7, 0x7e, 0xd6, 0x7f, 0xd5, 0x7e,
  0xd5, 0x7f, 0xd4, 0x7e, 0xd4, 0x7f, 0xd3, 0x7e, 0xd3, 0x7f, 0xd2, 0x7e,
  0xd1, 0x7f, 0xd1, 0x7e, 0xd0, 0x80, 0xcf, 0x7e, 0xce, 0x80, 0xcd, 0x7e,
  0xd0, 0x81, 0xbb, 0x7d, 0x87, 0x83, 0xbc, 0x7c, 0xc3, 0x81, 0xbb, 0x7d,
  0xc2, 0x85, 0x6b, 0x7a, 0x35, 0x88, 0x3f, 0x77, 0x43, 0x8e, 0x53, 0x73,
  0x6a, 0x99, 0x97, 0x65, 0x72, 0x96, 0x40, 0x65, 0x47, 0x92, 0x44, 0x6b,
  0x43, 0x91, 0x42, 0x6c, 0x41, 0x91, 0x40, 0x6d, 0x3f, 0x90, 0x3e, 0x6f,
  0x3d, 0x8f, 0x3c, 0x70, 0x3a, 0x8e, 0x3a, 0x71, 0x38, 0x8d, 0x37, 0x73,
  0x35, 0x8b, 0x34, 0x74, 0x33, 0x8b, 0x32, 0x75, 0x32, 0x8a, 0x31, 0x75,
  0x31, 0x89, 0x30, 0x76, 0x2f, 0x89, 0x2e, 0x77, 0x2d, 0x88, 0x2c, 0x77,
  0x2c, 0x87, 0x2b, 0x78, 0x2b, 0x87, 0x2a, 0x78, 0x2a, 0x87, 0x2a, 0x79,
  0x29, 0x87, 0x28, 0x79, 0x29, 0x87, 0x28, 0x79, 0x27, 0x87, 0x27, 0x79,
  0x27, 0x86, 0x27, 0x79, 0x26, 0x86, 0x26, 0x79, 0x26, 0x86, 0x26, 0x7a,
  0x26, 0x86, 0x26, 0x7a, 0x25, 0x86, 0x24, 0x7a, 0x25, 0x85, 0x24, 0x7a,
  0x24, 0x85, 0x24, 0x7a, 0x25, 0x84, 0x26, 0x7b, 0x26, 0x82, 0x28, 0x7d,
  0x2d, 0x81, 0x25, 0x7e, 0x71, 0x56, 0xc9, 0x92, 0xbd, 0x45, 0xc0, 0x9b,
  0xbf, 0x43, 0xc1, 0x9c, 0xba, 0x5f, 0x42, 0x8f, 0x2b, 0x81, 0x2c, 0x7f,
  0x28, 0x80, 0x25, 0x7d, 0x24, 0x83, 0x23, 0x7b, 0x22, 0x84, 0x22, 0x7b,
  0x21, 0x85, 0x21, 0x7a, 0x20, 0x85, 0x20, 0x7a, 0x20, 0x85, 0x20, 0x7a,
  0x20, 0x85, 0x20, 0x7a, 0x20, 0x85, 0x20, 0x7a, 0x20, 0x85, 0x20, 0x7a,
  0x20, 0x85, 0x20, 0x7a, 0x20, 0x85, 0x20, 0x7a, 0x20, 0x85, 0x20, 0x7a,
  0x1f, 0x85, 0x20, 0x7a, 0x20, 0x85, 0x20, 0x7a, 0x20, 0x85, 0x1f, 0x7a,
  0x1f, 0x85, 0x1f, 0x7a, 0x1f, 0x84, 0x1f, 0x7a, 0x1f, 0x84, 0x1f, 0x7a,
  0x20, 0x84, 0x1f, 0x7a, 0x1f, 0x85, 0x1f, 0x7a, 0x1f, 0x84, 0x1f, 0x7a,
  0x1f, 0x84, 0x1f, 0x7a, 0x1f, 0x84, 0x1f, 0x7a, 0x1e, 0x84, 0x1f, 0x7a,
  0x1e, 0x84, 0x1e, 0x7a, 0x1e, 0x84, 0x1e, 0x7a, 0x1e, 0x85, 0x1e, 0x7a,
  0x1e, 0x85, 0x1e, 0x7a, 0x1e, 0x85, 0x1e, 0x7a, 0x1f, 0x85, 0x1f, 0x7a,
  0x1f, 0x85, 0x1f, 0x7a, 0x1f, 0x85, 0x1f, 0x7a, 0x1f, 0x85, 0x1f, 0x7a,
  0x1f, 0x85, 0x20, 0x7a, 0x1f, 0x85, 0x1f, 0x7a, 0x1f, 0x85, 0x20, 0x7a,
  0x20, 0x85, 0x1f, 0x7a, 0x20, 0x85, 0x20, 0x7a, 0x20, 0x85, 0x20, 0x7a,
  0x20, 0x85, 0x20, 0x7a, 0x20, 0x85, 0x20, 0x7a, 0x20, 0x85, 0x20, 0x7a,
  0x20, 0x86, 0x20, 0x7a, 0x20, 0x86, 0x20, 0x7a, 0x20, 0x86, 0x20, 0x7a,
  0x20, 0x86, 0x21, 0x7a, 0x21, 0x86, 0x21, 0x7a, 0x21, 0x86, 0x21, 0x7a,
  0x21, 0x86, 0x21, 0x7a, 0x21, 0x86, 0x22, 0x7a, 0x22, 0x86, 0x22, 0x7a,
  0x22, 0x86, 0x22, 0x7a, 0x23, 0x86, 0x23, 0x7a, 0x23, 0x87, 0x23, 0x7a,
  0x23, 0x86, 0x23, 0x7a, 0x23, 0x87, 0x23, 0x79, 0x23, 0x87, 0x24, 0x7a,
  0x24, 0x87, 0x24, 0x79, 0x24, 0x87, 0x23, 0x7a, 0x23, 0x87, 0x24, 0x7a,
  0x25, 0x87, 0x25, 0x7a, 0x25, 0x87, 0x25, 0x79, 0x25, 0x86, 0x25, 0x7a,
  0x26, 0x86, 0x26, 0x7a, 0x26, 0x86, 0x27, 0x7a, 0x29, 0x84, 0x29, 0x7b,
  0x2b, 0x83, 0x2d, 0x7d, 0x2e, 0x81, 0x30, 0x7e, 0x33, 0x80, 0x32, 0x7f,
  0x2e, 0x82, 0x2b, 0x7f, 0x2b, 0x82, 0x2e, 0x7e, 0x33, 0x81, 0x35, 0x7e,
  0x33, 0x84, 0x31, 0x7c, 0x31, 0x86, 0x31, 0x7a, 0x31, 0x88, 0x32, 0x78,
  0x32, 0x8a, 0x32, 0x76, 0x33, 0x8b, 0x33, 0x75, 0x34, 0x8c, 0x35, 0x74,
  0x35, 0x8d, 0x37, 0x73, 0x38, 0x8e, 0x39, 0x71, 0x3a, 0x8f, 0x3b, 0x70,
  0x3d, 0x90, 0x3f, 0x6f, 0x40, 0x91, 0x41, 0x6d, 0x42, 0x92, 0x43, 0x6c,
  0x45, 0x93, 0x46, 0x69, 0x4a, 0x92, 0x44, 0x6b, 0x29, 0x85, 0x22, 0x7a,
  0x20, 0x83, 0x1f, 0x7c, 0x1f, 0x83, 0x1f, 0x7b, 0x1f, 0x83, 0x1f, 0x7b,
  0x1e, 0x83, 0x1e, 0x7c, 0x1f, 0x83, 0x20, 0x7c, 0x22, 0x82, 0x23, 0x7c,
  0x29, 0x83, 0x2c, 0x7c, 0x1e, 0x82, 0x22, 0x7c, 0x57, 0x85, 0x6b, 0x7c,
  0x7e, 0x85, 0x92, 0x7d, 0xa4, 0x82, 0xb2, 0x7d, 0xbc, 0x81, 0xc3, 0x7e,
  0xc7, 0x81, 0xcb, 0x7e, 0xcd, 0x80, 0xcf, 0x7e, 0xd0, 0x7f, 0xd2, 0x7e,
  0xd2, 0x7f, 0xd3, 0x7e, 0xd4, 0x7f, 0xd5, 0x7e, 0xd6, 0x7f, 0xd6, 0x7e,
  0xd6, 0x7f, 0xd6, 0x7e, 0xd7, 0x7f, 0xd7, 0x7f, 0xd7, 0x7f, 0xd7, 0x7f,
  0xd7, 0x7f, 0xd7, 0x7e, 0xd6, 0x7f, 0xd6, 0x7e, 0xd6, 0x7f, 0xd5, 0x7e,
  0xd5, 0x7f, 0xd4, 0x7e, 0xd4, 0x7f, 0xd4, 0x7e, 0xd3, 0x7f, 0xd3, 0x7e,
  0xd3, 0x7f, 0xd2, 0x7e, 0xd1, 0x80, 0xd0, 0x7e, 0xcf, 0x80, 0xce, 0x7e,
  0xcd, 0x80, 0xca, 0x7e, 0xce, 0x82, 0xb4, 0x7d, 0x4c, 0x87, 0x66, 0x79,
  0xb1, 0x82, 0xbf, 0x7d, 0xc5, 0x84, 0x91, 0x7c, 0x35, 0x89, 0x3d, 0x77,
  0x3e, 0x8d, 0x4c, 0x74, 0x62, 0x98, 0x89, 0x67, 0x84, 0x97, 0x41, 0x65,
  0x46, 0x92, 0x44, 0x6b, 0x43, 0x91, 0x42, 0x6c, 0x41, 0x91, 0x41, 0x6e,
  0x3f, 0x90, 0x3e, 0x6f, 0x3d, 0x8f, 0x3b, 0x70, 0x3a, 0x8d, 0x39, 0x72,
  0x38, 0x8d, 0x36, 0x73, 0x35, 0x8c, 0x34, 0x74, 0x33, 0x8b, 0x33, 0x75,
  0x32, 0x8a, 0x31, 0x75, 0x31, 0x8a, 0x30, 0x76, 0x30, 0x8a, 0x2f, 0x77,
  0x2e, 0x88, 0x2d, 0x78, 0x2c, 0x88, 0x2c, 0x78, 0x2b, 0x88, 0x2a, 0x78,
  0x2a, 0x87, 0x2a, 0x78, 0x29, 0x87, 0x28, 0x79, 0x28, 0x87, 0x28, 0x79,
  0x27, 0x87, 0x28, 0x79, 0x28, 0x87, 0x27, 0x79, 0x27, 0x87, 0x26, 0x7a,
  0x26, 0x86, 0x26, 0x7a, 0x26, 0x87, 0x26, 0x7a, 0x25, 0x87, 0x25, 0x7a,
  0x25, 0x86, 0x25, 0x7a, 0x25, 0x85, 0x25, 0x7a, 0x25, 0x85, 0x25, 0x7b,
  0x27, 0x82, 0x28, 0x7d, 0x2c, 0x81, 0x27, 0x7e, 0x68, 0x56, 0xcb, 0x93,
  0xc7, 0x41, 0xc2, 0x9d, 0xbc, 0x45, 0xc9, 0x9c, 0x81, 0x6c, 0x27, 0x8a,
  0x2f, 0x82, 0x29, 0x7e, 0x27, 0x82, 0x25, 0x7d, 0x23, 0x84, 0x22, 0x7b,
  0x22, 0x85, 0x22, 0x7b, 0x22, 0x85, 0x21, 0x7a, 0x21, 0x85, 0x20, 0x7a,
  0x20, 0x85, 0x20, 0x7a, 0x21, 0x86, 0x20, 0x7a, 0x20, 0x85, 0x20, 0x7a,
  0x20, 0x85, 0x20, 0x7a, 0x20, 0x85, 0x20, 0x7a, 0x20, 0x85, 0x20, 0x7a,
  0x20, 0x85, 0x20, 0x7a, 0x20, 0x85, 0x20, 0x7a, 0x1f, 0x85, 0x1f, 0x7a,
  0x20, 0x85, 0x20, 0x7a, 0x1f, 0x85, 0x1f, 0x7a, 0x20, 0x85, 0x1f, 0x7a,
  0x1f, 0x85, 0x1f, 0x7a, 0x1f, 0x85, 0x1f, 0x7a, 0x1f, 0x85, 0x1f, 0x7a,
  0x1f, 0x85, 0x1f, 0x7a, 0x1f, 0x85, 0x1f, 0x7a, 0x1f, 0x85, 0x1f, 0x7a,
  0x1e, 0x85, 0x1e, 0x7a, 0x1e, 0x85, 0x1e, 0x7a, 0x1e, 0x85, 0x1e, 0x7a,
  0x1e, 0x85, 0x1f, 0x7a, 0x1f, 0x85, 0x1e, 0x7a, 0x1f, 0x85, 0x1f, 0x7a,
  0x1f, 0x85, 0x1f, 0x7a, 0x1f, 0x85, 0x1f, 0x7a, 0x1f, 0x85, 0x1f, 0x7a,
  0x1f, 0x85, 0x1f, 0x7a, 0x1f, 0x85, 0x20, 0x7a, 0x1f, 0x85, 0x20, 0x7a,
  0x1f, 0x85, 0x20, 0x7a, 0x20, 0x85, 0x20, 0x7a, 0x20, 0x85, 0x20, 0x7a,
  0x20, 0x85, 0x20, 0x7a, 0x20, 0x86, 0x20, 0x7a, 0x20, 0x86, 0x20, 0x7a,
  0x20, 0x86, 0x20, 0x7a, 0x20, 0x86, 0x20, 0x7a, 0x20, 0x86, 0x20, 0x7a,
  0x20, 0x86, 0x21, 0x7a, 0x21, 0x86, 0x21, 0x7a, 0x21, 0x86, 0x21, 0x7a,
  0x21, 0x86, 0x21, 0x7a, 0x21, 0x86, 0x21, 0x7a, 0x21, 0x86, 0x22, 0x7a,
  0x22, 0x86, 0x22, 0x79, 0x22, 0x86, 0x22, 0x7a, 0x22, 0x86, 0x22, 0x7a,
  0x23, 0x86, 0x22, 0x79, 0x22, 0x87, 0x22, 0x7a, 0x23, 0x87, 0x23, 0x79,
  0x23, 0x87, 0x23, 0x79, 0x24, 0x87, 0x24, 0x79, 0x24, 0x87, 0x23, 0x79,
  0x23, 0x87, 0x23, 0x7a, 0x24, 0x87, 0x24, 0x79, 0x24, 0x87, 0x25, 0x79,
  0x25, 0x87, 0x25, 0x79, 0x26, 0x86, 0x26, 0x7a, 0x26, 0x86, 0x27, 0x7a,
  0x27, 0x85, 0x28, 0x7b, 0x29, 0x84, 0x2b, 0x7c, 0x2c, 0x83, 0x2d, 0x7d,
  0x2e, 0x81, 0x30, 0x7e, 0x30, 0x81, 0x31, 0x7e, 0x32, 0x81, 0x31, 0x7e,
  0x30, 0x83, 0x30, 0x7d, 0x30, 0x85, 0x2f, 0x7b, 0x2f, 0x88, 0x30, 0x79,
  0x31, 0x89, 0x31, 0x77, 0x31, 0x8a, 0x31, 0x76, 0x32, 0x8b, 0x33, 0x75,
  0x34, 0x8c, 0x34, 0x74, 0x35, 0x8c, 0x36, 0x73, 0x37, 0x8d, 0x39, 0x72,
  0x3a, 0x8f, 0x3b, 0x70, 0x3d, 0x8f, 0x3e, 0x6f, 0x3f, 0x90, 0x41, 0x6d,
  0x42, 0x92, 0x43, 0x6c, 0x44, 0x93, 0x46, 0x6a, 0x48, 0x96, 0x4b, 0x66,
  0x3f, 0x8a, 0x26, 0x74, 0x1f, 0x82, 0x1f, 0x7d, 0x1e, 0x83, 0x1e, 0x7b,
  0x1e, 0x82, 0x1e, 0x7c, 0x1c, 0x82, 0x1c, 0x7c, 0x1e, 0x82, 0x20, 0x7c,
  0x23, 0x82, 0x29, 0x7c, 0x27, 0x82, 0x1c, 0x7c, 0x1a, 0x83, 0x3c, 0x7c,
  0x6a, 0x85, 0x7a, 0x7c, 0x8e, 0x84, 0x9f, 0x7d, 0xad, 0x81, 0xb9, 0x7e,
  0xc0, 0x80, 0xc5, 0x7e, 0xc8, 0x80, 0xcb, 0x7e, 0xcd, 0x80, 0xce, 0x7e,
  0xd0, 0x7f, 0xd1, 0x7e, 0xd2, 0x7f, 0xd2, 0x7e, 0xd3, 0x7f, 0xd4, 0x7e,
  0xd5, 0x7f, 0xd5, 0x7e, 0xd5, 0x7f, 0xd6, 0x7e, 0xd6, 0x7f, 0xd6, 0x7e,
  0xd7, 0x7f, 0xd6, 0x7e, 0xd6, 0x7f, 0xd6, 0x7e, 0xd6, 0x7f, 0xd5, 0x7e,
  0xd5, 0x7f, 0xd5, 0x7e, 0xd4, 0x7f, 0xd4, 0x7e, 0xd3, 0x7f, 0xd3, 0x7e,
  0xd2, 0x7f, 0xd2, 0x7e, 0xd1, 0x7f, 0xd1, 0x7e, 0xd0, 0x80, 0xcf, 0x7e,
  0xce, 0x80, 0xcd, 0x7e, 0xcc, 0x80, 0xca, 0x7e, 0xca, 0x81, 0xbe, 0x7d,
  0x5c, 0x88, 0x4a, 0x78, 0x62, 0x85, 0xb4, 0x7a, 0xc4, 0x83, 0xa5, 0x7c,
  0x39, 0x88, 0x38, 0x78, 0x3c, 0x8b, 0x46, 0x75, 0x5a, 0x98, 0x7a, 0x69,
  0x8f, 0x97, 0x48, 0x64, 0x44, 0x92, 0x44, 0x6c, 0x43, 0x91, 0x42, 0x6c,
  0x41, 0x90, 0x40, 0x6e, 0x3f, 0x8f, 0x3e, 0x6f, 0x3d, 0x8e, 0x3b, 0x70,
  0x3a, 0x8d, 0x39, 0x72, 0x37, 0x8d, 0x36, 0x73, 0x35, 0x8c, 0x34, 0x74,
  0x34, 0x8b, 0x33, 0x74, 0x32, 0x8a, 0x31, 0x75, 0x31, 0x8a, 0x2f, 0x76,
  0x2f, 0x89, 0x2e, 0x76, 0x2d, 0x89, 0x2d, 0x77, 0x2c, 0x88, 0x2c, 0x78,
  0x2b, 0x88, 0x2a, 0x78, 0x29, 0x87, 0x29, 0x79, 0x29, 0x87, 0x28, 0x79,
  0x28, 0x87, 0x28, 0x79, 0x27, 0x87, 0x27, 0x79, 0x27, 0x87, 0x26, 0x79,
  0x26, 0x87, 0x26, 0x79, 0x26, 0x87, 0x26, 0x79, 0x26, 0x87, 0x25, 0x79,
  0x25, 0x87, 0x25, 0x79, 0x24, 0x86, 0x24, 0x7a, 0x24, 0x85, 0x25, 0x7a,
  0x25, 0x84, 0x25, 0x7b, 0x27, 0x82, 0x28, 0x7c, 0x2b, 0x80, 0x30, 0x7e,
  0x33, 0x74, 0x5a, 0x86, 0x92, 0x4f, 0xb9, 0x96, 0xcc, 0x48, 0xb7, 0x9a,
  0x3b, 0x79, 0x2a, 0x83, 0x2a, 0x81, 0x27, 0x7e, 0x25, 0x82, 0x24, 0x7d,
  0x23, 0x84, 0x22, 0x7b, 0x21, 0x85, 0x21, 0x7b, 0x21, 0x86, 0x21, 0x7a,
  0x21, 0x86, 0x20, 0x7a, 0x21, 0x86, 0x21, 0x7a, 0x21, 0x86, 0x20, 0x7a,
  0x20, 0x86, 0x20, 0x7a, 0x20, 0x85, 0x20, 0x7a, 0x20, 0x85, 0x20, 0x7a,
  0x20, 0x85, 0x20, 0x7a, 0x20, 0x85, 0x20, 0x7a, 0x20, 0x85, 0x1f, 0x7a,
  0x1f, 0x85, 0x1f, 0x7a, 0x20, 0x85, 0x1f, 0x7a, 0x1f, 0x85, 0x20, 0x7a,
  0x1f, 0x85, 0x1f, 0x7a, 0x1f, 0x85, 0x1f, 0x7a, 0x1f, 0x85, 0x1f, 0x7a,
  0x1f, 0x85, 0x1f, 0x7a, 0x1f, 0x85, 0x1f, 0x7a, 0x1f, 0x85, 0x1f, 0x7a,
  0x1f, 0x85, 0x1f, 0x7b, 0x1f, 0x85, 0x1f, 0x7a, 0x1f, 0x85, 0x1f, 0x7a,
  0x1f, 0x84, 0x1e, 0x7a, 0x1e, 0x84, 0x1e, 0x7a, 0x1e, 0x84, 0x1e, 0x7a,
  0x1e, 0x84, 0x1e, 0x7a, 0x1e, 0x84, 0x1f, 0x7a, 0x1f, 0x84, 0x1f, 0x7a,
  0x1f, 0x85, 0x1e, 0x7a, 0x1f, 0x85, 0x1f, 0x7a, 0x1f, 0x84, 0x1f, 0x7a,
  0x1f, 0x85, 0x1f, 0x7a, 0x1f, 0x85, 0x20, 0x7a, 0x1f, 0x85, 0x20, 0x7a,
  0x20, 0x85, 0x1f, 0x7a, 0x20, 0x85, 0x20, 0x7a, 0x20, 0x85, 0x20, 0x7a,
  0x20, 0x85, 0x20, 0x7a, 0x20, 0x85, 0x20, 0x7a, 0x20, 0x85, 0x20, 0x79,
  0x20, 0x85, 0x20, 0x7a, 0x20, 0x86, 0x20, 0x7a, 0x20, 0x85, 0x21, 0x7a,
  0x21, 0x85, 0x21, 0x7a, 0x21, 0x85, 0x21, 0x79, 0x21, 0x86, 0x22, 0x7a,
  0x22, 0x86, 0x22, 0x79, 0x22, 0x86, 0x22, 0x79, 0x22, 0x86, 0x22, 0x79,
  0x23, 0x86, 0x23, 0x79, 0x23, 0x86, 0x23, 0x79, 0x22, 0x86, 0x23, 0x79,
  0x23, 0x86, 0x23, 0x79, 0x23, 0x86, 0x23, 0x79, 0x24, 0x86, 0x24, 0x79,
  0x24, 0x86, 0x24, 0x79, 0x24, 0x86, 0x23, 0x79, 0x24, 0x86, 0x25, 0x79,
  0x24, 0x87, 0x25, 0x79, 0x25, 0x86, 0x25, 0x79, 0x26, 0x86, 0x26, 0x79,
  0x26, 0x86, 0x26, 0x7a, 0x27, 0x85, 0x28, 0x7a, 0x28, 0x85, 0x29, 0x7b,
  0x2a, 0x84, 0x2b, 0x7c, 0x2c, 0x84, 0x2c, 0x7d, 0x2d, 0x83, 0x2d, 0x7d,
  0x2d, 0x84, 0x2e, 0x7c, 0x2e, 0x85, 0x2e, 0x7b, 0x2e, 0x86, 0x2f, 0x7a,
  0x2f, 0x88, 0x30, 0x78, 0x30, 0x89, 0x30, 0x77, 0x31, 0x8a, 0x31, 0x75,
  0x32, 0x8b, 0x33, 0x74, 0x33, 0x8c, 0x34, 0x73, 0x35, 0x8d, 0x36, 0x73,
  0x37, 0x8d, 0x38, 0x71, 0x39, 0x8e, 0x3c, 0x70, 0x3d, 0x90, 0x3e, 0x6e,
  0x3f, 0x90, 0x41, 0x6d, 0x41, 0x92, 0x43, 0x6c, 0x44, 0x93, 0x46, 0x6b,
  0x47, 0x95, 0x48, 0x67, 0x4b, 0x93, 0x41, 0x69, 0x2c, 0x85, 0x1e, 0x7a,
  0x1c, 0x82, 0x1e, 0x7d, 0x1e, 0x82, 0x1e, 0x7c, 0x1e, 0x82, 0x20, 0x7c,
  0x22, 0x82, 0x25, 0x7c, 0x2c, 0x83, 0x31, 0x7c, 0x17, 0x80, 0x17, 0x7d,
  0x20, 0x83, 0x59, 0x7c, 0x7b, 0x84, 0x8c, 0x7c, 0x9c, 0x82, 0xaa, 0x7d,
  0xb5, 0x81, 0xbc, 0x7e, 0xc2, 0x80, 0xc7, 0x7e, 0xc9, 0x80, 0xcb, 0x7e,
  0xcd, 0x80, 0xce, 0x7e, 0xcf, 0x80, 0xd0, 0x7e, 0xd1, 0x7f, 0xd2, 0x7f,
  0xd2, 0x7f, 0xd3, 0x7e, 0xd4, 0x7f, 0xd4, 0x7e, 0xd5, 0x7f, 0xd5, 0x7e,
  0xd5, 0x7f, 0xd5, 0x7e, 0xd5, 0x7f, 0xd5, 0x7e, 0xd5, 0x7f, 0xd5, 0x7e,
  0xd5, 0x7f, 0xd4, 0x7f, 0xd4, 0x7f, 0xd3, 0x7e, 0xd3, 0x7f, 0xd3, 0x7e,
  0xd3, 0x7f, 0xd2, 0x7e, 0xd2, 0x80, 0xd1, 0x7e, 0xd0, 0x80, 0xd0, 0x7e,
  0xcf, 0x80, 0xce, 0x7e, 0xcd, 0x80, 0xcc, 0x7e, 0xcb, 0x80, 0xc9, 0x7e,
  0xc6, 0x80, 0xcc, 0x7d, 0x78, 0x87, 0x50, 0x78, 0x51, 0x87, 0x82, 0x78,
  0xc2, 0x83, 0xb3, 0x7c, 0x4a, 0x88, 0x34, 0x78, 0x3b, 0x8b, 0x42, 0x75,
  0x53, 0x96, 0x6c, 0x6b, 0x92, 0x98, 0x55, 0x64, 0x41, 0x92, 0x45, 0x6c,
  0x43, 0x91, 0x42, 0x6c, 0x41, 0x91, 0x40, 0x6e, 0x3f, 0x90, 0x3d, 0x6f,
  0x3c, 0x8e, 0x3a, 0x70, 0x3a, 0x8d, 0x38, 0x71, 0x37, 0x8d, 0x36, 0x73,
  0x35, 0x8c, 0x34, 0x74, 0x33, 0x8b, 0x33, 0x75, 0x32, 0x8a, 0x31, 0x75,
  0x30, 0x89, 0x2f, 0x76, 0x2f, 0x89, 0x2e, 0x76, 0x2e, 0x88, 0x2d, 0x77,
  0x2c, 0x88, 0x2b, 0x77, 0x2a, 0x88, 0x2a, 0x78, 0x2a, 0x87, 0x29, 0x78,
  0x29, 0x87, 0x28, 0x78, 0x29, 0x87, 0x28, 0x79, 0x27, 0x87, 0x27, 0x79,
  0x27, 0x87, 0x26, 0x79, 0x26, 0x86, 0x26, 0x79, 0x25, 0x86, 0x26, 0x79,
  0x25, 0x86, 0x25, 0x79, 0x25, 0x86, 0x25, 0x79, 0x24, 0x86, 0x24, 0x7a,
  0x25, 0x85, 0x25, 0x7a, 0x25, 0x84, 0x27, 0x7c, 0x28, 0x81, 0x2a, 0x7e,
  0x2d, 0x7e, 0x2a, 0x80, 0x28, 0x80, 0x24, 0x80, 0x2b, 0x77, 0x45, 0x85,
  0x67, 0x6e, 0x4d, 0x88, 0x29, 0x7f, 0x2b, 0x7f, 0x28, 0x81, 0x26, 0x7d,
  0x24, 0x83, 0x23, 0x7c, 0x22, 0x84, 0x22, 0x7b, 0x21, 0x85, 0x21, 0x7a,
  0x21, 0x85, 0x21, 0x7a, 0x21, 0x85, 0x20, 0x7a, 0x20, 0x86, 0x20, 0x7a,
  0x20, 0x85, 0x20, 0x79, 0x20, 0x85, 0x20, 0x7a, 0x20, 0x85, 0x20, 0x7a,
  0x20, 0x85, 0x20, 0x7a, 0x20, 0x85, 0x20, 0x7a, 0x20, 0x85, 0x20, 0x7a,
  0x1f, 0x85, 0x20, 0x7a, 0x1f, 0x85, 0x1f, 0x7a, 0x1f, 0x85, 0x1f, 0x7a,
  0x1f, 0x85, 0x1f, 0x7a, 0x1f, 0x85, 0x1f, 0x7a, 0x1f, 0x85, 0x1f, 0x7a,
  0x1f, 0x85, 0x1f, 0x7a, 0x1f, 0x84, 0x1f, 0x7a, 0x1f, 0x85, 0x1e, 0x7a,
  0x1e, 0x85, 0x1f, 0x7a, 0x1f, 0x85, 0x1f, 0x7a, 0x1e, 0x84, 0x1e, 0x7a,
  0x1e, 0x85, 0x1e, 0x7a, 0x1e, 0x84, 0x1e, 0x7a, 0x1e, 0x84, 0x1e, 0x7a,
  0x1e, 0x84, 0x1f, 0x7a, 0x1f, 0x84, 0x1e, 0x7a, 0x1e, 0x84, 0x1f, 0x7a,
  0x1f, 0x84, 0x1e, 0x7a, 0x1f, 0x84, 0x1f, 0x7a, 0x1f, 0x84, 0x1f, 0x7a,
  0x1f, 0x84, 0x1f, 0x7a, 0x1f, 0x85, 0x1f, 0x7a, 0x1f, 0x85, 0x1f, 0x7a,
  0x20, 0x85, 0x20, 0x7a, 0x20, 0x85, 0x20, 0x7a, 0x20, 0x85, 0x20, 0x7a,
  0x20, 0x85, 0x20, 0x7a, 0x20, 0x85, 0x20, 0x7a, 0x20, 0x85, 0x20, 0x7a,
  0x20, 0x85, 0x20, 0x7a, 0x20, 0x85, 0x20, 0x7a, 0x20, 0x86, 0x20, 0x7a,
  0x21, 0x86, 0x21, 0x7a, 0x21, 0x86, 0x21, 0x7a, 0x21, 0x86, 0x21, 0x7a,
  0x21, 0x86, 0x21, 0x7a, 0x21, 0x86, 0x21, 0x7a, 0x22, 0x86, 0x22, 0x7a,
  0x22, 0x86, 0x22, 0x79, 0x22, 0x86, 0x23, 0x7a, 0x23, 0x86, 0x22, 0x7a,
  0x22, 0x86, 0x23, 0x7a, 0x23, 0x86, 0x23, 0x79, 0x23, 0x86, 0x23, 0x7a,
  0x23, 0x86, 0x24, 0x7a, 0x24, 0x86, 0x24, 0x79, 0x23, 0x86, 0x24, 0x7a,
  0x24, 0x86, 0x25, 0x79, 0x25, 0x86, 0x25, 0x79, 0x25, 0x86, 0x25, 0x7a,
  0x25, 0x86, 0x25, 0x7a, 0x25, 0x86, 0x26, 0x7a, 0x26, 0x86, 0x27, 0x7a,
  0x27, 0x85, 0x28, 0x7a, 0x29, 0x85, 0x29, 0x7b, 0x2a, 0x84, 0x2a, 0x7c,
  0x2b, 0x84, 0x2b, 0x7c, 0x2c, 0x85, 0x2c, 0x7b, 0x2c, 0x86, 0x2d, 0x7a,
  0x2d, 0x87, 0x2e, 0x79, 0x2e, 0x88, 0x2f, 0x78, 0x2f, 0x89, 0x2f, 0x77,
  0x30, 0x8a, 0x31, 0x75, 0x31, 0x8b, 0x33, 0x75, 0x33, 0x8c, 0x34, 0x74,
  0x35, 0x8d, 0x36, 0x73, 0x37, 0x8d, 0x38, 0x72, 0x39, 0x8e, 0x3b, 0x71,
  0x3c, 0x90, 0x3e, 0x6f, 0x3f, 0x90, 0x40, 0x6e, 0x41, 0x92, 0x43, 0x6c,
  0x44, 0x93, 0x46, 0x6a, 0x47, 0x95, 0x49, 0x68, 0x4a, 0x97, 0x48, 0x64,
  0x70, 0x97, 0x69, 0x64, 0x34, 0x88, 0x26, 0x78, 0x20, 0x81, 0x20, 0x7d,
  0x23, 0x81, 0x1f, 0x7c, 0x25, 0x84, 0x3e, 0x7c, 0x45, 0x85, 0x2f, 0x7c,
  0x18, 0x81, 0x21, 0x7c, 0x3f, 0x84, 0x7a, 0x7b, 0x8b, 0x84, 0x9b, 0x7c,
  0xa6, 0x82, 0xb1, 0x7d, 0xba, 0x81, 0xbf, 0x7d, 0xc3, 0x80, 0xc7, 0x7e,
  0xca, 0x80, 0xcc, 0x7e, 0xcd, 0x80, 0xcd, 0x7e, 0xce, 0x80, 0xcf, 0x7e,
  0xd0, 0x80, 0xd1, 0x7e, 0xd2, 0x7f, 0xd2, 0x7e, 0xd2, 0x7f, 0xd3, 0x7e,
  0xd4, 0x7f, 0xd4, 0x7e, 0xd4, 0x7f, 0xd4, 0x7e, 0xd4, 0x7f, 0xd4, 0x7e,
  0xd4, 0x7f, 0xd4, 0x7e, 0xd4, 0x7f, 0xd4, 0x7e, 0xd3, 0x7f, 0xd3, 0x7e,
  0xd3, 0x7f, 0xd2, 0x7e, 0xd2, 0x80, 0xd1, 0x7e, 0xd0, 0x80, 0xd0, 0x7e,
  0xd0, 0x80, 0xce, 0x7e, 0xce, 0x80, 0xcd, 0x7e, 0xcc, 0x80, 0xcb, 0x7e,
  0xca, 0x80, 0xc8, 0x7d, 0xc5, 0x80, 0xcd, 0x7e, 0x9e, 0x86, 0x4b, 0x79,
  0x51, 0x88, 0x5b, 0x78, 0xad, 0x83, 0xb9, 0x7c, 0x5e, 0x87, 0x31, 0x78,
  0x3c, 0x8a, 0x3f, 0x76, 0x4d, 0x94, 0x63, 0x6d, 0x8e, 0x98, 0x64, 0x64,
  0x3d, 0x92, 0x44, 0x6c, 0x42, 0x91, 0x42, 0x6d, 0x41, 0x90, 0x3f, 0x6e,
  0x3e, 0x8f, 0x3d, 0x6f, 0x3c, 0x8f, 0x3b, 0x71, 0x39, 0x8d, 0x38, 0x72,
  0x37, 0x8c, 0x36, 0x73, 0x35, 0x8c, 0x34, 0x74, 0x34, 0x8b, 0x33, 0x74,
  0x32, 0x8a, 0x31, 0x75, 0x30, 0x89, 0x2f, 0x76, 0x2f, 0x89, 0x2e, 0x77,
  0x2d, 0x88, 0x2c, 0x78, 0x2c, 0x88, 0x2b, 0x78, 0x2b, 0x88, 0x2a, 0x78,
  0x2a, 0x87, 0x29, 0x78, 0x28, 0x87, 0x28, 0x78, 0x28, 0x87, 0x27, 0x79,
  0x27, 0x86, 0x27, 0x79, 0x26, 0x86, 0x26, 0x79, 0x26, 0x86, 0x25, 0x79,
  0x25, 0x86, 0x25, 0x79, 0x25, 0x86, 0x25, 0x7a, 0x25, 0x86, 0x24, 0x7a,
  0x24, 0x86, 0x24, 0x7a, 0x24, 0x85, 0x25, 0x7a, 0x26, 0x83, 0x28, 0x7c,
  0x2a, 0x81, 0x2d, 0x7e, 0x28, 0x78, 0x46, 0x83, 0x70, 0x64, 0x76, 0x8c,
  0x50, 0x76, 0x2b, 0x86, 0x29, 0x80, 0x2a, 0x80, 0x2d, 0x7f, 0x28, 0x7f,
  0x26, 0x82, 0x24, 0x7d, 0x23, 0x84, 0x22, 0x7b, 0x22, 0x84, 0x22, 0x7b,
  0x21, 0x85, 0x21, 0x7a, 0x21, 0x85, 0x21, 0x7a, 0x21, 0x85, 0x20, 0x7a,
  0x21, 0x86, 0x20, 0x7a, 0x20, 0x85, 0x20, 0x7a, 0x20, 0x85, 0x20, 0x7a,
  0x20, 0x85, 0x20, 0x7a, 0x20, 0x85, 0x20, 0x7a, 0x20, 0x85, 0x20, 0x7a,
  0x20, 0x85, 0x20, 0x7a, 0x20, 0x85, 0x1f, 0x7a, 0x1f, 0x85, 0x1f, 0x7a,
  0x1f, 0x85, 0x1f, 0x7a, 0x1f, 0x85, 0x1f, 0x7a, 0x1f, 0x85, 0x1f, 0x7a,
  0x1f, 0x85, 0x1f, 0x7a, 0x1f, 0x84, 0x1f, 0x7a, 0x1f, 0x84, 0x1f, 0x7a,
  0x1f, 0x84, 0x1f, 0x7a, 0x1f, 0x84, 0x1f, 0x7a, 0x1f, 0x84, 0x1f, 0x7a,
  0x1f, 0x84, 0x1e, 0x7a, 0x1e, 0x84, 0x1e, 0x7a, 0x1e, 0x84, 0x1e, 0x7a,
  0x1f, 0x85, 0x1f, 0x7a, 0x1f, 0x84, 0x1f, 0x7a, 0x1f, 0x84, 0x1f, 0x7a,
  0x1f, 0x85, 0x1f, 0x7a, 0x1f, 0x85, 0x1f, 0x7a, 0x1f, 0x85, 0x1f, 0x7a,
  0x1f, 0x85, 0x1f, 0x7a, 0x1f, 0x85, 0x1f, 0x7a, 0x1f, 0x85, 0x1f, 0x7a,
  0x20, 0x85, 0x20, 0x7a, 0x20, 0x85, 0x20, 0x7a, 0x20, 0x85, 0x1f, 0x7a,
  0x20, 0x85, 0x20, 0x7a, 0x20, 0x85, 0x20, 0x7a, 0x20, 0x85, 0x20, 0x7a,
  0x20, 0x85, 0x20, 0x7a, 0x20, 0x85, 0x20, 0x7a, 0x20, 0x85, 0x20, 0x7a,
  0x20, 0x86, 0x20, 0x7a, 0x20, 0x85, 0x20, 0x7a, 0x21, 0x86, 0x21, 0x7a,
  0x21, 0x86, 0x20, 0x7a, 0x21, 0x86, 0x21, 0x7a, 0x21, 0x86, 0x21, 0x7a,
  0x21, 0x86, 0x22, 0x7a, 0x21, 0x86, 0x22, 0x79, 0x22, 0x86, 0x22, 0x79,
  0x22, 0x86, 0x22, 0x79, 0x22, 0x86, 0x22, 0x7a, 0x23, 0x86, 0x23, 0x79,
  0x23, 0x86, 0x23, 0x79, 0x23, 0x86, 0x23, 0x79, 0x23, 0x86, 0x24, 0x79,
  0x23, 0x87, 0x23, 0x79, 0x24, 0x86, 0x24, 0x79, 0x24, 0x87, 0x24, 0x79,
  0x24, 0x87, 0x25, 0x79, 0x25, 0x86, 0x25, 0x79, 0x26, 0x86, 0x26, 0x7a,
  0x26, 0x86, 0x26, 0x7a, 0x27, 0x86, 0x28, 0x7a, 0x28, 0x86, 0x29, 0x7a,
  0x29, 0x85, 0x29, 0x7b, 0x2a, 0x86, 0x2a, 0x7a, 0x2a, 0x86, 0x2a, 0x7a,
  0x2b, 0x86, 0x2c, 0x79, 0x2d, 0x88, 0x2d, 0x79, 0x2e, 0x88, 0x2e, 0x78,
  0x2f, 0x89, 0x2f, 0x77, 0x2f, 0x8a, 0x30, 0x75, 0x31, 0x8b, 0x32, 0x74,
  0x33, 0x8c, 0x33, 0x74, 0x34, 0x8c, 0x36, 0x73, 0x37, 0x8d, 0x38, 0x71,
  0x39, 0x8e, 0x3a, 0x71, 0x3b, 0x8f, 0x3c, 0x6f, 0x3d, 0x90, 0x3f, 0x6e,
  0x41, 0x92, 0x42, 0x6c, 0x43, 0x93, 0x44, 0x6b, 0x46, 0x94, 0x47, 0x68,
  0x49, 0x95, 0x44, 0x66, 0x7e, 0x9c, 0x81, 0x5f, 0x54, 0x92, 0x33, 0x6f,
  0x1e, 0x82, 0x18, 0x7c, 0x17, 0x80, 0x10, 0x7d, 0x2f, 0x85, 0x4c, 0x7c,
  0x46, 0x84, 0x24, 0x7b, 0x23, 0x84, 0x2d, 0x7b, 0x6c, 0x85, 0x8f, 0x7c,
  0x98, 0x83, 0xa5, 0x7c, 0xae, 0x82, 0xb6, 0x7d, 0xbc, 0x81, 0xc1, 0x7e,
  0xc4, 0x81, 0xc8, 0x7e, 0xca, 0x80, 0xcb, 0x7e, 0xcc, 0x80, 0xcd, 0x7e,
  0xce, 0x80, 0xcf, 0x7e, 0xd0, 0x80, 0xd0, 0x7e, 0xd1, 0x7f, 0xd1, 0x7e,
  0xd2, 0x7f, 0xd2, 0x7e, 0xd3, 0x7f, 0xd4, 0x7e, 0xd4, 0x7f, 0xd4, 0x7e,
  0xd4, 0x7f, 0xd3, 0x7e, 0xd3, 0x7f, 0xd3, 0x7e, 0xd3, 0x80, 0xd3, 0x7e,
  0xd3, 0x7f, 0xd2, 0x7e, 0xd2, 0x7f, 0xd1, 0x7e, 0xd1, 0x80, 0xd0, 0x7e,
  0xcf, 0x80, 0xcf, 0x7e, 0xce, 0x80, 0xce, 0x7e, 0xcd, 0x80, 0xcc, 0x7e,
  0xcb, 0x80, 0xca, 0x7e, 0xc9, 0x80, 0xc7, 0x7e, 0xc5, 0x80, 0xc5, 0x7e,
  0xbd, 0x85, 0x5a, 0x7b, 0x4b, 0x88, 0x51, 0x77, 0xa4, 0x84, 0xbe, 0x7c,
  0x73, 0x87, 0x2e, 0x78, 0x3a, 0x89, 0x3c, 0x77, 0x47, 0x92, 0x5b, 0x6f,
  0x85, 0x99, 0x71, 0x65, 0x3d, 0x92, 0x44, 0x6b, 0x41, 0x91, 0x41, 0x6d,
  0x40, 0x90, 0x3f, 0x6e, 0x3d, 0x90, 0x3c, 0x6f, 0x3b, 0x8f, 0x3a, 0x71,
  0x39, 0x8d, 0x38, 0x72, 0x37, 0x8c, 0x36, 0x73, 0x35, 0x8c, 0x34, 0x73,
  0x33, 0x8b, 0x32, 0x74, 0x32, 0x8a, 0x31, 0x76, 0x30, 0x8a, 0x2f, 0x76,
  0x2e, 0x89, 0x2e, 0x77, 0x2d, 0x88, 0x2c, 0x77, 0x2c, 0x88, 0x2b, 0x77,
  0x2a, 0x88, 0x29, 0x78, 0x29, 0x87, 0x29, 0x78, 0x28, 0x87, 0x28, 0x78,
  0x28, 0x87, 0x27, 0x78, 0x27, 0x87, 0x27, 0x79, 0x26, 0x87, 0x26, 0x79,
  0x25, 0x86, 0x26, 0x79, 0x25, 0x86, 0x25, 0x79, 0x25, 0x87, 0x24, 0x79,
  0x24, 0x86, 0x24, 0x7a, 0x24, 0x86, 0x24, 0x7a, 0x24, 0x85, 0x26, 0x7b,
  0x27, 0x82, 0x29, 0x7c, 0x2e, 0x80, 0x2c, 0x7f, 0x74, 0x56, 0xc1, 0x93,
  0xc9, 0x3f, 0xca, 0x9e, 0xc1, 0x56, 0x77, 0x94, 0x30, 0x7d, 0x31, 0x81,
  0x2a, 0x80, 0x28, 0x7e, 0x25, 0x83, 0x23, 0x7c, 0x22, 0x84, 0x22, 0x7b,
  0x22, 0x85, 0x21, 0x7a, 0x21, 0x85, 0x21, 0x7a, 0x21, 0x85, 0x21, 0x7a,
  0x21, 0x85, 0x20, 0x7a, 0x20, 0x85, 0x20, 0x7a, 0x20, 0x85, 0x20, 0x7a,
  0x20, 0x85, 0x20, 0x7a, 0x20, 0x85, 0x20, 0x7a, 0x20, 0x85, 0x20, 0x7a,
  0x20, 0x85, 0x20, 0x7a, 0x20, 0x85, 0x20, 0x7a, 0x1f, 0x85, 0x1f, 0x7a,
  0x20, 0x85, 0x1f, 0x7a, 0x20, 0x85, 0x20, 0x7a, 0x1f, 0x85, 0x1f, 0x7a,
  0x20, 0x85, 0x20, 0x7a, 0x1f, 0x85, 0x1f, 0x7a, 0x1f, 0x85, 0x1f, 0x7a,
  0x20, 0x85, 0x20, 0x7a, 0x20, 0x85, 0x20, 0x7a, 0x20, 0x85, 0x1f, 0x7a,
  0x1f, 0x85, 0x20, 0x7a, 0x1f, 0x85, 0x1f, 0x7a, 0x1f, 0x85, 0x1f, 0x7a,
  0x1f, 0x84, 0x1f, 0x7a, 0x1e, 0x85, 0x1e, 0x7a, 0x1e, 0x85, 0x1e, 0x7a,
  0x1e, 0x85, 0x1e, 0x7a, 0x1f, 0x85, 0x1f, 0x7a, 0x1f, 0x85, 0x1f, 0x7a,
  0x1e, 0x85, 0x1f, 0x7a, 0x1f, 0x85, 0x1f, 0x7a, 0x1f, 0x85, 0x1f, 0x7a,
  0x1f, 0x85, 0x1f, 0x7a, 0x1f, 0x85, 0x1f, 0x7a, 0x1f, 0x85, 0x20, 0x7a,
  0x20, 0x85, 0x20, 0x7a, 0x20, 0x85, 0x20, 0x7a, 0x20, 0x85, 0x20, 0x7a,
  0x20, 0x85, 0x21, 0x7a, 0x20, 0x85, 0x20, 0x7a, 0x20, 0x86, 0x20, 0x7a,
  0x20, 0x85, 0x20, 0x7a, 0x20, 0x86, 0x20, 0x7a, 0x20, 0x85, 0x20, 0x7a,
  0x20, 0x86, 0x20, 0x7a, 0x21, 0x86, 0x20, 0x7a, 0x20, 0x86, 0x22, 0x7a,
  0x22, 0x86, 0x22, 0x7a, 0x22, 0x86, 0x22, 0x79, 0x22, 0x86, 0x22, 0x79,
  0x22, 0x86, 0x22, 0x79, 0x22, 0x86, 0x22, 0x7a, 0x22, 0x86, 0x23, 0x79,
  0x23, 0x86, 0x23, 0x79, 0x23, 0x86, 0x24, 0x79, 0x23, 0x87, 0x23, 0x79,
  0x23, 0x86, 0x23, 0x79, 0x24, 0x86, 0x23, 0x79, 0x24, 0x86, 0x25, 0x79,
  0x25, 0x86, 0x25, 0x79, 0x25, 0x87, 0x25, 0x79, 0x25, 0x87, 0x25, 0x79,
  0x25, 0x86, 0x26, 0x79, 0x26, 0x86, 0x26, 0x79, 0x27, 0x86, 0x27, 0x7a,
  0x28, 0x86, 0x28, 0x7a, 0x28, 0x86, 0x29, 0x7a, 0x29, 0x86, 0x2a, 0x7a,
  0x2a, 0x86, 0x2a, 0x79, 0x2b, 0x87, 0x2c, 0x78, 0x2c, 0x88, 0x2c, 0x78,
  0x2d, 0x88, 0x2e, 0x77, 0x2e, 0x89, 0x2f, 0x76, 0x2f, 0x8a, 0x2f, 0x75,
  0x30, 0x8b, 0x31, 0x75, 0x32, 0x8b, 0x33, 0x74, 0x34, 0x8c, 0x35, 0x73,
  0x36, 0x8d, 0x37, 0x72, 0x38, 0x8e, 0x39, 0x71, 0x3a, 0x8f, 0x3c, 0x6f,
  0x3d, 0x90, 0x3f, 0x6e, 0x40, 0x91, 0x41, 0x6c, 0x42, 0x93, 0x44, 0x6a,
  0x45, 0x94, 0x47, 0x69, 0x46, 0x95, 0x4b, 0x66, 0x84, 0x9b, 0x6d, 0x62,
  0x4d, 0x90, 0x35, 0x70, 0x24, 0x85, 0x1c, 0x79, 0x19, 0x82, 0x19, 0x7c,
  0x4a, 0x85, 0x5a, 0x7c, 0x47, 0x85, 0x27, 0x7b, 0x2a, 0x85, 0x41, 0x7a,
  0x8c, 0x85, 0x97, 0x7c, 0xa2, 0x83, 0xab, 0x7d, 0xb2, 0x82, 0xb9, 0x7d,
  0xbe, 0x81, 0xc2, 0x7e, 0xc5, 0x81, 0xc7, 0x7e, 0xc9, 0x80, 0xca, 0x7e,
  0xcb, 0x80, 0xcc, 0x7e, 0xcd, 0x80, 0xce, 0x7e, 0xcf, 0x80, 0xd0, 0x7f,
  0xd0, 0x80, 0xd0, 0x7e, 0xd1, 0x80, 0xd1, 0x7e, 0xd1, 0x80, 0xd2, 0x7e,
  0xd2, 0x80, 0xd2, 0x7e, 0xd2, 0x80, 0xd2, 0x7e, 0xd2, 0x7f, 0xd2, 0x7e,
  0xd2, 0x80, 0xd2, 0x7e, 0xd1, 0x80, 0xd1, 0x7e, 0xd1, 0x80, 0xd0, 0x7e,
  0xcf, 0x80, 0xcf, 0x7e, 0xce, 0x80, 0xce, 0x7e, 0xcd, 0x80, 0xcc, 0x7e,
  0xcc, 0x80, 0xcb, 0x7e, 0xca, 0x81, 0xc9, 0x7e, 0xc8, 0x81, 0xc6, 0x7e,
  0xc4, 0x81, 0xbf, 0x7e, 0xc6, 0x84, 0x80, 0x7b, 0x45, 0x88, 0x5c, 0x77,
  0xaf, 0x83, 0xc0, 0x7c, 0x8b, 0x86, 0x31, 0x79, 0x39, 0x89, 0x3a, 0x77,
  0x43, 0x91, 0x56, 0x70, 0x7b, 0x99, 0x7c, 0x65, 0x3f, 0x92, 0x43, 0x6b,
  0x41, 0x91, 0x40, 0x6d, 0x3f, 0x90, 0x3e, 0x6e, 0x3d, 0x8f, 0x3c, 0x6f,
  0x3b, 0x8e, 0x39, 0x70, 0x39, 0x8d, 0x37, 0x72, 0x37, 0x8d, 0x36, 0x73,
  0x35, 0x8c, 0x33, 0x74, 0x33, 0x8b, 0x32, 0x75, 0x31, 0x8a, 0x30, 0x75,
  0x30, 0x8a, 0x2f, 0x76, 0x2e, 0x89, 0x2d, 0x77, 0x2d, 0x88, 0x2c, 0x77,
  0x2b, 0x88, 0x2b, 0x78, 0x2b, 0x88, 0x29, 0x78, 0x29, 0x87, 0x29, 0x78,
  0x28, 0x87, 0x28, 0x78, 0x28, 0x87, 0x28, 0x79, 0x28, 0x87, 0x27, 0x79,
  0x27, 0x87, 0x26, 0x79, 0x26, 0x86, 0x26, 0x79, 0x25, 0x86, 0x25, 0x79,
  0x25, 0x86, 0x25, 0x79, 0x25, 0x86, 0x24, 0x7a, 0x24, 0x86, 0x24, 0x7a,
  0x25, 0x84, 0x26, 0x7b, 0x27, 0x84, 0x2b, 0x7c, 0x28, 0x75, 0x58, 0x84,
  0xc9, 0x47, 0xc1, 0x9b, 0xbc, 0x47, 0xbc, 0x9c, 0xbf, 0x45, 0xca, 0x9c,
  0x63, 0x72, 0x29, 0x86, 0x2c, 0x83, 0x27, 0x7d, 0x25, 0x83, 0x23, 0x7c,
  0x22, 0x84, 0x22, 0x7b, 0x22, 0x85, 0x21, 0x7a, 0x21, 0x86, 0x21, 0x7a,
  0x22, 0x85, 0x21, 0x7a, 0x21, 0x85, 0x20, 0x7a, 0x20, 0x86, 0x20, 0x7a,
  0x20, 0x85, 0x20, 0x7a, 0x20, 0x85, 0x20, 0x7a, 0x20, 0x85, 0x20, 0x7a,
  0x20, 0x85, 0x20, 0x7a, 0x20, 0x85, 0x20, 0x7a, 0x20, 0x85, 0x20, 0x7a,
  0x20, 0x85, 0x20, 0x7a, 0x1f, 0x85, 0x1f, 0x7a, 0x20, 0x85, 0x1f, 0x7a,
  0x1f, 0x85, 0x1f, 0x7a, 0x20, 0x85, 0x1f, 0x7a, 0x1f, 0x85, 0x1f, 0x7a,
  0x1f, 0x85, 0x1f, 0x7a, 0x1f, 0x85, 0x20, 0x7a, 0x1f, 0x85, 0x1f, 0x7a,
  0x1f, 0x85, 0x1f, 0x7a, 0x1e, 0x85, 0x1f, 0x7a, 0x1e, 0x85, 0x1f, 0x7a,
  0x1e, 0x85, 0x1e, 0x7a, 0x1e, 0x85, 0x1e, 0x7a, 0x1f, 0x84, 0x1e, 0x7a,
  0x1f, 0x84, 0x1e, 0x7a, 0x1f, 0x84, 0x1f, 0x7a, 0x1f, 0x84, 0x1f, 0x7a,
  0x1f, 0x84, 0x1f, 0x7a, 0x1f, 0x84, 0x1f, 0x7a, 0x1f, 0x84, 0x1f, 0x7a,
  0x1f, 0x84, 0x1f, 0x7a, 0x1f, 0x85, 0x1f, 0x7a, 0x1f, 0x85, 0x20, 0x7a,
  0x20, 0x85, 0x20, 0x7a, 0x20, 0x85, 0x20, 0x7a, 0x20, 0x85, 0x20, 0x7a,
  0x20, 0x85, 0x20, 0x7a, 0x20, 0x85, 0x20, 0x7a, 0x20, 0x85, 0x20, 0x7a,
  0x20, 0x85, 0x20, 0x7a, 0x20, 0x85, 0x20, 0x7a, 0x20, 0x85, 0x20, 0x7a,
  0x20, 0x85, 0x20, 0x7a, 0x20, 0x85, 0x20, 0x7a, 0x20, 0x85, 0x20, 0x7a,
  0x20, 0x85, 0x21, 0x7a, 0x22, 0x85, 0x22, 0x7a, 0x22, 0x86, 0x22, 0x7a,
  0x22, 0x86, 0x22, 0x7a, 0x22, 0x86, 0x22, 0x7a, 0x22, 0x86, 0x22, 0x7a,
  0x22, 0x86, 0x22, 0x7a, 0x23, 0x86, 0x23, 0x7a, 0x23, 0x86, 0x23, 0x7a,
  0x23, 0x86, 0x23, 0x7a, 0x23, 0x86, 0x24, 0x7a, 0x23, 0x86, 0x24, 0x7a,
  0x24, 0x86, 0x24, 0x7a, 0x24, 0x86, 0x24, 0x7a, 0x25, 0x86, 0x25, 0x7a,
  0x24, 0x86, 0x25, 0x7a, 0x25, 0x86, 0x25, 0x7a, 0x26, 0x86, 0x26, 0x7a,
  0x27, 0x86, 0x27, 0x7a, 0x27, 0x86, 0x27, 0x7a, 0x28, 0x86, 0x28, 0x7a,
  0x29, 0x86, 0x29, 0x7a, 0x2a, 0x86, 0x29, 0x79, 0x2a, 0x87, 0x2b, 0x79,
  0x2b, 0x88, 0x2c, 0x78, 0x2d, 0x88, 0x2d, 0x77, 0x2d, 0x89, 0x2e, 0x76,
  0x2f, 0x8a, 0x30, 0x75, 0x30, 0x8b, 0x31, 0x75, 0x32, 0x8b, 0x33, 0x74,
  0x34, 0x8c, 0x34, 0x73, 0x36, 0x8c, 0x37, 0x72, 0x38, 0x8e, 0x39, 0x71,
  0x3a, 0x8f, 0x3b, 0x70, 0x3d, 0x90, 0x3f, 0x6e, 0x40, 0x91, 0x41, 0x6d,
  0x42, 0x92, 0x43, 0x6b, 0x44, 0x93, 0x46, 0x6a, 0x44, 0x96, 0x57, 0x65,
  0x8a, 0x9b, 0x67, 0x63, 0x4b, 0x90, 0x37, 0x71, 0x2a, 0x86, 0x23, 0x79,
  0x1d, 0x84, 0x26, 0x7b, 0x60, 0x87, 0x65, 0x7b, 0x47, 0x85, 0x2d, 0x7a,
  0x2e, 0x85, 0x70, 0x7a, 0x9d, 0x84, 0x9f, 0x7d, 0xa9, 0x82, 0xb0, 0x7d,
  0xb6, 0x82, 0xbb, 0x7e, 0xbf, 0x81, 0xc1, 0x7e, 0xc5, 0x80, 0xc7, 0x7e,
  0xc8, 0x80, 0xc9, 0x7e, 0xca, 0x7f, 0xcb, 0x7e, 0xcc, 0x7f, 0xcd, 0x7e,
  0xce, 0x7f, 0xce, 0x7f, 0xcf, 0x7f, 0xcf, 0x7f, 0xd0, 0x7f, 0xd0, 0x7f,
  0xd0, 0x7f, 0xd1, 0x7e, 0xd1, 0x7f, 0xd1, 0x7e, 0xd1, 0x7f, 0xd1, 0x7e,
  0xd1, 0x7f, 0xd1, 0x7e, 0xd1, 0x7f, 0xd1, 0x7e, 0xd0, 0x7f, 0xd0, 0x7e,
  0xd0, 0x7f, 0xcf, 0x7e, 0xce, 0x7f, 0xcd, 0x7e, 0xcd, 0x7f, 0xcd, 0x7e,
  0xcc, 0x7f, 0xcb, 0x7e, 0xcb, 0x80, 0xcb, 0x7e, 0xc9, 0x80, 0xc8, 0x7e,
  0xc7, 0x81, 0xc6, 0x7e, 0xc3, 0x81, 0xc0, 0x7e, 0xc0, 0x82, 0xae, 0x7d,
  0x47, 0x85, 0x6e, 0x79, 0xb6, 0x83, 0xb6, 0x7d, 0x98, 0x86, 0x37, 0x7a,
  0x39, 0x88, 0x3a, 0x77, 0x42, 0x8f, 0x51, 0x72, 0x71, 0x99, 0x83, 0x66,
  0x44, 0x92, 0x42, 0x6b, 0x40, 0x90, 0x40, 0x6d, 0x3f, 0x90, 0x3e, 0x6e,
  0x3d, 0x8f, 0x3c, 0x6f, 0x3a, 0x8e, 0x39, 0x71, 0x38, 0x8d, 0x37, 0x72,
  0x37, 0x8c, 0x36, 0x73, 0x34, 0x8b, 0x33, 0x74, 0x32, 0x8b, 0x32, 0x75,
  0x31, 0x8a, 0x31, 0x75, 0x30, 0x89, 0x2f, 0x76, 0x2e, 0x88, 0x2d, 0x77,
  0x2d, 0x88, 0x2b, 0x77, 0x2b, 0x87, 0x2a, 0x78, 0x2a, 0x88, 0x29, 0x79,
  0x29, 0x87, 0x29, 0x79, 0x29, 0x87, 0x28, 0x79, 0x28, 0x87, 0x27, 0x79,
  0x28, 0x86, 0x27, 0x79, 0x27, 0x86, 0x26, 0x7a, 0x26, 0x86, 0x26, 0x7a,
  0x25, 0x86, 0x25, 0x7a, 0x25, 0x86, 0x24, 0x7a, 0x24, 0x86, 0x24, 0x7a,
  0x24, 0x85, 0x24, 0x7a, 0x25, 0x83, 0x26, 0x7b, 0x27, 0x85, 0x2d, 0x7c,
  0x26, 0x6c, 0x8a, 0x88, 0xc8, 0x44, 0xbd, 0x9c, 0xc0, 0x48, 0xc0, 0x9b,
  0xbd, 0x44, 0xc7, 0x9c, 0x98, 0x69, 0x28, 0x8a, 0x2c, 0x83, 0x27, 0x7d,
  0x25, 0x82, 0x23, 0x7d, 0x23, 0x84, 0x22, 0x7b, 0x22, 0x85, 0x21, 0x7a,
  0x21, 0x85, 0x21, 0x7a, 0x21, 0x85, 0x21, 0x7a, 0x21, 0x85, 0x20, 0x7a,
  0x20, 0x85, 0x20, 0x7a, 0x20, 0x85, 0x20, 0x7a, 0x20, 0x85, 0x20, 0x7a,
  0x20, 0x85, 0x20, 0x7a, 0x20, 0x85, 0x20, 0x7a, 0x20, 0x84, 0x1f, 0x7a,
  0x20, 0x84, 0x20, 0x7a, 0x1f, 0x85, 0x1f, 0x7a, 0x20, 0x84, 0x1f, 0x7a,
  0x1f, 0x85, 0x1f, 0x7a, 0x20, 0x84, 0x20, 0x7a, 0x1f, 0x84, 0x1f, 0x7a,
  0x1f, 0x85, 0x20, 0x7a, 0x1f, 0x85, 0x1f, 0x7a, 0x1f, 0x84, 0x1f, 0x7a,
  0x1f, 0x84, 0x20, 0x7a, 0x1f, 0x84, 0x1f, 0x7a, 0x1f, 0x84, 0x1f, 0x7a,
  0x1f, 0x84, 0x1e, 0x7a, 0x1e, 0x84, 0x1f, 0x7a, 0x1f, 0x84, 0x1f, 0x7a,
  0x1e, 0x85, 0x1e, 0x7b, 0x1e, 0x85, 0x1e, 0x7b, 0x1e, 0x84, 0x1e, 0x7b,
  0x1f, 0x85, 0x1f, 0x7b, 0x1f, 0x85, 0x1f, 0x7b, 0x1f, 0x85, 0x1f, 0x7b,
  0x1f, 0x85, 0x1f, 0x7a, 0x1f, 0x85, 0x1f, 0x7a, 0x1f, 0x85, 0x1f, 0x7b,
  0x1f, 0x85, 0x1f, 0x7b, 0x1f, 0x85, 0x20, 0x7a, 0x20, 0x85, 0x20, 0x7a,
  0x1f, 0x85, 0x20, 0x7b, 0x20, 0x85, 0x20, 0x7a, 0x20, 0x85, 0x20, 0x7b,
  0x20, 0x85, 0x20, 0x7a, 0x20, 0x85, 0x20, 0x7a, 0x20, 0x85, 0x20, 0x7a,
  0x20, 0x85, 0x20, 0x7a, 0x20, 0x85, 0x20, 0x7a, 0x20, 0x85, 0x20, 0x7b,
  0x20, 0x85, 0x20, 0x7a, 0x20, 0x86, 0x21, 0x7a, 0x21, 0x85, 0x21, 0x7a,
  0x21, 0x86, 0x21, 0x7a, 0x21, 0x86, 0x22, 0x7a, 0x21, 0x86, 0x22, 0x7a,
  0x22, 0x86, 0x22, 0x7a, 0x22, 0x86, 0x22, 0x7a, 0x22, 0x86, 0x22, 0x7a,
  0x23, 0x86, 0x23, 0x7a, 0x23, 0x86, 0x23, 0x7a, 0x23, 0x86, 0x23, 0x7a,
  0x24, 0x86, 0x24, 0x7a, 0x24, 0x86, 0x23, 0x7a, 0x24, 0x87, 0x24, 0x7a,
  0x24, 0x86, 0x24, 0x7a, 0x25, 0x87, 0x24, 0x7a, 0x25, 0x87, 0x25, 0x7a,
  0x26, 0x87, 0x26, 0x7a, 0x26, 0x87, 0x27, 0x7a, 0x27, 0x87, 0x27, 0x79,
  0x27, 0x87, 0x28, 0x7a, 0x28, 0x87, 0x28, 0x7a, 0x29, 0x87, 0x2a, 0x79,
  0x2a, 0x88, 0x2b, 0x78, 0x2c, 0x88, 0x2c, 0x77, 0x2c, 0x89, 0x2d, 0x77,
  0x2e, 0x89, 0x2e, 0x76, 0x2f, 0x8a, 0x2f, 0x76, 0x30, 0x8b, 0x30, 0x75,
  0x32, 0x8b, 0x33, 0x74, 0x34, 0x8c, 0x34, 0x73, 0x36, 0x8c, 0x37, 0x72,
  0x38, 0x8d, 0x39, 0x71, 0x3a, 0x8f, 0x3b, 0x70, 0x3c, 0x90, 0x3e, 0x6e,
  0x3f, 0x91, 0x41, 0x6d, 0x42, 0x92, 0x42, 0x6b, 0x44, 0x93, 0x46, 0x6a,
  0x41, 0x96, 0x62, 0x65, 0x85, 0x9a, 0x5c, 0x65, 0x45, 0x8e, 0x35, 0x73,
  0x2c, 0x87, 0x27, 0x78, 0x1e, 0x85, 0x38, 0x7b, 0x71, 0x88, 0x6b, 0x7b,
  0x40, 0x86, 0x2a, 0x79, 0x43, 0x85, 0x92, 0x7b, 0xa0, 0x83, 0xa7, 0x7d,
  0xad, 0x82, 0xb3, 0x7d, 0xb8, 0x82, 0xbb, 0x7d, 0xbe, 0x81, 0xc0, 0x7d,
  0xc3, 0x81, 0xc5, 0x7e, 0xc7, 0x81, 0xc8, 0x7e, 0xc9, 0x81, 0xca, 0x7e,
  0xcb, 0x80, 0xcc, 0x7e, 0xcc, 0x80, 0xcd, 0x7e, 0xcd, 0x80, 0xcd, 0x7e,
  0xce, 0x80, 0xce, 0x7e, 0xcf, 0x80, 0xcf, 0x7e, 0xd0, 0x80, 0xd0, 0x7e,
  0xd0, 0x80, 0xd0, 0x7e, 0xd0, 0x80, 0xcf, 0x7e, 0xcf, 0x80, 0xcf, 0x7e,
  0xcf, 0x80, 0xcf, 0x7e, 0xce, 0x80, 0xce, 0x7e, 0xcd, 0x80, 0xcd, 0x7e,
  0xcc, 0x80, 0xcc, 0x7e, 0xcb, 0x80, 0xca, 0x7e, 0xc9, 0x81, 0xc9, 0x7e,
  0xc8, 0x81, 0xc7, 0x7e, 0xc5, 0x81, 0xc4, 0x7e, 0xc2, 0x81, 0xc1, 0x7d,
  0xbe, 0x82, 0xc2, 0x7d, 0x8e, 0x83, 0xa3, 0x7c, 0xb5, 0x83, 0xb2, 0x7d,
  0xa1, 0x86, 0x3c, 0x7a, 0x37, 0x89, 0x39, 0x77, 0x3f, 0x8e, 0x4c, 0x73,
  0x68, 0x98, 0x86, 0x67, 0x49, 0x92, 0x40, 0x6a, 0x41, 0x90, 0x40, 0x6e,
  0x3f, 0x90, 0x3d, 0x6e, 0x3c, 0x8f, 0x3b, 0x70, 0x3a, 0x8e, 0x39, 0x71,
  0x38, 0x8d, 0x37, 0x72, 0x36, 0x8c, 0x35, 0x73, 0x34, 0x8b, 0x33, 0x74,
  0x32, 0x8b, 0x32, 0x75, 0x31, 0x8a, 0x30, 0x76, 0x30, 0x89, 0x2f, 0x76,
  0x2e, 0x89, 0x2d, 0x77, 0x2c, 0x88, 0x2b, 0x78, 0x2b, 0x88, 0x2b, 0x78,
  0x2a, 0x88, 0x2a, 0x78, 0x29, 0x87, 0x29, 0x79, 0x28, 0x87, 0x28, 0x79,
  0x28, 0x87, 0x27, 0x79, 0x27, 0x87, 0x27, 0x79, 0x27, 0x87, 0x26, 0x79,
  0x26, 0x86, 0x26, 0x7a, 0x26, 0x86, 0x25, 0x7a, 0x24, 0x86, 0x25, 0x7a,
  0x24, 0x86, 0x24, 0x7a, 0x23, 0x86, 0x24, 0x7a, 0x25, 0x83, 0x26, 0x7b,
  0x27, 0x85, 0x2c, 0x7c, 0x29, 0x69, 0x96, 0x8a, 0xc8, 0x43, 0xc0, 0x9c,
  0xc2, 0x47, 0xc1, 0x9a, 0xc0, 0x43, 0xc6, 0x9c, 0xa0, 0x67, 0x2b, 0x8b,
  0x2b, 0x83, 0x27, 0x7d, 0x25, 0x82, 0x23, 0x7c, 0x22, 0x85, 0x22, 0x7b,
  0x21, 0x85, 0x21, 0x7b, 0x21, 0x85, 0x21, 0x7b, 0x21, 0x85, 0x21, 0x7a,
  0x20, 0x85, 0x20, 0x7a, 0x20, 0x85, 0x20, 0x7a, 0x20, 0x85, 0x20, 0x7a,
  0x20, 0x85, 0x20, 0x7b, 0x20, 0x85, 0x20, 0x7a, 0x20, 0x85, 0x20, 0x7a,
  0x20, 0x85, 0x20, 0x7a, 0x1f, 0x85, 0x20, 0x7a, 0x1f, 0x85, 0x20, 0x7a,
  0x1f, 0x85, 0x1f, 0x7a, 0x1f, 0x85, 0x20, 0x7a, 0x1f, 0x85, 0x1f, 0x7b,
  0x1f, 0x85, 0x1f, 0x7b, 0x20, 0x85, 0x1f, 0x7b, 0x1f, 0x85, 0x1f, 0x7b,
  0x1f, 0x85, 0x1f, 0x7b, 0x1f, 0x85, 0x1f, 0x7b, 0x1f, 0x85, 0x1f, 0x7b,
  0x1f, 0x85, 0x1e, 0x7b, 0x1f, 0x85, 0x1e, 0x7b, 0x1e, 0x85, 0x1e, 0x7b,
  0x1e, 0x85, 0x1e, 0x7b, 0x1e, 0x84, 0x1f, 0x7a, 0x1f, 0x84, 0x1f, 0x7a,
  0x1e, 0x84, 0x1f, 0x7a, 0x1f, 0x84, 0x1f, 0x7a, 0x1f, 0x84, 0x1f, 0x7a,
  0x1f, 0x84, 0x1f, 0x7a, 0x20, 0x84, 0x20, 0x7a, 0x1f, 0x84, 0x1f, 0x7a,
  0x1f, 0x85, 0x1f, 0x7a, 0x1f, 0x85, 0x1f, 0x7a, 0x1f, 0x85, 0x1f, 0x7a,
  0x1f, 0x85, 0x20, 0x7a, 0x20, 0x85, 0x20, 0x7a, 0x20, 0x85, 0x20, 0x7a,
  0x20, 0x85, 0x20, 0x7a, 0x20, 0x85, 0x20, 0x7a, 0x20, 0x85, 0x20, 0x7a,
  0x20, 0x85, 0x20, 0x7a, 0x20, 0x86, 0x20, 0x7a, 0x20, 0x85, 0x20, 0x7a,
  0x20, 0x85, 0x20, 0x7a, 0x20, 0x85, 0x20, 0x7a, 0x20, 0x85, 0x21, 0x7a,
  0x21, 0x85, 0x21, 0x7a, 0x21, 0x86, 0x21, 0x7a, 0x22, 0x86, 0x22, 0x7a,
  0x22, 0x85, 0x22, 0x7a, 0x22, 0x86, 0x22, 0x7a, 0x22, 0x86, 0x22, 0x7a,
  0x22, 0x86, 0x22, 0x7a, 0x23, 0x86, 0x23, 0x7a, 0x23, 0x86, 0x23, 0x7a,
  0x23, 0x86, 0x23, 0x7a, 0x24, 0x86, 0x24, 0x79, 0x24, 0x86, 0x24, 0x7a,
  0x24, 0x86, 0x24, 0x7a, 0x24, 0x86, 0x24, 0x7a, 0x24, 0x86, 0x24, 0x7a,
  0x25, 0x86, 0x25, 0x7a, 0x26, 0x86, 0x26, 0x79, 0x27, 0x86, 0x27, 0x79,
  0x27, 0x87, 0x27, 0x79, 0x28, 0x87, 0x28, 0x79, 0x28, 0x87, 0x28, 0x79,
  0x29, 0x88, 0x2a, 0x78, 0x2a, 0x88, 0x2b, 0x78, 0x2b, 0x88, 0x2d, 0x77,
  0x2c, 0x89, 0x2d, 0x77, 0x2d, 0x89, 0x2e, 0x77, 0x2e, 0x8a, 0x2f, 0x76,
  0x30, 0x8a, 0x31, 0x75, 0x32, 0x8b, 0x33, 0x74, 0x33, 0x8c, 0x34, 0x73,
  0x35, 0x8d, 0x36, 0x72, 0x37, 0x8e, 0x38, 0x71, 0x39, 0x8f, 0x3a, 0x70,
  0x3c, 0x90, 0x3d, 0x6e, 0x3e, 0x91, 0x40, 0x6d, 0x40, 0x92, 0x41, 0x6b,
  0x43, 0x93, 0x46, 0x6a, 0x40, 0x97, 0x6b, 0x65, 0x7c, 0x99, 0x54, 0x67,
  0x41, 0x8d, 0x34, 0x75, 0x2c, 0x87, 0x29, 0x79, 0x1e, 0x85, 0x4b, 0x7a,
  0x7e, 0x88, 0x76, 0x7a, 0x47, 0x87, 0x36, 0x79, 0x72, 0x85, 0xa1, 0x7b,
  0xa4, 0x83, 0xab, 0x7d, 0xae, 0x83, 0xb3, 0x7d, 0xb8, 0x82, 0xbb, 0x7e,
  0xbe, 0x81, 0xc0, 0x7e, 0xc2, 0x81, 0xc5, 0x7e, 0xc6, 0x80, 0xc7, 0x7e,
  0xc8, 0x80, 0xc9, 0x7e, 0xc9, 0x80, 0xca, 0x7e, 0xcb, 0x80, 0xcb, 0x7f,
  0xcc, 0x80, 0xcc, 0x7e, 0xcd, 0x80, 0xcd, 0x7e, 0xce, 0x80, 0xce, 0x7e,
  0xcf, 0x80, 0xcf, 0x7e, 0xcf, 0x80, 0xce, 0x7e, 0xce, 0x80, 0xcf, 0x7e,
  0xce, 0x80, 0xce, 0x7e, 0xce, 0x80, 0xcd, 0x7e, 0xcd, 0x80, 0xcd, 0x7e,
  0xcd, 0x80, 0xcc, 0x7e, 0xcb, 0x80, 0xcb, 0x7e, 0xca, 0x80, 0xc9, 0x7e,
  0xc8, 0x80, 0xc8, 0x7e, 0xc7, 0x80, 0xc5, 0x7e, 0xc4, 0x81, 0xc2, 0x7e,
  0xc1, 0x81, 0xbf, 0x7e, 0xbd, 0x82, 0xb9, 0x7e, 0xbe, 0x83, 0x8f, 0x7c,
  0x8e, 0x83, 0xb6, 0x7c, 0xa9, 0x86, 0x44, 0x7a, 0x35, 0x88, 0x38, 0x77,
  0x3b, 0x8d, 0x47, 0x75, 0x61, 0x98, 0x85, 0x68, 0x4e, 0x93, 0x3f, 0x6a,
  0x40, 0x90, 0x3f, 0x6e, 0x3e, 0x8f, 0x3d, 0x6f, 0x3b, 0x8f, 0x3b, 0x70,
  0x3a, 0x8e, 0x39, 0x71, 0x37, 0x8d, 0x37, 0x73, 0x36, 0x8c, 0x34, 0x73,
  0x34, 0x8b, 0x34, 0x74, 0x33, 0x8a, 0x32, 0x75, 0x31, 0x8a, 0x30, 0x75,
  0x30, 0x89, 0x2e, 0x76, 0x2d, 0x89, 0x2d, 0x77, 0x2c, 0x88, 0x2b, 0x78,
  0x2a, 0x88, 0x2a, 0x78, 0x2a, 0x88, 0x29, 0x78, 0x29, 0x87, 0x28, 0x79,
  0x28, 0x87, 0x28, 0x79, 0x28, 0x87, 0x27, 0x79, 0x27, 0x87, 0x27, 0x79,
  0x27, 0x86, 0x26, 0x79, 0x25, 0x86, 0x25, 0x79, 0x25, 0x86, 0x25, 0x7a,
  0x25, 0x86, 0x24, 0x7a, 0x24, 0x86, 0x24, 0x7a, 0x24, 0x85, 0x24, 0x7a,
  0x25, 0x84, 0x26, 0x7b, 0x27, 0x84, 0x2c, 0x7c, 0x25, 0x6e, 0x75, 0x87,
  0xcc, 0x44, 0xbb, 0x9c, 0xbf, 0x47, 0xbf, 0x9a, 0xbb, 0x44, 0xcb, 0x9c,
  0x82, 0x6d, 0x24, 0x88, 0x2b, 0x83, 0x26, 0x7d, 0x25, 0x83, 0x23, 0x7c,
  0x22, 0x85, 0x22, 0x7a, 0x21, 0x85, 0x21, 0x7a, 0x21, 0x86, 0x21, 0x7a,
  0x21, 0x85, 0x21, 0x7a, 0x21, 0x85, 0x21, 0x7a, 0x20, 0x85, 0x20, 0x7a,
  0x20, 0x85, 0x20, 0x7a, 0x20, 0x85, 0x20, 0x7a, 0x1f, 0x85, 0x20, 0x7a,
  0x1f, 0x85, 0x20, 0x7a, 0x20, 0x85, 0x1f, 0x7a, 0x20, 0x85, 0x1f, 0x7a,
  0x1f, 0x85, 0x20, 0x7a, 0x20, 0x85, 0x20, 0x7a, 0x1f, 0x85, 0x20, 0x7a,
  0x1f, 0x85, 0x1f, 0x7a, 0x20, 0x85, 0x1f, 0x7a, 0x1f, 0x85, 0x1f, 0x7a,
  0x1f, 0x84, 0x1f, 0x7a, 0x1f, 0x84, 0x1f, 0x7a, 0x1f, 0x84, 0x1f, 0x7a,
  0x1f, 0x85, 0x1f, 0x7a, 0x1f, 0x84, 0x1e, 0x7a, 0x1f, 0x84, 0x1e, 0x7a,
  0x1f, 0x84, 0x1f, 0x7a, 0x1e, 0x84, 0x1f, 0x7a, 0x1e, 0x85, 0x1e, 0x7b,
  0x1e, 0x85, 0x1e, 0x7a, 0x1e, 0x85, 0x1e, 0x7a, 0x1e, 0x85, 0x1e, 0x7a,
  0x1e, 0x85, 0x1f, 0x7a, 0x1e, 0x85, 0x1e, 0x7a, 0x1f, 0x85, 0x1f, 0x7a,
  0x1f, 0x85, 0x1f, 0x7b, 0x1f, 0x85, 0x1f, 0x7b, 0x1f, 0x85, 0x1f, 0x7a,
  0x1f, 0x85, 0x1f, 0x7a, 0x1f, 0x85, 0x20, 0x7a, 0x20, 0x85, 0x20, 0x7a,
  0x20, 0x85, 0x20, 0x7a, 0x20, 0x85, 0x20, 0x7a, 0x20, 0x85, 0x20, 0x7a,
  0x20, 0x85, 0x20, 0x7a, 0x20, 0x85, 0x20, 0x7a, 0x20, 0x85, 0x20, 0x7a,
  0x20, 0x86, 0x20, 0x7a, 0x20, 0x85, 0x20, 0x7a, 0x20, 0x85, 0x20, 0x7a,
  0x20, 0x86, 0x21, 0x7a, 0x21, 0x86, 0x21, 0x7a, 0x21, 0x86, 0x22, 0x7a,
  0x22, 0x86, 0x21, 0x7a, 0x22, 0x86, 0x22, 0x7a, 0x22, 0x86, 0x22, 0x7a,
  0x22, 0x86, 0x22, 0x7a, 0x22, 0x86, 0x23, 0x7a, 0x22, 0x86, 0x23, 0x7a,
  0x23, 0x86, 0x23, 0x7a, 0x23, 0x86, 0x23, 0x7a, 0x23, 0x86, 0x23, 0x79,
  0x24, 0x86, 0x23, 0x7a, 0x24, 0x86, 0x24, 0x7a, 0x24, 0x86, 0x24, 0x7a,
  0x25, 0x86, 0x25, 0x7a, 0x25, 0x86, 0x26, 0x7a, 0x26, 0x86, 0x26, 0x7a,
  0x27, 0x86, 0x27, 0x79, 0x27, 0x87, 0x27, 0x79, 0x28, 0x87, 0x28, 0x79,
  0x28, 0x87, 0x28, 0x79, 0x29, 0x87, 0x2a, 0x79, 0x2a, 0x88, 0x2a, 0x78,
  0x2b, 0x88, 0x2c, 0x78, 0x2c, 0x89, 0x2d, 0x77, 0x2d, 0x89, 0x2e, 0x77,
  0x2f, 0x89, 0x2f, 0x76, 0x30, 0x8a, 0x31, 0x75, 0x32, 0x8b, 0x32, 0x75,
  0x33, 0x8c, 0x34, 0x74, 0x35, 0x8d, 0x36, 0x73, 0x37, 0x8d, 0x37, 0x72,
  0x39, 0x8e, 0x3a, 0x70, 0x3b, 0x8f, 0x3c, 0x6f, 0x3e, 0x91, 0x3e, 0x6e,
  0x40, 0x92, 0x41, 0x6c, 0x43, 0x92, 0x45, 0x6b, 0x41, 0x97, 0x72, 0x66,
  0x73, 0x98, 0x4e, 0x69, 0x3d, 0x8b, 0x31, 0x75, 0x2b, 0x86, 0x2a, 0x79,
  0x20, 0x86, 0x5c, 0x7a, 0x88, 0x87, 0x84, 0x7b, 0x4d, 0x87, 0x3b, 0x79,
  0x8a, 0x84, 0xa4, 0x7b, 0xa6, 0x83, 0xac, 0x7c, 0xb0, 0x83, 0xb4, 0x7d,
  0xb7, 0x82, 0xba, 0x7d, 0xbc, 0x81, 0xbe, 0x7d, 0xc0, 0x81, 0xc3, 0x7d,
  0xc4, 0x80, 0xc5, 0x7e, 0xc6, 0x80, 0xc7, 0x7e, 0xc8, 0x80, 0xc9, 0x7e,
  0xc9, 0x80, 0xca, 0x7e, 0xca, 0x80, 0xcb, 0x7e, 0xcb, 0x80, 0xcc, 0x7e,
  0xcd, 0x80, 0xcd, 0x7e, 0xcd, 0x80, 0xcd, 0x7e, 0xcd, 0x80, 0xcd, 0x7e,
  0xcd, 0x80, 0xcd, 0x7e, 0xcc, 0x80, 0xcc, 0x7e, 0xcc, 0x80, 0xcc, 0x7e,
  0xcc, 0x80, 0xcb, 0x7e, 0xcb, 0x80, 0xcb, 0x7e, 0xca, 0x80, 0xc9, 0x7e,
  0xc8, 0x80, 0xc7, 0x7e, 0xc7, 0x81, 0xc6, 0x7e, 0xc6, 0x81, 0xc4, 0x7e,
  0xc2, 0x81, 0xc1, 0x7d, 0xbf, 0x81, 0xbc, 0x7d, 0xb9, 0x82, 0xb7, 0x7e,
  0xb7, 0x85, 0x59, 0x7a, 0x66, 0x85, 0xaf, 0x7b, 0xa3, 0x86, 0x44, 0x7a,
  0x30, 0x88, 0x36, 0x78, 0x38, 0x8b, 0x44, 0x76, 0x5b, 0x97, 0x81, 0x69,
  0x52, 0x93, 0x3d, 0x6b, 0x40, 0x90, 0x3e, 0x6f, 0x3d, 0x8f, 0x3c, 0x6f,
  0x3b, 0x8e, 0x3a, 0x70, 0x39, 0x8e, 0x38, 0x71, 0x37, 0x8d, 0x37, 0x73,
  0x35, 0x8c, 0x34, 0x74, 0x34, 0x8b, 0x34, 0x74, 0x32, 0x8a, 0x32, 0x75,
  0x30, 0x8a, 0x30, 0x76, 0x2f, 0x89, 0x2e, 0x76, 0x2e, 0x89, 0x2d, 0x77,
  0x2c, 0x88, 0x2b, 0x78, 0x2b, 0x88, 0x2a, 0x79, 0x2a, 0x88, 0x29, 0x79,
  0x29, 0x87, 0x29, 0x79, 0x29, 0x87, 0x27, 0x79, 0x28, 0x87, 0x27, 0x79,
  0x27, 0x87, 0x27, 0x79, 0x27, 0x86, 0x26, 0x7a, 0x26, 0x86, 0x25, 0x7a,
  0x26, 0x86, 0x25, 0x7a, 0x25, 0x86, 0x24, 0x7a, 0x24, 0x86, 0x24, 0x7a,
  0x24, 0x86, 0x24, 0x7a, 0x25, 0x84, 0x25, 0x7b, 0x27, 0x83, 0x2a, 0x7c,
  0x2c, 0x7c, 0x38, 0x81, 0xa7, 0x4c, 0xcd, 0x98, 0xc3, 0x41, 0xc3, 0x9e,
  0xcc, 0x4a, 0xb2, 0x99, 0x3f, 0x79, 0x2a, 0x83, 0x2a, 0x82, 0x26, 0x7d,
  0x24, 0x84, 0x22, 0x7c, 0x22, 0x85, 0x22, 0x7b, 0x21, 0x85, 0x22, 0x7a,
  0x21, 0x85, 0x21, 0x7a, 0x21, 0x85, 0x21, 0x7a, 0x21, 0x85, 0x21, 0x7a,
  0x20, 0x85, 0x20, 0x7a, 0x20, 0x85, 0x20, 0x7a, 0x20, 0x85, 0x20, 0x7a,
  0x20, 0x85, 0x20, 0x7a, 0x1f, 0x85, 0x1f, 0x7a, 0x1f, 0x85, 0x1f, 0x7a,
  0x1f, 0x85, 0x1f, 0x7a, 0x20, 0x85, 0x20, 0x7a, 0x1f, 0x85, 0x1f, 0x7a,
  0x1f, 0x85, 0x1f, 0x7a, 0x1f, 0x85, 0x1f, 0x7b, 0x1f, 0x85, 0x1f, 0x7a,
  0x1f, 0x85, 0x1f, 0x7a, 0x1f, 0x85, 0x1f, 0x7b, 0x1f, 0x85, 0x1f, 0x7a,
  0x1f, 0x85, 0x1f, 0x7a, 0x1f, 0x85, 0x1f, 0x7a, 0x1f, 0x85, 0x1f, 0x7a,
  0x1e, 0x85, 0x1e, 0x7a, 0x1e, 0x85, 0x1e, 0x7a, 0x1e, 0x84, 0x1e, 0x7a,
  0x1f, 0x85, 0x1f, 0x7a, 0x1f, 0x84, 0x1f, 0x7a, 0x1f, 0x84, 0x1f, 0x7a,
  0x1f, 0x84, 0x1f, 0x7a, 0x1f, 0x84, 0x1f, 0x7a, 0x1f, 0x85, 0x1f, 0x7a,
  0x1f, 0x85, 0x1f, 0x7a, 0x1f, 0x85, 0x1f, 0x7a, 0x1f, 0x85, 0x1f, 0x7a,
  0x1f, 0x85, 0x1f, 0x7a, 0x1f, 0x85, 0x1f, 0x7a, 0x1f, 0x85, 0x20, 0x7a,
  0x20, 0x85, 0x1f, 0x7a, 0x1f, 0x85, 0x20, 0x7a, 0x20, 0x85, 0x20, 0x7a,
  0x20, 0x85, 0x1f, 0x7a, 0x20, 0x85, 0x1f, 0x7a, 0x1f, 0x85, 0x20, 0x7a,
  0x20, 0x85, 0x1f, 0x7a, 0x20, 0x85, 0x20, 0x7a, 0x20, 0x86, 0x20, 0x7a,
  0x20, 0x85, 0x20, 0x7a, 0x20, 0x86, 0x20, 0x7a, 0x20, 0x85, 0x21, 0x7a,
  0x21, 0x86, 0x21, 0x7a, 0x21, 0x86, 0x21, 0x7a, 0x22, 0x86, 0x22, 0x7a,
  0x22, 0x86, 0x22, 0x7a, 0x22, 0x86, 0x22, 0x7a, 0x22, 0x86, 0x22, 0x7a,
  0x22, 0x86, 0x23, 0x7a, 0x23, 0x86, 0x23, 0x7a, 0x22, 0x86, 0x23, 0x7a,
  0x23, 0x86, 0x23, 0x79, 0x23, 0x86, 0x23, 0x7a, 0x24, 0x87, 0x24, 0x7a,
  0x24, 0x86, 0x24, 0x7a, 0x24, 0x86, 0x25, 0x7a, 0x25, 0x87, 0x26, 0x7a,
  0x25, 0x87, 0x26, 0x7a, 0x26, 0x87, 0x27, 0x79, 0x27, 0x87, 0x27, 0x79,
  0x27, 0x87, 0x27, 0x79, 0x27, 0x87, 0x27, 0x79, 0x28, 0x87, 0x29, 0x79,
  0x2a, 0x88, 0x2a, 0x78, 0x2b, 0x88, 0x2c, 0x78, 0x2c, 0x88, 0x2c, 0x77,
  0x2d, 0x89, 0x2d, 0x77, 0x2e, 0x8a, 0x2e, 0x76, 0x2f, 0x8a, 0x31, 0x75,
  0x32, 0x8b, 0x32, 0x74, 0x33, 0x8c, 0x34, 0x74, 0x34, 0x8d, 0x35, 0x72,
  0x36, 0x8d, 0x37, 0x71, 0x38, 0x8e, 0x39, 0x70, 0x3a, 0x8f, 0x3c, 0x6f,
  0x3d, 0x90, 0x3e, 0x6e, 0x3f, 0x91, 0x40, 0x6c, 0x42, 0x92, 0x43, 0x6b,
  0x41, 0x97, 0x73, 0x65, 0x69, 0x96, 0x47, 0x6b, 0x38, 0x8a, 0x2f, 0x76,
  0x2b, 0x86, 0x2a, 0x79, 0x26, 0x86, 0x6d, 0x7a, 0x8b, 0x87, 0x8a, 0x7b,
  0x49, 0x86, 0x3f, 0x79, 0x9b, 0x84, 0xa2, 0x7c, 0xa8, 0x83, 0xad, 0x7d,
  0xb0, 0x82, 0xb4, 0x7d, 0xb7, 0x82, 0xba, 0x7d, 0xbb, 0x82, 0xbd, 0x7d,
  0xbf, 0x81, 0xc0, 0x7d, 0xc2, 0x81, 0xc3, 0x7e, 0xc4, 0x80, 0xc5, 0x7e,
  0xc6, 0x80, 0xc6, 0x7e, 0xc7, 0x80, 0xc8, 0x7e, 0xc9, 0x80, 0xc9, 0x7e,
  0xca, 0x80, 0xca, 0x7e, 0xcb, 0x80, 0xcb, 0x7e, 0xcc, 0x80, 0xcb, 0x7e,
  0xcc, 0x80, 0xcb, 0x7e, 0xcb, 0x80, 0xcb, 0x7e, 0xcb, 0x80, 0xcb, 0x7e,
  0xcb, 0x80, 0xca, 0x7e, 0xca, 0x80, 0xca, 0x7e, 0xca, 0x80, 0xc9, 0x7e,
  0xc8, 0x80, 0xc7, 0x7e, 0xc7, 0x80, 0xc6, 0x7e, 0xc6, 0x81, 0xc4, 0x7d,
  0xc4, 0x81, 0xc2, 0x7d, 0xc1, 0x81, 0xbf, 0x7d, 0xbc, 0x82, 0xba, 0x7d,
  0xb7, 0x82, 0xb6, 0x7d, 0xb7, 0x85, 0x53, 0x7a, 0x64, 0x86, 0xaf, 0x7a,
  0xa4, 0x86, 0x46, 0x7b, 0x2e, 0x88, 0x34, 0x79, 0x35, 0x8a, 0x3f, 0x77,
  0x54, 0x96, 0x7b, 0x6a, 0x52, 0x93, 0x3c, 0x6a, 0x3f, 0x8f, 0x3e, 0x6e,
  0x3d, 0x8f, 0x3c, 0x6f, 0x3b, 0x8e, 0x39, 0x70, 0x39, 0x8d, 0x38, 0x71,
  0x37, 0x8d, 0x36, 0x72, 0x36, 0x8b, 0x34, 0x74, 0x34, 0x8b, 0x33, 0x74,
  0x32, 0x8b, 0x31, 0x75, 0x30, 0x8a, 0x2f, 0x76, 0x2f, 0x89, 0x2e, 0x76,
  0x2e, 0x88, 0x2c, 0x77, 0x2c, 0x88, 0x2b, 0x78, 0x2a, 0x88, 0x2a, 0x78,
  0x29, 0x87, 0x29, 0x79, 0x29, 0x87, 0x29, 0x79, 0x28, 0x87, 0x27, 0x79,
  0x28, 0x87, 0x27, 0x79, 0x27, 0x87, 0x27, 0x79, 0x26, 0x86, 0x26, 0x79,
  0x26, 0x86, 0x25, 0x7a, 0x25, 0x86, 0x25, 0x7a, 0x24, 0x86, 0x24, 0x7a,
  0x24, 0x86, 0x23, 0x7a, 0x23, 0x86, 0x23, 0x7a, 0x24, 0x84, 0x25, 0x7a,
  0x26, 0x82, 0x27, 0x7c, 0x2b, 0x82, 0x2a, 0x7d, 0x37, 0x6b, 0x82, 0x8a,
  0xac, 0x4b, 0xae, 0x98, 0x8d, 0x68, 0x40, 0x8b, 0x29, 0x81, 0x2b, 0x7e,
  0x27, 0x81, 0x25, 0x7d, 0x23, 0x84, 0x22, 0x7b, 0x22, 0x85, 0x22, 0x7b,
  0x21, 0x85, 0x21, 0x7a, 0x21, 0x85, 0x21, 0x7a, 0x21, 0x85, 0x21, 0x7a,
  0x21, 0x85, 0x20, 0x7a, 0x20, 0x85, 0x20, 0x7a, 0x20, 0x85, 0x20, 0x7a,
  0x20, 0x85, 0x1f, 0x7a, 0x20, 0x85, 0x20, 0x7a, 0x20, 0x85, 0x20, 0x7a,
  0x1f, 0x85, 0x1f, 0x7a, 0x1f, 0x85, 0x1f, 0x7a, 0x1f, 0x85, 0x1f, 0x7a,
  0x1f, 0x85, 0x20, 0x7a, 0x1f, 0x85, 0x1f, 0x7a, 0x1f, 0x85, 0x20, 0x7a,
  0x20, 0x85, 0x20, 0x7a, 0x1f, 0x85, 0x1f, 0x7a, 0x1f, 0x85, 0x20, 0x7a,
  0x1f, 0x85, 0x1f, 0x7a, 0x1f, 0x85, 0x1f, 0x7a, 0x1f, 0x85, 0x1f, 0x7a,
  0x1f, 0x85, 0x1f, 0x7a, 0x1f, 0x85, 0x1f, 0x7a, 0x1f, 0x84, 0x1f, 0x7a,
  0x1e, 0x84, 0x1f, 0x7a, 0x1f, 0x85, 0x1e, 0x7a, 0x1e, 0x84, 0x1f, 0x7a,
  0x1e, 0x84, 0x1e, 0x7a, 0x1e, 0x85, 0x1f, 0x7a, 0x1e, 0x84, 0x1f, 0x7a,
  0x1f, 0x85, 0x1f, 0x7a, 0x1f, 0x85, 0x1e, 0x7a, 0x1f, 0x85, 0x1f, 0x7a,
  0x1f, 0x85, 0x1f, 0x7a, 0x1f, 0x84, 0x1f, 0x7a, 0x1f, 0x84, 0x1f, 0x7a,
  0x1f, 0x85, 0x20, 0x7a, 0x20, 0x85, 0x20, 0x7a, 0x20, 0x85, 0x20, 0x7a,
  0x20, 0x85, 0x1f, 0x7a, 0x20, 0x85, 0x20, 0x7a, 0x20, 0x85, 0x20, 0x7a,
  0x20, 0x86, 0x20, 0x7a, 0x20, 0x86, 0x20, 0x7a, 0x20, 0x86, 0x20, 0x7a,
  0x20, 0x86, 0x20, 0x7a, 0x20, 0x86, 0x20, 0x7a, 0x20, 0x86, 0x21, 0x7a,
  0x21, 0x86, 0x21, 0x7a, 0x21, 0x86, 0x21, 0x79, 0x22, 0x86, 0x22, 0x7a,
  0x22, 0x86, 0x22, 0x7a, 0x22, 0x86, 0x22, 0x7a, 0x22, 0x86, 0x22, 0x7a,
  0x22, 0x86, 0x22, 0x7a, 0x22, 0x86, 0x22, 0x7a, 0x22, 0x86, 0x23, 0x7a,
  0x22, 0x86, 0x22, 0x7a, 0x22, 0x86, 0x22, 0x7a, 0x23, 0x86, 0x23, 0x7a,
  0x23, 0x87, 0x24, 0x7a, 0x24, 0x87, 0x24, 0x7a, 0x24, 0x87, 0x25, 0x79,
  0x25, 0x87, 0x25, 0x7a, 0x26, 0x87, 0x26, 0x7a, 0x26, 0x87, 0x26, 0x79,
  0x27, 0x87, 0x26, 0x79, 0x26, 0x88, 0x27, 0x79, 0x27, 0x87, 0x27, 0x79,
  0x28, 0x87, 0x29, 0x79, 0x2a, 0x88, 0x2a, 0x78, 0x2a, 0x88, 0x2a, 0x78,
  0x2b, 0x89, 0x2b, 0x77, 0x2c, 0x89, 0x2d, 0x76, 0x2d, 0x89, 0x2e, 0x76,
  0x2f, 0x8a, 0x30, 0x76, 0x31, 0x8b, 0x33, 0x75, 0x33, 0x8c, 0x33, 0x74,
  0x34, 0x8c, 0x35, 0x73, 0x36, 0x8d, 0x37, 0x71, 0x38, 0x8e, 0x39, 0x71,
  0x3a, 0x8f, 0x3c, 0x6f, 0x3c, 0x90, 0x3d, 0x6e, 0x3e, 0x91, 0x3f, 0x6c,
  0x41, 0x91, 0x42, 0x6c, 0x41, 0x97, 0x70, 0x67, 0x5f, 0x95, 0x42, 0x6d,
  0x35, 0x89, 0x2e, 0x77, 0x2b, 0x86, 0x2a, 0x79, 0x27, 0x87, 0x74, 0x7a,
  0x8d, 0x88, 0x89, 0x7a, 0x6f, 0x86, 0x7e, 0x7a, 0xa8, 0x84, 0xa5, 0x7c,
  0xa9, 0x83, 0xad, 0x7d, 0xb0, 0x83, 0xb2, 0x7d, 0xb5, 0x82, 0xb7, 0x7d,
  0xb9, 0x82, 0xbb, 0x7e, 0xbc, 0x81, 0xbe, 0x7e, 0xbf, 0x81, 0xc0, 0x7e,
  0xc1, 0x80, 0xc2, 0x7e, 0xc3, 0x80, 0xc4, 0x7e, 0xc5, 0x81, 0xc6, 0x7e,
  0xc7, 0x80, 0xc8, 0x7e, 0xc8, 0x81, 0xc8, 0x7e, 0xc9, 0x80, 0xc9, 0x7e,
  0xc9, 0x80, 0xc9, 0x7e, 0xc9, 0x81, 0xc9, 0x7e, 0xc9, 0x80, 0xca, 0x7e,
  0xca, 0x80, 0xc9, 0x7e, 0xc9, 0x80, 0xc9, 0x7e, 0xc8, 0x81, 0xc8, 0x7e,
  0xc8, 0x81, 0xc7, 0x7e, 0xc6, 0x80, 0xc6, 0x7e, 0xc5, 0x80, 0xc4, 0x7e,
  0xc3, 0x81, 0xc2, 0x7e, 0xc1, 0x81, 0xc0, 0x7e, 0xbe, 0x82, 0xbd, 0x7e,
  0xbb, 0x82, 0xb7, 0x7d, 0xb6, 0x82, 0xb3, 0x7d, 0xb7, 0x84, 0x6d, 0x7b,
  0x72, 0x85, 0xb2, 0x7b, 0xa8, 0x85, 0x4b, 0x7b, 0x2e, 0x87, 0x34, 0x78,
  0x34, 0x89, 0x3b, 0x78, 0x4f, 0x94, 0x75, 0x6b, 0x51, 0x93, 0x3c, 0x6b,
  0x3f, 0x8f, 0x3e, 0x6f, 0x3c, 0x8f, 0x3c, 0x70, 0x3b, 0x8e, 0x39, 0x70,
  0x38, 0x8d, 0x38, 0x71, 0x36, 0x8d, 0x36, 0x72, 0x35, 0x8c, 0x34, 0x73,
  0x34, 0x8b, 0x33, 0x74, 0x32, 0x8a, 0x31, 0x75, 0x30, 0x8a, 0x2f, 0x76,
  0x2e, 0x89, 0x2e, 0x77, 0x2d, 0x89, 0x2c, 0x77, 0x2c, 0x88, 0x2b, 0x78,
  0x2a, 0x88, 0x2a, 0x78, 0x29, 0x87, 0x29, 0x79, 0x29, 0x87, 0x28, 0x79,
  0x28, 0x87, 0x27, 0x79, 0x27, 0x87, 0x27, 0x79, 0x26, 0x87, 0x26, 0x79,
  0x26, 0x87, 0x25, 0x79, 0x25, 0x87, 0x25, 0x7a, 0x25, 0x87, 0x24, 0x7a,
  0x24, 0x86, 0x24, 0x79, 0x23, 0x86, 0x23, 0x7a, 0x23, 0x86, 0x23, 0x7a,
  0x24, 0x85, 0x24, 0x7a, 0x25, 0x84, 0x26, 0x7b, 0x28, 0x81, 0x2b, 0x7e,
  0x2a, 0x7f, 0x25, 0x80, 0x31, 0x7c, 0x34, 0x81, 0x26, 0x7f, 0x28, 0x7f,
  0x2b, 0x80, 0x27, 0x7e, 0x25, 0x83, 0x24, 0x7c, 0x22, 0x84, 0x21, 0x7b,
  0x22, 0x85, 0x21, 0x7a, 0x21, 0x86, 0x21, 0x7a, 0x21, 0x86, 0x21, 0x7a,
  0x21, 0x86, 0x21, 0x7a, 0x21, 0x85, 0x21, 0x79, 0x21, 0x86, 0x20, 0x7a,
  0x20, 0x85, 0x20, 0x7a, 0x20, 0x85, 0x20, 0x7a, 0x20, 0x85, 0x20, 0x7a,
  0x20, 0x85, 0x20, 0x7a, 0x20, 0x85, 0x1f, 0x7a, 0x1f, 0x85, 0x1f, 0x7a,
  0x1f, 0x85, 0x1f, 0x7a, 0x1f, 0x84, 0x1f, 0x7a, 0x1f, 0x85, 0x1f, 0x7a,
  0x1f, 0x84, 0x1f, 0x7a, 0x1f, 0x84, 0x1f, 0x7a, 0x1f, 0x85, 0x1f, 0x7a,
  0x1f, 0x85, 0x1f, 0x7a, 0x1f, 0x85, 0x1f, 0x7a, 0x1f, 0x85, 0x1f, 0x7a,
  0x1f, 0x84, 0x1f, 0x7a, 0x1f, 0x84, 0x1e, 0x7a, 0x1f, 0x84, 0x1f, 0x7a,
  0x1e, 0x84, 0x1e, 0x7a, 0x1e, 0x85, 0x1e, 0x7a, 0x1f, 0x85, 0x1e, 0x7a,
  0x1e, 0x85, 0x1e, 0x7a, 0x1e, 0x85, 0x1f, 0x7a, 0x1e, 0x85, 0x1e, 0x7a,
  0x1f, 0x85, 0x1f, 0x7a, 0x1f, 0x85, 0x1f, 0x7a, 0x1f, 0x85, 0x1f, 0x7a,
  0x1f, 0x85, 0x1f, 0x7a, 0x1f, 0x85, 0x1f, 0x7a, 0x1f, 0x85, 0x1f, 0x7a,
  0x1f, 0x85, 0x1f, 0x7a, 0x1f, 0x85, 0x1f, 0x7a, 0x1f, 0x85, 0x1f, 0x7a,
  0x1f, 0x85, 0x1f, 0x7a, 0x20, 0x85, 0x1f, 0x7a, 0x1f, 0x85, 0x20, 0x7a,
  0x20, 0x85, 0x1f, 0x7a, 0x1f, 0x86, 0x1f, 0x7a, 0x1f, 0x86, 0x20, 0x7a,
  0x20, 0x86, 0x20, 0x7a, 0x20, 0x86, 0x20, 0x7a, 0x21, 0x86, 0x20, 0x7a,
  0x20, 0x85, 0x21, 0x7a, 0x20, 0x85, 0x21, 0x7a, 0x21, 0x85, 0x21, 0x7a,
  0x21, 0x85, 0x21, 0x7a, 0x22, 0x85, 0x21, 0x7a, 0x22, 0x85, 0x22, 0x7a,
  0x22, 0x86, 0x22, 0x7a, 0x22, 0x86, 0x22, 0x7a, 0x22, 0x85, 0x22, 0x7a,
  0x23, 0x85, 0x23, 0x7a, 0x22, 0x86, 0x22, 0x7a, 0x22, 0x86, 0x23, 0x7a,
  0x23, 0x86, 0x23, 0x7a, 0x24, 0x86, 0x24, 0x7a, 0x24, 0x86, 0x24, 0x7a,
  0x25, 0x86, 0x25, 0x7a, 0x26, 0x86, 0x25, 0x79, 0x26, 0x87, 0x26, 0x79,
  0x26, 0x87, 0x26, 0x79, 0x27, 0x87, 0x27, 0x79, 0x27, 0x87, 0x27, 0x79,
  0x27, 0x87, 0x28, 0x79, 0x28, 0x87, 0x28, 0x79, 0x29, 0x87, 0x29, 0x78,
  0x29, 0x88, 0x2a, 0x78, 0x2b, 0x89, 0x2b, 0x77, 0x2c, 0x89, 0x2c, 0x77,
  0x2d, 0x89, 0x2e, 0x76, 0x2e, 0x8a, 0x2f, 0x75, 0x31, 0x8a, 0x32, 0x75,
  0x33, 0x8b, 0x33, 0x74, 0x34, 0x8c, 0x35, 0x73, 0x35, 0x8d, 0x36, 0x72,
  0x38, 0x8e, 0x39, 0x71, 0x3a, 0x8f, 0x3b, 0x6f, 0x3c, 0x90, 0x3e, 0x6e,
  0x3e, 0x91, 0x3f, 0x6d, 0x40, 0x91, 0x41, 0x6c, 0x42, 0x97, 0x6d, 0x67,
  0x59, 0x93, 0x3e, 0x6e, 0x33, 0x88, 0x2c, 0x78, 0x2a, 0x86, 0x29, 0x79,
  0x28, 0x86, 0x7c, 0x7a, 0x94, 0x86, 0x8e, 0x7b, 0x95, 0x85, 0xa0, 0x7c,
  0xa1, 0x84, 0xa6, 0x7c, 0xa8, 0x83, 0xab, 0x7d, 0xae, 0x83, 0xb1, 0x7d,
  0xb3, 0x82, 0xb6, 0x7d, 0xb7, 0x82, 0xb9, 0x7d, 0xba, 0x82, 0xbb, 0x7d,
  0xbd, 0x81, 0xbe, 0x7d, 0xbf, 0x81, 0xc0, 0x7e, 0xc1, 0x81, 0xc2, 0x7e,
  0xc2, 0x81, 0xc3, 0x7e, 0xc4, 0x81, 0xc5, 0x7e, 0xc6, 0x81, 0xc6, 0x7e,
  0xc7, 0x81, 0xc7, 0x7e, 0xc7, 0x80, 0xc7, 0x7e, 0xc8, 0x81, 0xc7, 0x7e,
  0xc7, 0x81, 0xc8, 0x7e, 0xc7, 0x80, 0xc7, 0x7e, 0xc7, 0x81, 0xc6, 0x7e,
  0xc6, 0x81, 0xc6, 0x7e, 0xc6, 0x81, 0xc5, 0x7e, 0xc5, 0x81, 0xc3, 0x7e,
  0xc2, 0x81, 0xc2, 0x7e, 0xc1, 0x81, 0xc0, 0x7d, 0xbf, 0x81, 0xbe, 0x7e,
  0xbc, 0x82, 0xba, 0x7d, 0xb8, 0x82, 0xb6, 0x7d, 0xb3, 0x82, 0xb2, 0x7d,
  0xb1, 0x83, 0xab, 0x7d, 0xa4, 0x83, 0xa7, 0x7c, 0xa4, 0x85, 0x46, 0x7a,
  0x2d, 0x87, 0x32, 0x79, 0x32, 0x88, 0x3a, 0x77, 0x4b, 0x94, 0x70, 0x6c,
  0x4e, 0x93, 0x3b, 0x6b, 0x3e, 0x8f, 0x3d, 0x6f, 0x3c, 0x8f, 0x3b, 0x70,
  0x3a, 0x8e, 0x39, 0x71, 0x39, 0x8d, 0x37, 0x72, 0x36, 0x8c, 0x35, 0x73,
  0x34, 0x8b, 0x33, 0x74, 0x33, 0x8b, 0x32, 0x74, 0x31, 0x8a, 0x30, 0x75,
  0x30, 0x8a, 0x2f, 0x76, 0x2e, 0x89, 0x2d, 0x76, 0x2d, 0x88, 0x2c, 0x77,
  0x2c, 0x88, 0x2b, 0x78, 0x2a, 0x88, 0x2a, 0x78, 0x29, 0x87, 0x29, 0x79,
  0x28, 0x87, 0x28, 0x79, 0x27, 0x87, 0x27, 0x79, 0x27, 0x87, 0x27, 0x79,
  0x27, 0x86, 0x26, 0x79, 0x25, 0x86, 0x25, 0x79, 0x25, 0x86, 0x25, 0x79,
  0x24, 0x86, 0x24, 0x7a, 0x24, 0x86, 0x23, 0x7a, 0x24, 0x86, 0x24, 0x7a,
  0x23, 0x85, 0x23, 0x79, 0x24, 0x86, 0x23, 0x7a, 0x24, 0x85, 0x25, 0x7b,
  0x26, 0x82, 0x27, 0x7d, 0x28, 0x80, 0x2b, 0x7e, 0x29, 0x7f, 0x29, 0x7f,
  0x2b, 0x80, 0x29, 0x7e, 0x27, 0x82, 0x25, 0x7d, 0x24, 0x84, 0x23, 0x7b,
  0x22, 0x85, 0x22, 0x7b, 0x22, 0x85, 0x21, 0x7a, 0x21, 0x85, 0x21, 0x7a,
  0x21, 0x85, 0x21, 0x7a, 0x21, 0x85, 0x21, 0x7a, 0x20, 0x85, 0x21, 0x7a,
  0x21, 0x85, 0x20, 0x7a, 0x20, 0x85, 0x20, 0x7a, 0x20, 0x85, 0x20, 0x7a,
  0x20, 0x85, 0x20, 0x7a, 0x1f, 0x85, 0x1f, 0x7a, 0x20, 0x85, 0x1f, 0x7a,
  0x1f, 0x85, 0x1f, 0x7a, 0x1f, 0x85, 0x1f, 0x7a, 0x1f, 0x85, 0x1f, 0x7a,
  0x1f, 0x85, 0x1f, 0x7a, 0x1f, 0x85, 0x1f, 0x7a, 0x1f, 0x85, 0x1f, 0x7a,
  0x1f, 0x85, 0x1f, 0x7a, 0x1f, 0x85, 0x1f, 0x7a, 0x1f, 0x85, 0x1f, 0x7a,
  0x1e, 0x85, 0x1e, 0x7a, 0x1f, 0x85, 0x1f, 0x7a, 0x1e, 0x85, 0x1f, 0x7a,
  0x1e, 0x85, 0x1f, 0x7a, 0x1e, 0x85, 0x1f, 0x7a, 0x1e, 0x85, 0x1e, 0x7a,
  0x1f, 0x85, 0x1e, 0x7a, 0x1e, 0x84, 0x1e, 0x7a, 0x1e, 0x85, 0x1e, 0x7a,
  0x1e, 0x85, 0x1f, 0x7a, 0x1e, 0x85, 0x1e, 0x7a, 0x1f, 0x85, 0x1f, 0x7a,
  0x1e, 0x85, 0x1e, 0x7a, 0x1e, 0x85, 0x1e, 0x7a, 0x1f, 0x85, 0x1f, 0x7a,
  0x1f, 0x85, 0x1f, 0x7a, 0x1f, 0x85, 0x1f, 0x7a, 0x1f, 0x85, 0x1f, 0x7a,
  0x1f, 0x85, 0x1f, 0x7a, 0x20, 0x84, 0x20, 0x7a, 0x1f, 0x85, 0x20, 0x7a,
  0x1f, 0x85, 0x20, 0x7a, 0x20, 0x85, 0x20, 0x7a, 0x20, 0x85, 0x1f, 0x7a,
  0x1f, 0x85, 0x1f, 0x7a, 0x1f, 0x85, 0x1f, 0x7a, 0x1f, 0x85, 0x20, 0x7a,
  0x20, 0x85, 0x21, 0x7a, 0x21, 0x85, 0x21, 0x7a, 0x21, 0x85, 0x21, 0x7a,
  0x21, 0x85, 0x21, 0x7a, 0x21, 0x85, 0x22, 0x7a, 0x22, 0x85, 0x22, 0x7a,
  0x21, 0x85, 0x22, 0x7a, 0x22, 0x85, 0x22, 0x7a, 0x22, 0x86, 0x22, 0x7a,
  0x22, 0x85, 0x22, 0x7a, 0x23, 0x86, 0x23, 0x7a, 0x22, 0x86, 0x22, 0x7a,
  0x22, 0x86, 0x22, 0x79, 0x22, 0x86, 0x23, 0x7a, 0x23, 0x86, 0x23, 0x79,
  0x24, 0x86, 0x24, 0x79, 0x24, 0x86, 0x25, 0x79, 0x25, 0x86, 0x25, 0x79,
  0x25, 0x86, 0x26, 0x7a, 0x26, 0x87, 0x26, 0x79, 0x27, 0x87, 0x27, 0x79,
  0x27, 0x87, 0x27, 0x79, 0x28, 0x87, 0x27, 0x79, 0x28, 0x87, 0x28, 0x79,
  0x29, 0x88, 0x2a, 0x78, 0x29, 0x88, 0x2a, 0x78, 0x2a, 0x89, 0x2b, 0x77,
  0x2c, 0x89, 0x2d, 0x77, 0x2d, 0x8a, 0x2e, 0x76, 0x2e, 0x8a, 0x2f, 0x76,
  0x30, 0x8a, 0x32, 0x75, 0x32, 0x8c, 0x32, 0x74, 0x33, 0x8c, 0x34, 0x73,
  0x35, 0x8d, 0x36, 0x72, 0x37, 0x8e, 0x38, 0x71, 0x39, 0x8f, 0x3a, 0x70,
  0x3c, 0x90, 0x3d, 0x6e, 0x3e, 0x91, 0x3e, 0x6d, 0x40, 0x91, 0x41, 0x6c,
  0x41, 0x97, 0x69, 0x68, 0x54, 0x91, 0x39, 0x70, 0x30, 0x87, 0x2a, 0x78,
  0x29, 0x85, 0x29, 0x79, 0x29, 0x86, 0x7e, 0x7a, 0x95, 0x87, 0x92, 0x7b,
  0x96, 0x86, 0x9b, 0x7b, 0x9f, 0x85, 0xa3, 0x7c, 0xa7, 0x84, 0xaa, 0x7d,
  0xad, 0x83, 0xaf, 0x7d, 0xb1, 0x82, 0xb3, 0x7d, 0xb5, 0x82, 0xb7, 0x7d,
  0xb7, 0x82, 0xb9, 0x7d, 0xba, 0x82, 0xbb, 0x7d, 0xbc, 0x81, 0xbd, 0x7e,
  0xbe, 0x81, 0xc0, 0x7e, 0xc0, 0x81, 0xc1, 0x7e, 0xc2, 0x80, 0xc3, 0x7e,
  0xc4, 0x80, 0xc4, 0x7e, 0xc4, 0x80, 0xc5, 0x7e, 0xc5, 0x80, 0xc6, 0x7e,
  0xc6, 0x80, 0xc5, 0x7e, 0xc5, 0x81, 0xc5, 0x7e, 0xc5, 0x80, 0xc5, 0x7e,
  0xc5, 0x80, 0xc5, 0x7e, 0xc5, 0x81, 0xc4, 0x7e, 0xc3, 0x81, 0xc2, 0x7e,
  0xc2, 0x81, 0xc1, 0x7d, 0xc0, 0x81, 0xbf, 0x7d, 0xbf, 0x81, 0xbd, 0x7e,
  0xbc, 0x81, 0xbb, 0x7e, 0xba, 0x82, 0xb8, 0x7d, 0xb6, 0x82, 0xb4, 0x7d,
  0xb2, 0x83, 0xaf, 0x7d, 0xac, 0x84, 0xaa, 0x7d, 0xa7, 0x84, 0xa3, 0x7c,
  0x9e, 0x86, 0x41, 0x7b, 0x2e, 0x87, 0x31, 0x79, 0x31, 0x88, 0x37, 0x78,
  0x47, 0x94, 0x6a, 0x6d, 0x4a, 0x92, 0x3b, 0x6c, 0x3d, 0x8f, 0x3c, 0x6f,
  0x3c, 0x8f, 0x3b, 0x70, 0x3a, 0x8e, 0x39, 0x71, 0x38, 0x8e, 0x37, 0x72,
  0x36, 0x8c, 0x34, 0x73, 0x34, 0x8c, 0x32, 0x74, 0x32, 0x8b, 0x31, 0x75,
  0x30, 0x8a, 0x30, 0x75, 0x2f, 0x89, 0x2f, 0x76, 0x2e, 0x89, 0x2d, 0x77,
  0x2d, 0x88, 0x2c, 0x77, 0x2b, 0x88, 0x2b, 0x78, 0x2a, 0x88, 0x29, 0x78,
  0x29, 0x87, 0x28, 0x79, 0x28, 0x87, 0x28, 0x79, 0x28, 0x87, 0x27, 0x79,
  0x26, 0x87, 0x27, 0x79, 0x26, 0x87, 0x26, 0x79, 0x25, 0x86, 0x25, 0x79,
  0x25, 0x86, 0x24, 0x79, 0x24, 0x86, 0x24, 0x79, 0x23, 0x86, 0x23, 0x7a,
  0x23, 0x86, 0x23, 0x79, 0x23, 0x85, 0x23, 0x7a, 0x23, 0x85, 0x24, 0x7a,
  0x24, 0x85, 0x24, 0x7b, 0x24, 0x84, 0x25, 0x7b, 0x25, 0x82, 0x26, 0x7c,
  0x27, 0x82, 0x27, 0x7d, 0x27, 0x82, 0x26, 0x7d, 0x25, 0x83, 0x24, 0x7c,
  0x23, 0x84, 0x22, 0x7b, 0x22, 0x85, 0x22, 0x7b, 0x21, 0x85, 0x21, 0x7a,
  0x21, 0x85, 0x21, 0x7a, 0x21, 0x85, 0x21, 0x7a, 0x21, 0x85, 0x20, 0x7a,
  0x20, 0x85, 0x20, 0x7a, 0x20, 0x85, 0x20, 0x7a, 0x20, 0x85, 0x1f, 0x7a,
  0x1f, 0x85, 0x20, 0x7a, 0x20, 0x85, 0x20, 0x7a, 0x1f, 0x85, 0x1f, 0x7a,
  0x1f, 0x85, 0x1f, 0x7a, 0x1f, 0x85, 0x1f, 0x7a, 0x1f, 0x85, 0x1f, 0x7a,
  0x1f, 0x85, 0x1f, 0x7a, 0x1f, 0x85, 0x1f, 0x7a, 0x1f, 0x85, 0x1f, 0x7a,
  0x1e, 0x85, 0x1f, 0x7a, 0x1f, 0x85, 0x1f, 0x7a, 0x1f, 0x85, 0x1e, 0x7a,
  0x1e, 0x85, 0x1e, 0x7a, 0x1f, 0x85, 0x1e, 0x7a, 0x1e, 0x85, 0x1e, 0x7a,
  0x1e, 0x85, 0x1e, 0x7a, 0x1e, 0x85, 0x1e, 0x7a, 0x1e, 0x84, 0x1e, 0x7a,
  0x1e, 0x84, 0x1e, 0x7a, 0x1e, 0x85, 0x1f, 0x7a, 0x1e, 0x85, 0x1e, 0x7a,
  0x1f, 0x85, 0x1e, 0x7a, 0x1f, 0x85, 0x1f, 0x7a, 0x1f, 0x85, 0x1f, 0x7a,
  0x1f, 0x85, 0x1f, 0x7a, 0x1f, 0x85, 0x1f, 0x7a, 0x1f, 0x85, 0x1f, 0x7a,
  0x1f, 0x85, 0x1f, 0x7a, 0x1f, 0x85, 0x1f, 0x7a, 0x1f, 0x85, 0x1f, 0x7a,
  0x1f, 0x85, 0x1f, 0x7a, 0x1f, 0x85, 0x1f, 0x7a, 0x1f, 0x85, 0x1f, 0x7a,
  0x1f, 0x85, 0x20, 0x7a, 0x20, 0x86, 0x20, 0x7a, 0x20, 0x85, 0x20, 0x7a,
  0x1f, 0x86, 0x1f, 0x7a, 0x20, 0x86, 0x1f, 0x7a, 0x1f, 0x86, 0x1f, 0x7a,
  0x20, 0x86, 0x20, 0x7a, 0x20, 0x86, 0x21, 0x7a, 0x21, 0x86, 0x21, 0x7a,
  0x21, 0x86, 0x20, 0x7a, 0x21, 0x86, 0x21, 0x7a, 0x21, 0x86, 0x22, 0x7a,
  0x22, 0x86, 0x22, 0x7a, 0x22, 0x86, 0x22, 0x7a, 0x22, 0x86, 0x22, 0x7a,
  0x22, 0x86, 0x21, 0x7a, 0x22, 0x86, 0x22, 0x7a, 0x22, 0x86, 0x22, 0x7a,
  0x22, 0x86, 0x23, 0x7a, 0x22, 0x86, 0x23, 0x7a, 0x23, 0x86, 0x23, 0x7a,
  0x23, 0x86, 0x23, 0x7a, 0x24, 0x87, 0x24, 0x7a, 0x24, 0x87, 0x25, 0x7a,
  0x25, 0x87, 0x25, 0x7a, 0x25, 0x87, 0x26, 0x7a, 0x26, 0x87, 0x26, 0x7a,
  0x27, 0x87, 0x27, 0x79, 0x27, 0x87, 0x27, 0x79, 0x27, 0x87, 0x27, 0x79,
  0x28, 0x88, 0x28, 0x79, 0x28, 0x88, 0x28, 0x78, 0x29, 0x88, 0x29, 0x78,
  0x2a, 0x89, 0x2b, 0x78, 0x2c, 0x89, 0x2c, 0x77, 0x2d, 0x8a, 0x2d, 0x76,
  0x2e, 0x8a, 0x2f, 0x76, 0x30, 0x8a, 0x31, 0x75, 0x31, 0x8b, 0x32, 0x74,
  0x33, 0x8c, 0x33, 0x73, 0x35, 0x8d, 0x36, 0x72, 0x37, 0x8d, 0x38, 0x71,
  0x38, 0x8e, 0x3a, 0x70, 0x3b, 0x8f, 0x3c, 0x6f, 0x3d, 0x90, 0x3d, 0x6d,
  0x3f, 0x91, 0x41, 0x6c, 0x40, 0x95, 0x62, 0x69, 0x4e, 0x90, 0x36, 0x71,
  0x2f, 0x87, 0x2a, 0x79, 0x29, 0x85, 0x29, 0x7a, 0x26, 0x86, 0x77, 0x7a,
  0x94, 0x87, 0x91, 0x7b, 0x97, 0x86, 0x9b, 0x7b, 0x9e, 0x85, 0xa1, 0x7c,
  0xa5, 0x84, 0xa7, 0x7c, 0xaa, 0x83, 0xad, 0x7c, 0xaf, 0x83, 0xb0, 0x7d,
  0xb2, 0x82, 0xb4, 0x7d, 0xb5, 0x82, 0xb6, 0x7d, 0xb7, 0x82, 0xb9, 0x7e,
  0xb9, 0x82, 0xba, 0x7d, 0xbb, 0x81, 0xbc, 0x7e, 0xbe, 0x81, 0xbf, 0x7e,
  0xc0, 0x80, 0xc1, 0x7e, 0xc1, 0x81, 0xc2, 0x7e, 0xc2, 0x81, 0xc2, 0x7e,
  0xc2, 0x81, 0xc2, 0x7e, 0xc2, 0x80, 0xc2, 0x7e, 0xc3, 0x81, 0xc2, 0x7e,
  0xc3, 0x80, 0xc3, 0x7e, 0xc3, 0x80, 0xc2, 0x7e, 0xc1, 0x81, 0xc1, 0x7e,
  0xc0, 0x81, 0xbf, 0x7e, 0xbf, 0x81, 0xbe, 0x7d, 0xbd, 0x81, 0xbc, 0x7e,
  0xbb, 0x81, 0xb9, 0x7e, 0xb9, 0x82, 0xb8, 0x7e, 0xb7, 0x82, 0xb5, 0x7d,
  0xb3, 0x82, 0xb2, 0x7d, 0xaf, 0x83, 0xad, 0x7d, 0xa9, 0x84, 0xa7, 0x7c,
  0xa3, 0x84, 0xa1, 0x7c, 0x97, 0x86, 0x39, 0x7a, 0x2e, 0x87, 0x2f, 0x79,
  0x2f, 0x88, 0x34, 0x78, 0x44, 0x92, 0x65, 0x6e, 0x46, 0x91, 0x3c, 0x6d,
  0x3d, 0x8e, 0x3c, 0x70, 0x3b, 0x8e, 0x3b, 0x70, 0x3a, 0x8d, 0x38, 0x71,
  0x38, 0x8d, 0x36, 0x72, 0x35, 0x8c, 0x34, 0x73, 0x33, 0x8c, 0x32, 0x74,
  0x31, 0x8b, 0x30, 0x75, 0x30, 0x8a, 0x2f, 0x76, 0x2f, 0x8a, 0x2e, 0x76,
  0x2e, 0x89, 0x2d, 0x77, 0x2d, 0x89, 0x2c, 0x77, 0x2c, 0x88, 0x2b, 0x78,
  0x2a, 0x88, 0x2a, 0x78, 0x29, 0x88, 0x28, 0x79, 0x28, 0x87, 0x28, 0x79,
  0x27, 0x87, 0x27, 0x79, 0x27, 0x87, 0x27, 0x79, 0x26, 0x87, 0x25, 0x79,
  0x25, 0x87, 0x24, 0x7a, 0x24, 0x86, 0x24, 0x7a, 0x24, 0x87, 0x24, 0x7a,
  0x23, 0x86, 0x23, 0x7a, 0x23, 0x86, 0x23, 0x7a, 0x23, 0x86, 0x23, 0x7a,
  0x23, 0x86, 0x23, 0x7a, 0x23, 0x85, 0x23, 0x7a, 0x24, 0x84, 0x24, 0x7b,
  0x24, 0x84, 0x24, 0x7b, 0x24, 0x83, 0x24, 0x7c, 0x24, 0x84, 0x23, 0x7c,
  0x23, 0x84, 0x23, 0x7b, 0x22, 0x84, 0x22, 0x7b, 0x22, 0x85, 0x22, 0x7a,
  0x21, 0x85, 0x21, 0x7a, 0x21, 0x86, 0x21, 0x7a, 0x21, 0x86, 0x21, 0x7a,
  0x21, 0x85, 0x20, 0x7a, 0x1f, 0x85, 0x1f, 0x7a, 0x1f, 0x85, 0x1f, 0x7a,
  0x20, 0x85, 0x20, 0x7a, 0x20, 0x85, 0x20, 0x7a, 0x1f, 0x85, 0x1f, 0x7a,
  0x20, 0x85, 0x20, 0x7a, 0x20, 0x85, 0x1f, 0x7a, 0x1f, 0x85, 0x1f, 0x7a,
  0x1f, 0x85, 0x1f, 0x7a, 0x1f, 0x85, 0x1f, 0x7a, 0x1f, 0x85, 0x1f, 0x7a,
  0x1f, 0x85, 0x1f, 0x7a, 0x1f, 0x85, 0x1f, 0x7a, 0x1f, 0x85, 0x1f, 0x7a,
  0x1f, 0x85, 0x1f, 0x7a, 0x1f, 0x85, 0x1e, 0x7a, 0x1f, 0x85, 0x1f, 0x7a,
  0x1f, 0x85, 0x1f, 0x7a, 0x1f, 0x85, 0x1e, 0x7a, 0x1e, 0x85, 0x1e, 0x7a,
  0x1e, 0x85, 0x1e, 0x7a, 0x1e, 0x84, 0x1e, 0x7a, 0x1e, 0x85, 0x1e, 0x7a,
  0x1e, 0x84, 0x1f, 0x7a, 0x1e, 0x84, 0x1e, 0x7a, 0x1e, 0x84, 0x1e, 0x7a,
  0x1f, 0x85, 0x1f, 0x7a, 0x1f, 0x85, 0x1f, 0x7a, 0x1f, 0x85, 0x1f, 0x7a,
  0x1f, 0x85, 0x1f, 0x7a, 0x1f, 0x85, 0x1f, 0x7a, 0x1f, 0x85, 0x1f, 0x7a,
  0x1f, 0x85, 0x1f, 0x7a, 0x1f, 0x85, 0x1f, 0x7a, 0x1f, 0x85, 0x1f, 0x7a,
  0x1f, 0x85, 0x1f, 0x7a, 0x1f, 0x85, 0x20, 0x7a, 0x20, 0x85, 0x20, 0x7a,
  0x20, 0x85, 0x20, 0x7a, 0x20, 0x85, 0x20, 0x7a, 0x1f, 0x85, 0x20, 0x7a,
  0x20, 0x86, 0x1f, 0x7a, 0x20, 0x86, 0x20, 0x7a, 0x20, 0x86, 0x20, 0x7a,
  0x21, 0x86, 0x21, 0x7a, 0x21, 0x85, 0x21, 0x7a, 0x21, 0x86, 0x21, 0x7a,
  0x21, 0x85, 0x21, 0x7a, 0x21, 0x85, 0x22, 0x7a, 0x22, 0x86, 0x22, 0x7a,
  0x21, 0x86, 0x22, 0x7a, 0x22, 0x86, 0x22, 0x7a, 0x22, 0x86, 0x22, 0x7a,
  0x22, 0x86, 0x22, 0x7a, 0x22, 0x86, 0x23, 0x7a, 0x22, 0x86, 0x23, 0x7a,
  0x23, 0x86, 0x23, 0x7a, 0x23, 0x86, 0x23, 0x7a, 0x24, 0x86, 0x24, 0x79,
  0x24, 0x86, 0x25, 0x79, 0x25, 0x86, 0x25, 0x7a, 0x25, 0x86, 0x25, 0x79,
  0x26, 0x87, 0x26, 0x79, 0x27, 0x87, 0x27, 0x79, 0x27, 0x87, 0x26, 0x79,
  0x27, 0x87, 0x27, 0x79, 0x28, 0x87, 0x28, 0x78, 0x28, 0x87, 0x29, 0x78,
  0x29, 0x88, 0x2a, 0x78, 0x2a, 0x88, 0x2b, 0x78, 0x2b, 0x88, 0x2c, 0x77,
  0x2c, 0x89, 0x2d, 0x76, 0x2e, 0x89, 0x2f, 0x76, 0x2f, 0x8a, 0x30, 0x75,
  0x31, 0x8b, 0x32, 0x74, 0x33, 0x8b, 0x33, 0x73, 0x34, 0x8d, 0x35, 0x72,
  0x36, 0x8e, 0x37, 0x72, 0x38, 0x8f, 0x39, 0x70, 0x3a, 0x8f, 0x3c, 0x6f,
  0x3c, 0x90, 0x3d, 0x6e, 0x3f, 0x90, 0x41, 0x6d, 0x3f, 0x95, 0x5b, 0x69,
  0x4c, 0x90, 0x34, 0x71, 0x2d, 0x86, 0x29, 0x79, 0x27, 0x85, 0x28, 0x7a,
  0x22, 0x86, 0x70, 0x7a, 0x95, 0x86, 0x91, 0x7b, 0x97, 0x85, 0x99, 0x7c,
  0x9c, 0x85, 0x9e, 0x7c, 0xa0, 0x84, 0xa3, 0x7c, 0xa7, 0x83, 0xa9, 0x7c,
  0xab, 0x83, 0xae, 0x7d, 0xaf, 0x82, 0xb1, 0x7d, 0xb3, 0x82, 0xb4, 0x7d,
  0xb5, 0x82, 0xb6, 0x7d, 0xb7, 0x82, 0xb7, 0x7d, 0xb8, 0x82, 0xba, 0x7d,
  0xbb, 0x81, 0xbc, 0x7d, 0xbd, 0x81, 0xbe, 0x7e, 0xbf, 0x81, 0xbf, 0x7e,
  0xbf, 0x81, 0xc0, 0x7e, 0xc0, 0x81, 0xc0, 0x7e, 0xc0, 0x81, 0xc0, 0x7e,
  0xc0, 0x81, 0xc0, 0x7e, 0xc0, 0x81, 0xc0, 0x7e, 0xc0, 0x81, 0xc0, 0x7d,
  0xbf, 0x81, 0xbe, 0x7e, 0xbe, 0x81, 0xbd, 0x7e, 0xbc, 0x82, 0xbb, 0x7d,
  0xba, 0x82, 0xb9, 0x7d, 0xb8, 0x82, 0xb8, 0x7d, 0xb7, 0x82, 0xb6, 0x7d,
  0xb4, 0x82, 0xb2, 0x7d, 0xb0, 0x83, 0xae, 0x7d, 0xab, 0x83, 0xa9, 0x7d,
  0xa7, 0x83, 0xa5, 0x7d, 0xa1, 0x84, 0xa0, 0x7c, 0x8a, 0x86, 0x2e, 0x7a,
  0x2c, 0x85, 0x2d, 0x79, 0x2e, 0x87, 0x33, 0x78, 0x44, 0x92, 0x5f, 0x6f,
  0x40, 0x91, 0x3c, 0x6e, 0x3d, 0x8f, 0x3c, 0x70, 0x3b, 0x8e, 0x3b, 0x71,
  0x39, 0x8e, 0x38, 0x71, 0x37, 0x8d, 0x35, 0x72, 0x35, 0x8c, 0x33, 0x73,
  0x33, 0x8b, 0x32, 0x74, 0x31, 0x8a, 0x30, 0x75, 0x2f, 0x8a, 0x2f, 0x76,
  0x2e, 0x89, 0x2e, 0x76, 0x2d, 0x88, 0x2d, 0x77, 0x2c, 0x88, 0x2c, 0x77,
  0x2b, 0x87, 0x2b, 0x78, 0x2a, 0x87, 0x29, 0x78, 0x29, 0x87, 0x28, 0x79,
  0x28, 0x87, 0x28, 0x79, 0x27, 0x87, 0x26, 0x79, 0x26, 0x87, 0x26, 0x79,
  0x26, 0x86, 0x25, 0x79, 0x24, 0x86, 0x24, 0x79, 0x24, 0x86, 0x24, 0x7a,
  0x24, 0x86, 0x24, 0x7a, 0x24, 0x86, 0x24, 0x7a, 0x23, 0x86, 0x23, 0x7a,
  0x23, 0x86, 0x23, 0x7a, 0x23, 0x86, 0x23, 0x7a, 0x23, 0x86, 0x23, 0x7a,
  0x23, 0x85, 0x23, 0x7a, 0x23, 0x84, 0x23, 0x7a, 0x23, 0x84, 0x22, 0x7b,
  0x22, 0x84, 0x23, 0x7b, 0x23, 0x85, 0x22, 0x7a, 0x22, 0x85, 0x22, 0x7a,
  0x22, 0x85, 0x22, 0x7a, 0x21, 0x85, 0x21, 0x7a, 0x22, 0x86, 0x21, 0x7a,
  0x21, 0x85, 0x20, 0x7a, 0x20, 0x85, 0x20, 0x7a, 0x1f, 0x85, 0x1f, 0x7a,
  0x20, 0x85, 0x20, 0x7a, 0x20, 0x85, 0x20, 0x7a, 0x20, 0x85, 0x20, 0x7a,
  0x20, 0x85, 0x20, 0x7a, 0x20, 0x85, 0x20, 0x7a, 0x20, 0x85, 0x1f, 0x7a,
  0x1f, 0x85, 0x1f, 0x7a, 0x1f, 0x85, 0x1f, 0x7a, 0x1f, 0x85, 0x1f, 0x7a,
  0x1f, 0x85, 0x1f, 0x7a, 0x1f, 0x85, 0x1f, 0x7a, 0x1f, 0x85, 0x1f, 0x7a,
  0x1f, 0x85, 0x1f, 0x7a, 0x1e, 0x84, 0x1f, 0x7a, 0x1f, 0x84, 0x1f, 0x7a,
  0x1e, 0x85, 0x1f, 0x7a, 0x1f, 0x85, 0x1e, 0x7a, 0x1f, 0x85, 0x1e, 0x7a,
  0x1e, 0x85, 0x1e, 0x7a, 0x1e, 0x84, 0x1e, 0x7a, 0x1e, 0x84, 0x1e, 0x7a,
  0x1e, 0x85, 0x1e, 0x7a, 0x1f, 0x85, 0x1e, 0x7a, 0x1e, 0x85, 0x1e, 0x7a,
  0x1e, 0x85, 0x1f, 0x7a, 0x1f, 0x85, 0x1f, 0x7a, 0x1f, 0x85, 0x1f, 0x7a,
  0x1f, 0x85, 0x1f, 0x7a, 0x1f, 0x85, 0x1f, 0x7a, 0x1f, 0x85, 0x1f, 0x7a,
  0x1f, 0x85, 0x1f, 0x7a, 0x1f, 0x85, 0x1f, 0x7a, 0x1f, 0x85, 0x1f, 0x7a,
  0x1f, 0x85, 0x1f, 0x7a, 0x1f, 0x85, 0x1f, 0x7a, 0x1f, 0x85, 0x20, 0x7a,
  0x20, 0x85, 0x20, 0x7a, 0x20, 0x85, 0x20, 0x7a, 0x20, 0x85, 0x1f, 0x7a,
  0x20, 0x85, 0x20, 0x7a, 0x1f, 0x85, 0x1f, 0x7a, 0x1f, 0x85, 0x20, 0x7a,
  0x20, 0x85, 0x21, 0x7a, 0x21, 0x85, 0x21, 0x7a, 0x21, 0x85, 0x21, 0x7a,
  0x21, 0x86, 0x21, 0x7a, 0x21, 0x86, 0x21, 0x7a, 0x22, 0x85, 0x22, 0x7a,
  0x22, 0x86, 0x22, 0x7a, 0x22, 0x86, 0x22, 0x7a, 0x22, 0x86, 0x22, 0x7a,
  0x22, 0x86, 0x22, 0x7a, 0x23, 0x86, 0x22, 0x7a, 0x22, 0x86, 0x22, 0x7a,
  0x22, 0x86, 0x22, 0x7a, 0x23, 0x86, 0x22, 0x7a, 0x23, 0x86, 0x23, 0x7a,
  0x24, 0x86, 0x24, 0x7a, 0x24, 0x86, 0x25, 0x7a, 0x25, 0x86, 0x25, 0x7a,
  0x26, 0x86, 0x26, 0x79, 0x26, 0x87, 0x26, 0x79, 0x26, 0x87, 0x26, 0x79,
  0x26, 0x87, 0x26, 0x79, 0x26, 0x87, 0x27, 0x79, 0x27, 0x87, 0x28, 0x79,
  0x28, 0x88, 0x29, 0x78, 0x29, 0x88, 0x2a, 0x78, 0x2b, 0x88, 0x2b, 0x77,
  0x2b, 0x89, 0x2c, 0x77, 0x2c, 0x89, 0x2c, 0x76, 0x2d, 0x8a, 0x2e, 0x76,
  0x2e, 0x8a, 0x2f, 0x76, 0x31, 0x8a, 0x32, 0x75, 0x32, 0x8b, 0x33, 0x74,
  0x34, 0x8c, 0x34, 0x73, 0x36, 0x8d, 0x37, 0x72, 0x38, 0x8e, 0x39, 0x71,
  0x3a, 0x8f, 0x3b, 0x6f, 0x3c, 0x8f, 0x3d, 0x6e, 0x3e, 0x90, 0x40, 0x6d,
  0x3e, 0x94, 0x55, 0x6a, 0x4c, 0x8f, 0x31, 0x72, 0x2b, 0x86, 0x27, 0x7a,
  0x27, 0x85, 0x28, 0x7a, 0x21, 0x86, 0x65, 0x7a, 0x94, 0x87, 0x8f, 0x7b,
  0x93, 0x85, 0x96, 0x7c, 0x99, 0x85, 0x9b, 0x7c, 0x9e, 0x85, 0xa1, 0x7c,
  0xa4, 0x84, 0xa6, 0x7c, 0xa8, 0x83, 0xa9, 0x7c, 0xab, 0x83, 0xad, 0x7d,
  0xaf, 0x82, 0xb0, 0x7d, 0xb1, 0x82, 0xb3, 0x7d, 0xb4, 0x82, 0xb5, 0x7d,
  0xb6, 0x82, 0xb7, 0x7d, 0xb9, 0x82, 0xba, 0x7d, 0xbb, 0x82, 0xbc, 0x7d,
  0xbc, 0x81, 0xbd, 0x7d, 0xbd, 0x81, 0xbd, 0x7e, 0xbd, 0x81, 0xbd, 0x7d,
  0xbd, 0x81, 0xbe, 0x7d, 0xbd, 0x81, 0xbd, 0x7d, 0xbd, 0x81, 0xbd, 0x7d,
  0xbe, 0x82, 0xbd, 0x7d, 0xbd, 0x81, 0xbc, 0x7d, 0xbb, 0x82, 0xba, 0x7d,
  0xba, 0x82, 0xb8, 0x7d, 0xb7, 0x82, 0xb7, 0x7d, 0xb6, 0x82, 0xb4, 0x7d,
  0xb3, 0x82, 0xb2, 0x7d, 0xb0, 0x82, 0xae, 0x7d, 0xac, 0x83, 0xaa, 0x7d,
  0xa8, 0x83, 0xa5, 0x7d, 0xa4, 0x84, 0xa1, 0x7c, 0x9d, 0x85, 0xa0, 0x7c,
  0x78, 0x86, 0x26, 0x7a, 0x2c, 0x86, 0x2b, 0x7a, 0x2d, 0x88, 0x32, 0x79,
  0x45, 0x92, 0x57, 0x6f, 0x3c, 0x90, 0x3d, 0x6e, 0x3c, 0x8e, 0x3b, 0x70,
  0x3b, 0x8e, 0x3a, 0x71, 0x39, 0x8d, 0x37, 0x72, 0x37, 0x8d, 0x35, 0x73,
  0x35, 0x8c, 0x33, 0x74, 0x32, 0x8b, 0x31, 0x74, 0x30, 0x8a, 0x30, 0x75,
  0x2f, 0x89, 0x2e, 0x76, 0x2e, 0x89, 0x2d, 0x76, 0x2d, 0x89, 0x2c, 0x77,
  0x2b, 0x88, 0x2b, 0x77, 0x2b, 0x88, 0x2b, 0x78, 0x2a, 0x88, 0x29, 0x79,
  0x28, 0x87, 0x28, 0x79, 0x27, 0x87, 0x27, 0x79, 0x27, 0x87, 0x26, 0x79,
  0x26, 0x87, 0x26, 0x79, 0x26, 0x87, 0x25, 0x79, 0x25, 0x86, 0x24, 0x7a,
  0x24, 0x86, 0x24, 0x7a, 0x24, 0x86, 0x24, 0x7a, 0x24, 0x86, 0x23, 0x7a,
  0x23, 0x86, 0x23, 0x7a, 0x23, 0x86, 0x23, 0x7a, 0x23, 0x86, 0x23, 0x7a,
  0x22, 0x85, 0x22, 0x7a, 0x22, 0x85, 0x22, 0x7a, 0x22, 0x85, 0x22, 0x7b,
  0x22, 0x85, 0x22, 0x7b, 0x22, 0x85, 0x22, 0x7b, 0x22, 0x85, 0x21, 0x7b,
  0x21, 0x85, 0x22, 0x7a, 0x21, 0x85, 0x21, 0x7a, 0x21, 0x85, 0x21, 0x7a,
  0x21, 0x85, 0x21, 0x7a, 0x21, 0x85, 0x21, 0x7a, 0x20, 0x85, 0x20, 0x7a,
  0x1f, 0x85, 0x20, 0x7a, 0x20, 0x85, 0x1f, 0x7a, 0x20, 0x85, 0x20, 0x7a,
  0x20, 0x85, 0x20, 0x7a, 0x20, 0x85, 0x20, 0x7a, 0x20, 0x85, 0x20, 0x7a,
  0x1f, 0x85, 0x1f, 0x7a, 0x1f, 0x85, 0x1f, 0x7a, 0x1f, 0x85, 0x1f, 0x7a,
  0x1f, 0x85, 0x1f, 0x7a, 0x1f, 0x85, 0x1f, 0x7a, 0x1f, 0x85, 0x1f, 0x7a,
  0x1f, 0x85, 0x1f, 0x7a, 0x1e, 0x85, 0x1e, 0x7a, 0x1f, 0x85, 0x1e, 0x7a,
  0x1f, 0x85, 0x1f, 0x7a, 0x1f, 0x85, 0x1f, 0x7a, 0x1f, 0x85, 0x1f, 0x7a,
  0x1e, 0x85, 0x1e, 0x7a, 0x1e, 0x85, 0x1e, 0x7a, 0x1e, 0x85, 0x1e, 0x7a,
  0x1e, 0x84, 0x1e, 0x7b, 0x1e, 0x84, 0x1f, 0x7a, 0x1e, 0x84, 0x1f, 0x7a,
  0x1f, 0x84, 0x1f, 0x7a, 0x1f, 0x84, 0x1f, 0x7a, 0x1f, 0x85, 0x1f, 0x7a,
  0x1f, 0x84, 0x1f, 0x7a, 0x1f, 0x85, 0x1f, 0x7a, 0x1f, 0x84, 0x1f, 0x7a,
  0x1f, 0x85, 0x1f, 0x7a, 0x1f, 0x85, 0x1f, 0x7a, 0x1f, 0x85, 0x20, 0x7a,
  0x1f, 0x85, 0x1f, 0x7a, 0x1f, 0x85, 0x20, 0x7a, 0x1f, 0x85, 0x20, 0x7a,
  0x20, 0x85, 0x20, 0x7a, 0x1f, 0x85, 0x20, 0x7a, 0x20, 0x85, 0x20, 0x7a,
  0x20, 0x85, 0x1f, 0x7a, 0x1f, 0x85, 0x1f, 0x7a, 0x20, 0x85, 0x20, 0x7a,
  0x20, 0x85, 0x20, 0x7a, 0x20, 0x85, 0x20, 0x7a, 0x20, 0x85, 0x20, 0x7a,
  0x20, 0x85, 0x20, 0x7a, 0x21, 0x85, 0x21, 0x7a, 0x21, 0x86, 0x22, 0x7a,
  0x22, 0x85, 0x21, 0x7a, 0x22, 0x86, 0x21, 0x7a, 0x22, 0x86, 0x22, 0x7a,
  0x21, 0x86, 0x21, 0x7a, 0x21, 0x86, 0x22, 0x7a, 0x22, 0x86, 0x22, 0x7a,
  0x22, 0x86, 0x22, 0x7a, 0x22, 0x86, 0x22, 0x7a, 0x22, 0x86, 0x22, 0x7a,
  0x23, 0x86, 0x23, 0x7a, 0x24, 0x86, 0x24, 0x79, 0x24, 0x86, 0x24, 0x7a,
  0x25, 0x87, 0x25, 0x7a, 0x25, 0x86, 0x26, 0x79, 0x26, 0x87, 0x25, 0x79,
  0x26, 0x87, 0x26, 0x79, 0x26, 0x87, 0x26, 0x79, 0x27, 0x87, 0x28, 0x79,
  0x27, 0x87, 0x28, 0x79, 0x28, 0x87, 0x29, 0x78, 0x29, 0x88, 0x2a, 0x78,
  0x2a, 0x88, 0x2b, 0x78, 0x2a, 0x89, 0x2b, 0x77, 0x2c, 0x89, 0x2d, 0x76,
  0x2d, 0x8a, 0x2e, 0x76, 0x2f, 0x8a, 0x2f, 0x76, 0x30, 0x8a, 0x31, 0x75,
  0x32, 0x8b, 0x32, 0x74, 0x33, 0x8c, 0x34, 0x73, 0x35, 0x8d, 0x36, 0x72,
  0x37, 0x8e, 0x38, 0x71, 0x39, 0x8e, 0x3a, 0x70, 0x3b, 0x8f, 0x3c, 0x6e,
  0x3d, 0x90, 0x3f, 0x6e, 0x3d, 0x93, 0x4e, 0x6b, 0x4b, 0x8e, 0x30, 0x73,
  0x29, 0x86, 0x27, 0x7a, 0x26, 0x84, 0x27, 0x7a, 0x20, 0x85, 0x53, 0x7a,
  0x92, 0x86, 0x8c, 0x7b, 0x91, 0x85, 0x94, 0x7b, 0x96, 0x85, 0x99, 0x7c,
  0x9c, 0x84, 0x9e, 0x7c, 0xa0, 0x84, 0xa2, 0x7c, 0xa5, 0x83, 0xa6, 0x7c,
  0xa7, 0x83, 0xa9, 0x7d, 0xab, 0x83, 0xac, 0x7d, 0xae, 0x83, 0xb0, 0x7d,
  0xb1, 0x82, 0xb1, 0x7d, 0xb3, 0x82, 0xb4, 0x7d, 0xb6, 0x81, 0xb6, 0x7d,
  0xb7, 0x81, 0xb8, 0x7d, 0xb9, 0x81, 0xb9, 0x7d, 0xb8, 0x81, 0xb9, 0x7d,
  0xba, 0x81, 0xba, 0x7d, 0xba, 0x81, 0xba, 0x7d, 0xba, 0x81, 0xba, 0x7d,
  0xba, 0x81, 0xba, 0x7d, 0xba, 0x81, 0xb9, 0x7d, 0xb9, 0x81, 0xb8, 0x7d,
  0xb7, 0x81, 0xb6, 0x7d, 0xb5, 0x81, 0xb5, 0x7d, 0xb4, 0x82, 0xb4, 0x7d,
  0xb2, 0x82, 0xb1, 0x7d, 0xb0, 0x82, 0xaf, 0x7d, 0xac, 0x82, 0xaa, 0x7d,
  0xa8, 0x83, 0xa6, 0x7d, 0xa4, 0x83, 0xa2, 0x7c, 0x9f, 0x84, 0x9c, 0x7c,
  0x98, 0x85, 0x9e, 0x7c, 0x5e, 0x85, 0x23, 0x7a, 0x2c, 0x85, 0x2a, 0x7a,
  0x2c, 0x87, 0x2f, 0x79, 0x46, 0x91, 0x51, 0x6f, 0x3b, 0x8f, 0x3c, 0x6e,
  0x3b, 0x8e, 0x3a, 0x70, 0x3a, 0x8e, 0x39, 0x71, 0x38, 0x8d, 0x37, 0x72,
  0x36, 0x8c, 0x35, 0x73, 0x34, 0x8b, 0x33, 0x74, 0x32, 0x8a, 0x31, 0x75,
  0x30, 0x8a, 0x30, 0x75, 0x2f, 0x8a, 0x2e, 0x76, 0x2e, 0x89, 0x2d, 0x76,
  0x2c, 0x88, 0x2c, 0x77, 0x2b, 0x88, 0x2b, 0x78, 0x2a, 0x87, 0x2a, 0x78,
  0x29, 0x87, 0x29, 0x79, 0x28, 0x87, 0x28, 0x79, 0x28, 0x87, 0x28, 0x79,
  0x27, 0x87, 0x27, 0x79, 0x26, 0x86, 0x26, 0x79, 0x25, 0x86, 0x25, 0x7a,
  0x24, 0x86, 0x24, 0x7a, 0x24, 0x86, 0x24, 0x7a, 0x24, 0x86, 0x24, 0x7a,
  0x24, 0x86, 0x23, 0x7a, 0x23, 0x86, 0x23, 0x7a, 0x23, 0x86, 0x23, 0x7a,
  0x23, 0x86, 0x23, 0x7a, 0x22, 0x85, 0x22, 0x7a, 0x22, 0x85, 0x22, 0x7a,
  0x21, 0x85, 0x21, 0x7a, 0x21, 0x85, 0x21, 0x7a, 0x21, 0x85, 0x21, 0x7a,
  0x21, 0x85, 0x21, 0x7a, 0x21, 0x85, 0x22, 0x7a, 0x21, 0x85, 0x21, 0x7a,
  0x21, 0x85, 0x21, 0x7a, 0x21, 0x85, 0x21, 0x7a, 0x21, 0x85, 0x21, 0x7a,
  0x20, 0x85, 0x20, 0x7a, 0x20, 0x85, 0x20, 0x7a, 0x1f, 0x85, 0x1f, 0x7a,
  0x1f, 0x85, 0x1f, 0x7a, 0x20, 0x85, 0x20, 0x7a, 0x20, 0x85, 0x20, 0x7a,
  0x20, 0x84, 0x20, 0x7a, 0x1f, 0x85, 0x1f, 0x7a, 0x1f, 0x85, 0x1f, 0x7a,
  0x1f, 0x85, 0x1f, 0x7a, 0x1f, 0x84, 0x1f, 0x7a, 0x1f, 0x85, 0x1f, 0x7a,
  0x1f, 0x84, 0x1f, 0x7a, 0x1f, 0x84, 0x1f, 0x7a, 0x1f, 0x85, 0x1f, 0x7a,
  0x1f, 0x84, 0x1f, 0x7a, 0x1f, 0x84, 0x1f, 0x7a, 0x1f, 0x84, 0x1f, 0x7a,
  0x1f, 0x84, 0x1f, 0x7a, 0x1f, 0x84, 0x1e, 0x7a, 0x1f, 0x84, 0x1e, 0x7a,
  0x1e, 0x84, 0x1e, 0x7a, 0x1e, 0x84, 0x1e, 0x7a, 0x1f, 0x84, 0x1e, 0x7a,
  0x1e, 0x84, 0x1e, 0x7b, 0x1f, 0x84, 0x1f, 0x7b, 0x1f, 0x85, 0x1f, 0x7a,
  0x1f, 0x84, 0x1f, 0x7a, 0x1f, 0x85, 0x1f, 0x7a, 0x1f, 0x85, 0x1f, 0x7a,
  0x1f, 0x85, 0x1f, 0x7a, 0x1f, 0x85, 0x20, 0x7a, 0x20, 0x85, 0x1f, 0x7a,
  0x20, 0x85, 0x1f, 0x7a, 0x1f, 0x85, 0x20, 0x7a, 0x20, 0x85, 0x1f, 0x7a,
  0x1f, 0x85, 0x20, 0x7a, 0x20, 0x84, 0x1f, 0x7a, 0x20, 0x85, 0x20, 0x7a,
  0x20, 0x85, 0x1f, 0x7a, 0x1f, 0x85, 0x1f, 0x7a, 0x1f, 0x85, 0x1f, 0x7a,
  0x20, 0x85, 0x20, 0x7a, 0x20, 0x85, 0x20, 0x7a, 0x20, 0x85, 0x20, 0x7a,
  0x20, 0x85, 0x20, 0x7a, 0x20, 0x85, 0x20, 0x7a, 0x21, 0x85, 0x21, 0x7a,
  0x21, 0x86, 0x21, 0x7a, 0x21, 0x86, 0x21, 0x7a, 0x21, 0x86, 0x22, 0x7a,
  0x22, 0x86, 0x22, 0x7a, 0x22, 0x86, 0x21, 0x7a, 0x22, 0x86, 0x22, 0x7a,
  0x22, 0x86, 0x23, 0x79, 0x23, 0x86, 0x23, 0x79, 0x23, 0x86, 0x23, 0x7a,
  0x23, 0x86, 0x23, 0x7a, 0x23, 0x86, 0x23, 0x79, 0x24, 0x86, 0x24, 0x79,
  0x25, 0x86, 0x25, 0x79, 0x25, 0x87, 0x25, 0x79, 0x25, 0x86, 0x26, 0x79,
  0x26, 0x87, 0x26, 0x79, 0x25, 0x87, 0x26, 0x79, 0x26, 0x87, 0x26, 0x79,
  0x27, 0x87, 0x27, 0x79, 0x27, 0x87, 0x28, 0x79, 0x28, 0x88, 0x29, 0x78,
  0x29, 0x88, 0x2a, 0x78, 0x2a, 0x88, 0x2a, 0x78, 0x2a, 0x88, 0x2b, 0x77,
  0x2c, 0x89, 0x2d, 0x77, 0x2d, 0x8a, 0x2e, 0x76, 0x2f, 0x8a, 0x2f, 0x76,
  0x30, 0x8b, 0x30, 0x75, 0x32, 0x8b, 0x33, 0x74, 0x33, 0x8c, 0x34, 0x73,
  0x35, 0x8d, 0x36, 0x72, 0x37, 0x8e, 0x37, 0x71, 0x38, 0x8f, 0x39, 0x70,
  0x3b, 0x8f, 0x3c, 0x6f, 0x3d, 0x90, 0x3e, 0x6e, 0x3d, 0x92, 0x45, 0x6c,
  0x4a, 0x8e, 0x30, 0x73, 0x2a, 0x85, 0x26, 0x7a, 0x25, 0x84, 0x27, 0x7a,
  0x21, 0x85, 0x3f, 0x7b, 0x8d, 0x86, 0x8c, 0x7c, 0x8e, 0x85, 0x91, 0x7c,
  0x94, 0x85, 0x96, 0x7c, 0x99, 0x84, 0x9c, 0x7c, 0x9d, 0x84, 0x9f, 0x7d,
  0xa1, 0x83, 0xa2, 0x7d, 0xa3, 0x83, 0xa5, 0x7d, 0xa6, 0x83, 0xa8, 0x7d,
  0xaa, 0x83, 0xab, 0x7d, 0xac, 0x82, 0xae, 0x7d, 0xaf, 0x82, 0xb0, 0x7d,
  0xb1, 0x82, 0xb3, 0x7d, 0xb4, 0x82, 0xb4, 0x7d, 0xb4, 0x82, 0xb5, 0x7d,
  0xb6, 0x82, 0xb6, 0x7d, 0xb7, 0x82, 0xb7, 0x7d, 0xb7, 0x82, 0xb7, 0x7d,
  0xb7, 0x82, 0xb8, 0x7d, 0xb7, 0x82, 0xb6, 0x7d, 0xb6, 0x82, 0xb6, 0x7d,
  0xb5, 0x82, 0xb4, 0x7d, 0xb3, 0x82, 0xb3, 0x7d, 0xb2, 0x82, 0xb1, 0x7d,
  0xb0, 0x82, 0xb0, 0x7d, 0xaf, 0x82, 0xae, 0x7d, 0xac, 0x82, 0xaa, 0x7d,
  0xa8, 0x82, 0xa6, 0x7d, 0xa5, 0x83, 0xa3, 0x7d, 0xa1, 0x83, 0x9f, 0x7d,
  0x9c, 0x84, 0x99, 0x7d, 0x95, 0x85, 0x96, 0x7c, 0x43, 0x85, 0x23, 0x7b,
  0x29, 0x85, 0x28, 0x7a, 0x2b, 0x88, 0x2f, 0x79, 0x49, 0x91, 0x49, 0x6f,
  0x3a, 0x8f, 0x3c, 0x6f, 0x3a, 0x8e, 0x39, 0x70, 0x39, 0x8e, 0x38, 0x71,
  0x38, 0x8d, 0x37, 0x72, 0x35, 0x8c, 0x34, 0x73, 0x34, 0x8b, 0x33, 0x74,
  0x32, 0x8b, 0x31, 0x75, 0x31, 0x8a, 0x30, 0x76, 0x2f, 0x8a, 0x2e, 0x76,
  0x2d, 0x89, 0x2d, 0x77, 0x2c, 0x88, 0x2b, 0x77, 0x2b, 0x88, 0x2a, 0x78,
  0x2a, 0x88, 0x29, 0x78, 0x29, 0x88, 0x28, 0x79, 0x28, 0x87, 0x28, 0x79,
  0x28, 0x87, 0x27, 0x79, 0x27, 0x87, 0x27, 0x79, 0x26, 0x86, 0x25, 0x79,
  0x25, 0x86, 0x25, 0x79, 0x24, 0x86, 0x24, 0x7a, 0x24, 0x86, 0x24, 0x7a,
  0x24, 0x86, 0x24, 0x79, 0x24, 0x86, 0x24, 0x79, 0x23, 0x86, 0x23, 0x7a,
  0x23, 0x86, 0x23, 0x7a, 0x23, 0x85, 0x23, 0x7a, 0x23, 0x86, 0x22, 0x7a,
  0x22, 0x85, 0x22, 0x7a, 0x22, 0x86, 0x22, 0x7a, 0x22, 0x86, 0x21, 0x7a,
  0x21, 0x85, 0x21, 0x7a, 0x21, 0x85, 0x21, 0x7a, 0x21, 0x85, 0x21, 0x7a,
  0x21, 0x85, 0x21, 0x7a, 0x21, 0x85, 0x21, 0x7a, 0x21, 0x85, 0x21, 0x7a,
  0x21, 0x85, 0x21, 0x7a, 0x21, 0x85, 0x20, 0x7a, 0x20, 0x85, 0x20, 0x7a,
  0x20, 0x85, 0x1f, 0x7a, 0x20, 0x85, 0x20, 0x7a, 0x1f, 0x85, 0x1f, 0x7a,
  0x20, 0x85, 0x20, 0x7a, 0x20, 0x84, 0x20, 0x7a, 0x1f, 0x85, 0x20, 0x7a,
  0x1f, 0x85, 0x1f, 0x7a, 0x1f, 0x85, 0x1f, 0x7a, 0x1f, 0x85, 0x1f, 0x7a,
  0x1f, 0x84, 0x1f, 0x7a, 0x1f, 0x85, 0x1f, 0x7a, 0x1f, 0x84, 0x1f, 0x7a,
  0x1f, 0x85, 0x1f, 0x7a, 0x1f, 0x84, 0x1f, 0x7a, 0x1f, 0x84, 0x1f, 0x7a,
  0x1f, 0x85, 0x1f, 0x7a, 0x1f, 0x84, 0x1f, 0x7a, 0x1f, 0x84, 0x1f, 0x7a,
  0x1e, 0x85, 0x1e, 0x7b, 0x1e, 0x84, 0x1e, 0x7a, 0x1e, 0x84, 0x1e, 0x7a,
  0x1e, 0x85, 0x1f, 0x7a, 0x1f, 0x85, 0x1f, 0x7b, 0x1f, 0x85, 0x1f, 0x7a,
  0x1f, 0x85, 0x1f, 0x7a, 0x1f, 0x85, 0x1f, 0x7a, 0x1f, 0x85, 0x1f, 0x7a,
  0x1f, 0x84, 0x1f, 0x7a, 0x1f, 0x85, 0x1f, 0x7a, 0x1f, 0x85, 0x20, 0x7a,
  0x1f, 0x85, 0x1f, 0x7a, 0x1f, 0x85, 0x20, 0x7a, 0x1f, 0x85, 0x20, 0x7a,
  0x20, 0x85, 0x1f, 0x7a, 0x20, 0x85, 0x1f, 0x7a, 0x1f, 0x85, 0x1f, 0x7a,
  0x1f, 0x85, 0x20, 0x7a, 0x1f, 0x85, 0x1f, 0x7a, 0x1f, 0x85, 0x1f, 0x7a,
  0x1f, 0x85, 0x20, 0x7a, 0x20, 0x85, 0x20, 0x7a, 0x20, 0x85, 0x20, 0x7a,
  0x20, 0x85, 0x20, 0x7a, 0x20, 0x85, 0x20, 0x7a, 0x20, 0x85, 0x20, 0x7a,
  0x20, 0x85, 0x21, 0x7a, 0x21, 0x85, 0x21, 0x7a, 0x21, 0x86, 0x21, 0x7a,
  0x21, 0x86, 0x21, 0x7a, 0x21, 0x86, 0x21, 0x7a, 0x21, 0x86, 0x21, 0x7a,
  0x21, 0x86, 0x21, 0x7a, 0x22, 0x86, 0x22, 0x79, 0x22, 0x86, 0x22, 0x79,
  0x22, 0x86, 0x22, 0x79, 0x22, 0x86, 0x22, 0x7a, 0x22, 0x86, 0x23, 0x7a,
  0x23, 0x86, 0x24, 0x7a, 0x24, 0x86, 0x25, 0x7a, 0x25, 0x87, 0x25, 0x7a,
  0x25, 0x86, 0x25, 0x7a, 0x25, 0x86, 0x25, 0x79, 0x25, 0x86, 0x25, 0x79,
  0x25, 0x86, 0x25, 0x79, 0x27, 0x86, 0x27, 0x79, 0x28, 0x87, 0x28, 0x79,
  0x28, 0x87, 0x28, 0x79, 0x29, 0x88, 0x29, 0x78, 0x29, 0x88, 0x29, 0x78,
  0x2a, 0x88, 0x2a, 0x78, 0x2b, 0x88, 0x2c, 0x77, 0x2d, 0x89, 0x2d, 0x76,
  0x2e, 0x89, 0x2f, 0x75, 0x30, 0x8a, 0x30, 0x75, 0x31, 0x8b, 0x32, 0x75,
  0x33, 0x8c, 0x34, 0x73, 0x34, 0x8c, 0x35, 0x73, 0x36, 0x8d, 0x37, 0x72,
  0x38, 0x8e, 0x39, 0x71, 0x3a, 0x8f, 0x3b, 0x6f, 0x3c, 0x8f, 0x3e, 0x6e,
  0x3d, 0x91, 0x40, 0x6c, 0x49, 0x8e, 0x32, 0x72, 0x28, 0x85, 0x25, 0x7a,
  0x24, 0x85, 0x24, 0x7a, 0x23, 0x85, 0x2c, 0x7b, 0x80, 0x86, 0x8b, 0x7b,
  0x8b, 0x85, 0x8e, 0x7c, 0x90, 0x85, 0x93, 0x7c, 0x95, 0x85, 0x97, 0x7c,
  0x99, 0x84, 0x9b, 0x7c, 0x9c, 0x84, 0x9e, 0x7d, 0xa0, 0x84, 0xa1, 0x7c,
  0xa3, 0x84, 0xa4, 0x7c, 0xa6, 0x84, 0xa7, 0x7c, 0xa8, 0x83, 0xaa, 0x7d,
  0xab, 0x83, 0xac, 0x7c, 0xad, 0x83, 0xae, 0x7d, 0xb0, 0x82, 0xb1, 0x7d,
  0xb1, 0x82, 0xb1, 0x7d, 0xb2, 0x82, 0xb2, 0x7d, 0xb2, 0x82, 0xb3, 0x7d,
  0xb4, 0x82, 0xb4, 0x7d, 0xb4, 0x82, 0xb4, 0x7d, 0xb2, 0x82, 0xb2, 0x7d,
  0xb2, 0x82, 0xb1, 0x7d, 0xb1, 0x82, 0xb0, 0x7d, 0xaf, 0x83, 0xae, 0x7d,
  0xae, 0x83, 0xad, 0x7d, 0xad, 0x83, 0xac, 0x7d, 0xab, 0x83, 0xaa, 0x7d,
  0xa9, 0x83, 0xa6, 0x7d, 0xa4, 0x83, 0xa2, 0x7d, 0xa1, 0x84, 0x9f, 0x7d,
  0x9d, 0x84, 0x9b, 0x7d, 0x98, 0x84, 0x94, 0x7d, 0x95, 0x85, 0x83, 0x7c,
  0x2a, 0x85, 0x26, 0x7a, 0x28, 0x84, 0x28, 0x7a, 0x2a, 0x88, 0x31, 0x79,
  0x49, 0x91, 0x41, 0x6f, 0x3c, 0x8e, 0x3b, 0x6f, 0x3a, 0x8e, 0x3a, 0x71,
  0x39, 0x8d, 0x38, 0x72, 0x37, 0x8c, 0x35, 0x73, 0x34, 0x8c, 0x34, 0x73,
  0x33, 0x8b, 0x32, 0x74, 0x31, 0x8a, 0x31, 0x75, 0x30, 0x8a, 0x30, 0x76,
  0x2f, 0x89, 0x2d, 0x76, 0x2d, 0x88, 0x2c, 0x77, 0x2b, 0x88, 0x2b, 0x77,
  0x2b, 0x87, 0x2a, 0x78, 0x29, 0x87, 0x29, 0x79, 0x29, 0x87, 0x28, 0x79,
  0x28, 0x87, 0x28, 0x79, 0x28, 0x86, 0x27, 0x79, 0x27, 0x86, 0x26, 0x79,
  0x25, 0x87, 0x25, 0x79, 0x25, 0x86, 0x25, 0x7a, 0x24, 0x86, 0x24, 0x79,
  0x24, 0x86, 0x24, 0x7a, 0x24, 0x86, 0x24, 0x7a, 0x23, 0x86, 0x23, 0x7a,
  0x23, 0x86, 0x23, 0x7a, 0x23, 0x86, 0x23, 0x7a, 0x23, 0x85, 0x23, 0x7a,
  0x22, 0x86, 0x22, 0x7a, 0x22, 0x86, 0x22, 0x7a, 0x22, 0x86, 0x22, 0x7a,
  0x22, 0x85, 0x22, 0x7a, 0x21, 0x85, 0x21, 0x7a, 0x21, 0x85, 0x21, 0x7a,
  0x21, 0x85, 0x21, 0x7a, 0x21, 0x85, 0x21, 0x7a, 0x21, 0x85, 0x21, 0x7a,
  0x21, 0x85, 0x21, 0x7a, 0x21, 0x85, 0x20, 0x7a, 0x20, 0x85, 0x20, 0x7a,
  0x20, 0x85, 0x20, 0x7a, 0x20, 0x85, 0x20, 0x7a, 0x20, 0x85, 0x20, 0x7a,
  0x20, 0x85, 0x1f, 0x7a, 0x20, 0x85, 0x20, 0x7a, 0x20, 0x85, 0x20, 0x7a,
  0x20, 0x85, 0x20, 0x7a, 0x20, 0x85, 0x20, 0x7a, 0x20, 0x85, 0x20, 0x7a,
  0x1f, 0x85, 0x1f, 0x7a, 0x1f, 0x85, 0x1f, 0x7a, 0x1f, 0x85, 0x1f, 0x7a,
  0x1f, 0x85, 0x1f, 0x7a, 0x1f, 0x85, 0x1f, 0x7a, 0x1f, 0x85, 0x1f, 0x7a,
  0x1f, 0x85, 0x1f, 0x7a, 0x1f, 0x85, 0x1f, 0x7a, 0x1f, 0x85, 0x1f, 0x7a,
  0x1f, 0x85, 0x1f, 0x7a, 0x1e, 0x85, 0x1f, 0x7a, 0x1f, 0x85, 0x1e, 0x7a,
  0x1e, 0x84, 0x1f, 0x7a, 0x1f, 0x85, 0x1f, 0x7b, 0x1e, 0x85, 0x1f, 0x7b,
  0x1f, 0x85, 0x1f, 0x7a, 0x1f, 0x85, 0x1f, 0x7b, 0x1f, 0x85, 0x1f, 0x7b,
  0x1f, 0x85, 0x1f, 0x7b, 0x1f, 0x85, 0x1f, 0x7b, 0x1f, 0x85, 0x1f, 0x7a,
  0x1f, 0x85, 0x1f, 0x7a, 0x1f, 0x85, 0x1f, 0x7a, 0x1f, 0x85, 0x1f, 0x7a,
  0x20, 0x85, 0x1f, 0x7a, 0x1f, 0x85, 0x20, 0x7a, 0x1f, 0x85, 0x1f, 0x7a,
  0x20, 0x85, 0x1f, 0x7a, 0x20, 0x85, 0x20, 0x7a, 0x20, 0x85, 0x1f, 0x7a,
  0x1f, 0x85, 0x1f, 0x7a, 0x1f, 0x85, 0x20, 0x7a, 0x20, 0x85, 0x20, 0x7a,
  0x20, 0x85, 0x20, 0x7a, 0x20, 0x85, 0x20, 0x7a, 0x20, 0x85, 0x1f, 0x7a,
  0x20, 0x85, 0x20, 0x7a, 0x20, 0x85, 0x20, 0x7a, 0x20, 0x86, 0x20, 0x7a,
  0x20, 0x86, 0x20, 0x7a, 0x20, 0x86, 0x21, 0x7a, 0x21, 0x85, 0x21, 0x7a,
  0x21, 0x85, 0x21, 0x7a, 0x21, 0x85, 0x21, 0x7a, 0x21, 0x86, 0x21, 0x79,
  0x22, 0x86, 0x22, 0x7a, 0x22, 0x86, 0x22, 0x7a, 0x22, 0x86, 0x22, 0x79,
  0x22, 0x86, 0x23, 0x7a, 0x23, 0x86, 0x24, 0x7a, 0x24, 0x86, 0x24, 0x79,
  0x25, 0x86, 0x25, 0x79, 0x24, 0x86, 0x24, 0x79, 0x25, 0x86, 0x25, 0x79,
  0x25, 0x86, 0x26, 0x79, 0x27, 0x87, 0x26, 0x79, 0x26, 0x87, 0x27, 0x79,
  0x27, 0x87, 0x27, 0x79, 0x27, 0x87, 0x28, 0x79, 0x28, 0x88, 0x29, 0x78,
  0x29, 0x88, 0x29, 0x78, 0x29, 0x88, 0x2a, 0x77, 0x2b, 0x88, 0x2c, 0x77,
  0x2c, 0x89, 0x2d, 0x77, 0x2e, 0x8a, 0x2f, 0x76, 0x2f, 0x8a, 0x2f, 0x76,
  0x30, 0x8b, 0x32, 0x75, 0x32, 0x8b, 0x33, 0x74, 0x34, 0x8c, 0x35, 0x73,
  0x36, 0x8d, 0x37, 0x72, 0x38, 0x8e, 0x39, 0x71, 0x3a, 0x8f, 0x3b, 0x70,
  0x3c, 0x8f, 0x3d, 0x6f, 0x3e, 0x91, 0x3f, 0x6d, 0x46, 0x8e, 0x34, 0x71,
  0x27, 0x85, 0x25, 0x7b, 0x24, 0x84, 0x24, 0x7b, 0x25, 0x84, 0x1e, 0x7b,
  0x66, 0x86, 0x8c, 0x7c, 0x88, 0x85, 0x8c, 0x7c, 0x8e, 0x85, 0x90, 0x7c,
  0x92, 0x85, 0x94, 0x7c, 0x95, 0x84, 0x98, 0x7c, 0x99, 0x84, 0x9b, 0x7d,
  0x9b, 0x84, 0x9d, 0x7d, 0x9f, 0x84, 0xa0, 0x7d, 0xa2, 0x84, 0xa3, 0x7d,
  0xa5, 0x84, 0xa6, 0x7d, 0xa7, 0x83, 0xa8, 0x7d, 0xa9, 0x83, 0xaa, 0x7d,
  0xac, 0x83, 0xad, 0x7d, 0xae, 0x83, 0xae, 0x7d, 0xae, 0x82, 0xaf, 0x7d,
  0xaf, 0x82, 0xb0, 0x7d, 0xb0, 0x82, 0xb0, 0x7d, 0xaf, 0x82, 0xaf, 0x7d,
  0xaf, 0x82, 0xae, 0x7d, 0xae, 0x83, 0xad, 0x7d, 0xac, 0x83, 0xab, 0x7d,
  0xab, 0x83, 0xaa, 0x7d, 0xaa, 0x83, 0xa9, 0x7d, 0xa8, 0x83, 0xa8, 0x7d,
  0xa7, 0x83, 0xa6, 0x7d, 0xa5, 0x83, 0xa2, 0x7d, 0xa0, 0x83, 0x9f, 0x7d,
  0x9d, 0x83, 0x9b, 0x7d, 0x99, 0x84, 0x96, 0x7d, 0x93, 0x84, 0x8f, 0x7e,
  0x95, 0x85, 0x64, 0x7c, 0x1f, 0x84, 0x27, 0x7a, 0x26, 0x84, 0x28, 0x7b,
  0x29, 0x89, 0x34, 0x78, 0x47, 0x91, 0x3c, 0x6f, 0x3c, 0x8e, 0x3b, 0x6f,
  0x3b, 0x8d, 0x39, 0x71, 0x38, 0x8d, 0x38, 0x72, 0x36, 0x8c, 0x35, 0x73,
  0x34, 0x8b, 0x34, 0x74, 0x33, 0x8b, 0x32, 0x74, 0x31, 0x8a, 0x31, 0x75,
  0x30, 0x8a, 0x2f, 0x76, 0x2e, 0x89, 0x2e, 0x76, 0x2c, 0x88, 0x2c, 0x77,
  0x2b, 0x88, 0x2b, 0x78, 0x2a, 0x87, 0x2a, 0x78, 0x29, 0x87, 0x29, 0x79,
  0x28, 0x87, 0x28, 0x79, 0x27, 0x87, 0x27, 0x79, 0x27, 0x87, 0x26, 0x79,
  0x26, 0x86, 0x27, 0x79, 0x26, 0x86, 0x26, 0x79, 0x25, 0x86, 0x26, 0x79,
  0x25, 0x86, 0x24, 0x7a, 0x24, 0x86, 0x24, 0x7a, 0x24, 0x86, 0x23, 0x79,
  0x23, 0x86, 0x23, 0x7a, 0x23, 0x86, 0x23, 0x7a, 0x23, 0x86, 0x23, 0x7a,
  0x23, 0x86, 0x22, 0x7a, 0x22, 0x85, 0x21, 0x7a, 0x21, 0x85, 0x22, 0x7a,
  0x22, 0x86, 0x22, 0x7a, 0x22, 0x85, 0x22, 0x7a, 0x22, 0x85, 0x22, 0x7a,
  0x21, 0x85, 0x21, 0x7a, 0x21, 0x85, 0x21, 0x7a, 0x21, 0x85, 0x21, 0x7a,
  0x21, 0x85, 0x21, 0x7a, 0x21, 0x85, 0x21, 0x7a, 0x21, 0x85, 0x20, 0x7a,
  0x20, 0x85, 0x20, 0x7a, 0x20, 0x85, 0x20, 0x7a, 0x20, 0x85, 0x20, 0x7a,
  0x20, 0x85, 0x20, 0x7a, 0x20, 0x85, 0x20, 0x7a, 0x20, 0x85, 0x20, 0x7a,
  0x20, 0x85, 0x20, 0x7a, 0x20, 0x85, 0x20, 0x7a, 0x20, 0x85, 0x20, 0x7b,
  0x20, 0x85, 0x20, 0x7a, 0x20, 0x85, 0x1f, 0x7a, 0x1f, 0x85, 0x1f, 0x7a,
  0x1f, 0x85, 0x1f, 0x7a, 0x1f, 0x85, 0x1f, 0x7a, 0x1f, 0x85, 0x1f, 0x7a,
  0x1f, 0x85, 0x1f, 0x7a, 0x1f, 0x85, 0x1f, 0x7a, 0x1f, 0x85, 0x1f, 0x7b,
  0x1f, 0x85, 0x1f, 0x7a, 0x1f, 0x85, 0x1f, 0x7b, 0x1f, 0x85, 0x1e, 0x7b,
  0x1e, 0x85, 0x1e, 0x7b, 0x1e, 0x85, 0x1e, 0x7b, 0x1f, 0x84, 0x1f, 0x7a,
  0x1f, 0x84, 0x1f, 0x7b, 0x1f, 0x84, 0x1f, 0x7a, 0x1f, 0x84, 0x1f, 0x7a,
  0x1f, 0x84, 0x1f, 0x7a, 0x1f, 0x84, 0x1f, 0x7a, 0x1f, 0x84, 0x1f, 0x7a,
  0x20, 0x85, 0x1f, 0x7a, 0x1f, 0x85, 0x20, 0x7a, 0x1f, 0x85, 0x20, 0x7a,
  0x1f, 0x85, 0x20, 0x7a, 0x20, 0x85, 0x20, 0x7a, 0x20, 0x85, 0x20, 0x7a,
  0x20, 0x85, 0x20, 0x7a, 0x20, 0x85, 0x1f, 0x7a, 0x1f, 0x85, 0x20, 0x7a,
  0x20, 0x85, 0x20, 0x7a, 0x20, 0x85, 0x20, 0x7a, 0x20, 0x85, 0x20, 0x7a,
  0x20, 0x85, 0x20, 0x7a, 0x20, 0x85, 0x20, 0x7a, 0x20, 0x85, 0x21, 0x7a,
  0x20, 0x85, 0x20, 0x7a, 0x20, 0x85, 0x20, 0x7a, 0x20, 0x85, 0x21, 0x7a,
  0x21, 0x85, 0x21, 0x7a, 0x20, 0x85, 0x20, 0x7a, 0x20, 0x85, 0x21, 0x7a,
  0x21, 0x85, 0x21, 0x7a, 0x21, 0x85, 0x21, 0x7a, 0x21, 0x86, 0x21, 0x7a,
  0x22, 0x85, 0x22, 0x79, 0x22, 0x86, 0x22, 0x7a, 0x22, 0x86, 0x22, 0x7a,
  0x22, 0x86, 0x23, 0x7a, 0x23, 0x86, 0x22, 0x7a, 0x23, 0x86, 0x23, 0x7a,
  0x24, 0x86, 0x24, 0x79, 0x24, 0x86, 0x24, 0x7a, 0x24, 0x86, 0x24, 0x7a,
  0x24, 0x86, 0x25, 0x79, 0x25, 0x87, 0x25, 0x79, 0x25, 0x87, 0x26, 0x79,
  0x26, 0x87, 0x26, 0x79, 0x27, 0x86, 0x27, 0x79, 0x27, 0x87, 0x27, 0x79,
  0x28, 0x87, 0x28, 0x78, 0x29, 0x87, 0x29, 0x78, 0x29, 0x88, 0x2a, 0x78,
  0x2a, 0x88, 0x2b, 0x77, 0x2c, 0x89, 0x2d, 0x77, 0x2e, 0x89, 0x2e, 0x77,
  0x2f, 0x8a, 0x2f, 0x76, 0x30, 0x8a, 0x31, 0x75, 0x32, 0x8b, 0x33, 0x74,
  0x33, 0x8c, 0x34, 0x73, 0x35, 0x8d, 0x37, 0x72, 0x38, 0x8e, 0x39, 0x71,
  0x3a, 0x8f, 0x3b, 0x70, 0x3c, 0x8f, 0x3d, 0x6f, 0x3e, 0x91, 0x3e, 0x6c,
  0x42, 0x8f, 0x39, 0x71, 0x27, 0x85, 0x24, 0x7a, 0x23, 0x83, 0x23, 0x7b,
  0x24, 0x83, 0x1d, 0x7b, 0x45, 0x85, 0x89, 0x7c, 0x85, 0x85, 0x89, 0x7d,
  0x8b, 0x85, 0x8e, 0x7d, 0x8f, 0x85, 0x90, 0x7d, 0x92, 0x84, 0x94, 0x7c,
  0x96, 0x84, 0x97, 0x7c, 0x99, 0x84, 0x9a, 0x7c, 0x9c, 0x84, 0x9d, 0x7c,
  0x9e, 0x84, 0x9f, 0x7d, 0xa1, 0x84, 0xa2, 0x7c, 0xa3, 0x83, 0xa4, 0x7d,
  0xa6, 0x83, 0xa7, 0x7c, 0xa8, 0x83, 0xa8, 0x7d, 0xaa, 0x83, 0xaa, 0x7d,
  0xab, 0x83, 0xab, 0x7d, 0xab, 0x82, 0xab, 0x7d, 0xab, 0x83, 0xab, 0x7d,
  0xaa, 0x83, 0xaa, 0x7d, 0xaa, 0x83, 0xaa, 0x7d, 0xa9, 0x83, 0xa8, 0x7d,
  0xa7, 0x83, 0xa6, 0x7d, 0xa7, 0x83, 0xa6, 0x7d, 0xa6, 0x83, 0xa5, 0x7d,
  0xa4, 0x83, 0xa4, 0x7d, 0xa3, 0x83, 0xa2, 0x7d, 0xa0, 0x83, 0x9e, 0x7d,
  0x9c, 0x83, 0x9a, 0x7d, 0x99, 0x83, 0x97, 0x7e, 0x94, 0x83, 0x91, 0x7e,
  0x8f, 0x83, 0x8c, 0x7e, 0x8f, 0x84, 0x40, 0x7c, 0x20, 0x84, 0x26, 0x7a,
  0x24, 0x83, 0x26, 0x7b, 0x28, 0x89, 0x39, 0x77, 0x43, 0x91, 0x3b, 0x6e,
  0x3c, 0x8e, 0x3b, 0x70, 0x3a, 0x8e, 0x39, 0x71, 0x38, 0x8d, 0x37, 0x72,
  0x36, 0x8c, 0x35, 0x73, 0x34, 0x8c, 0x33, 0x74, 0x33, 0x8b, 0x32, 0x75,
  0x31, 0x8a, 0x31, 0x75, 0x30, 0x89, 0x2f, 0x76, 0x2f, 0x89, 0x2e, 0x77,
  0x2d, 0x88, 0x2c, 0x77, 0x2b, 0x88, 0x2b, 0x78, 0x2a, 0x87, 0x2a, 0x79,
  0x29, 0x87, 0x28, 0x79, 0x28, 0x87, 0x28, 0x79, 0x27, 0x87, 0x27, 0x79,
  0x27, 0x86, 0x27, 0x7a, 0x26, 0x86, 0x26, 0x79, 0x27, 0x86, 0x26, 0x7a,
  0x26, 0x86, 0x25, 0x7a, 0x25, 0x86, 0x25, 0x79, 0x24, 0x86, 0x24, 0x7a,
  0x24, 0x86, 0x24, 0x7a, 0x23, 0x86, 0x23, 0x7a, 0x23, 0x86, 0x23, 0x7a,
  0x23, 0x85, 0x23, 0x7a, 0x23, 0x86, 0x23, 0x7a, 0x22, 0x85, 0x22, 0x7a,
  0x22, 0x85, 0x22, 0x7a, 0x22, 0x86, 0x22, 0x7a, 0x22, 0x85, 0x22, 0x7a,
  0x22, 0x85, 0x22, 0x7a, 0x22, 0x85, 0x22, 0x7a, 0x21, 0x85, 0x21, 0x7a,
  0x21, 0x85, 0x21, 0x7a, 0x21, 0x85, 0x21, 0x7a, 0x21, 0x85, 0x21, 0x7a,
  0x21, 0x85, 0x21, 0x7a, 0x21, 0x85, 0x21, 0x7a, 0x20, 0x84, 0x20, 0x7a,
  0x20, 0x85, 0x20, 0x7a, 0x20, 0x85, 0x20, 0x7a, 0x20, 0x85, 0x20, 0x7a,
  0x20, 0x85, 0x21, 0x7a, 0x20, 0x85, 0x20, 0x7a, 0x20, 0x85, 0x20, 0x7a,
  0x20, 0x84, 0x20, 0x7a, 0x20, 0x84, 0x20, 0x7a, 0x20, 0x85, 0x20, 0x7a,
  0x20, 0x85, 0x20, 0x7a, 0x1f, 0x85, 0x1f, 0x7a, 0x1f, 0x84, 0x20, 0x7a,
  0x20, 0x84, 0x1f, 0x7a, 0x1f, 0x84, 0x1f, 0x7a, 0x1f, 0x84, 0x20, 0x7a,
  0x1f, 0x84, 0x1f, 0x7a, 0x1f, 0x84, 0x1f, 0x7a, 0x1f, 0x84, 0x1f, 0x7a,
  0x1f, 0x84, 0x1f, 0x7a, 0x1e, 0x84, 0x1f, 0x7a, 0x1e, 0x84, 0x1e, 0x7a,
  0x1e, 0x85, 0x1f, 0x7a, 0x1f, 0x85, 0x1f, 0x7a, 0x1f, 0x85, 0x1f, 0x7a,
  0x1f, 0x85, 0x1f, 0x7a, 0x1f, 0x85, 0x1f, 0x7a, 0x1f, 0x85, 0x1f, 0x7a,
  0x1f, 0x85, 0x1f, 0x7a, 0x1f, 0x85, 0x1f, 0x7a, 0x1f, 0x85, 0x20, 0x7a,
  0x1f, 0x85, 0x1f, 0x7a, 0x1f, 0x85, 0x1f, 0x7a, 0x20, 0x85, 0x1f, 0x7a,
  0x20, 0x85, 0x1f, 0x7a, 0x1f, 0x85, 0x1f, 0x7a, 0x1f, 0x85, 0x1f, 0x7a,
  0x1f, 0x85, 0x20, 0x7a, 0x20, 0x85, 0x20, 0x7a, 0x1f, 0x85, 0x20, 0x7a,
  0x20, 0x85, 0x20, 0x7a, 0x20, 0x85, 0x20, 0x7a, 0x20, 0x85, 0x20, 0x7a,
  0x20, 0x85, 0x20, 0x7a, 0x21, 0x85, 0x20, 0x7a, 0x20, 0x85, 0x20, 0x7a,
  0x20, 0x85, 0x21, 0x7a, 0x20, 0x85, 0x21, 0x7a, 0x20, 0x85, 0x20, 0x7a,
  0x20, 0x85, 0x21, 0x7a, 0x21, 0x85, 0x21, 0x7a, 0x21, 0x85, 0x21, 0x7a,
  0x21, 0x86, 0x21, 0x7a, 0x21, 0x86, 0x22, 0x7a, 0x22, 0x86, 0x22, 0x7a,
  0x22, 0x86, 0x22, 0x7a, 0x22, 0x86, 0x23, 0x79, 0x23, 0x86, 0x23, 0x7a,
  0x23, 0x86, 0x23, 0x7a, 0x24, 0x86, 0x24, 0x79, 0x24, 0x86, 0x24, 0x7a,
  0x24, 0x87, 0x24, 0x79, 0x24, 0x86, 0x25, 0x7a, 0x25, 0x87, 0x25, 0x79,
  0x25, 0x87, 0x26, 0x79, 0x26, 0x87, 0x26, 0x79, 0x27, 0x87, 0x27, 0x79,
  0x27, 0x87, 0x27, 0x79, 0x28, 0x88, 0x28, 0x78, 0x29, 0x88, 0x29, 0x78,
  0x2a, 0x88, 0x2a, 0x78, 0x2b, 0x89, 0x2c, 0x77, 0x2c, 0x89, 0x2d, 0x77,
  0x2e, 0x89, 0x2e, 0x77, 0x2f, 0x8a, 0x2f, 0x76, 0x30, 0x8b, 0x31, 0x75,
  0x32, 0x8b, 0x32, 0x74, 0x33, 0x8c, 0x34, 0x73, 0x35, 0x8d, 0x36, 0x73,
  0x37, 0x8d, 0x38, 0x72, 0x39, 0x8e, 0x3a, 0x70, 0x3b, 0x8f, 0x3c, 0x6f,
  0x3c, 0x91, 0x3e, 0x6e, 0x40, 0x8f, 0x3d, 0x6f, 0x2a, 0x86, 0x24, 0x7a,
  0x22, 0x83, 0x22, 0x7c, 0x22, 0x83, 0x21, 0x7b, 0x26, 0x85, 0x77, 0x7c,
  0x87, 0x85, 0x86, 0x7e, 0x88, 0x85, 0x8a, 0x7d, 0x8c, 0x84, 0x8e, 0x7d,
  0x8f, 0x84, 0x90, 0x7d, 0x92, 0x84, 0x93, 0x7d, 0x95, 0x84, 0x97, 0x7d,
  0x98, 0x84, 0x99, 0x7c, 0x99, 0x85, 0x9b, 0x7c, 0x9c, 0x84, 0x9d, 0x7d,
  0x9f, 0x84, 0xa0, 0x7d, 0xa1, 0x83, 0xa2, 0x7d, 0xa3, 0x83, 0xa4, 0x7d,
  0xa5, 0x83, 0xa5, 0x7d, 0xa6, 0x83, 0xa6, 0x7d, 0xa6, 0x83, 0xa6, 0x7d,
  0xa6, 0x83, 0xa6, 0x7d, 0xa6, 0x83, 0xa5, 0x7d, 0xa5, 0x83, 0xa5, 0x7d,
  0xa4, 0x83, 0xa4, 0x7d, 0xa3, 0x83, 0xa2, 0x7d, 0xa1, 0x83, 0xa1, 0x7d,
  0xa1, 0x83, 0xa0, 0x7c, 0xa0, 0x83, 0xa0, 0x7d, 0x9e, 0x83, 0x9c, 0x7d,
  0x9b, 0x83, 0x99, 0x7d, 0x97, 0x83, 0x96, 0x7e, 0x94, 0x82, 0x92, 0x7e,
  0x8f, 0x82, 0x8e, 0x7f, 0x8b, 0x82, 0x8f, 0x80, 0x74, 0x84, 0x23, 0x7c,
  0x25, 0x84, 0x24, 0x7b, 0x24, 0x83, 0x25, 0x7c, 0x2a, 0x8b, 0x3f, 0x76,
  0x3e, 0x91, 0x3b, 0x6e, 0x3b, 0x8e, 0x3a, 0x70, 0x39, 0x8d, 0x38, 0x72,
  0x37, 0x8d, 0x36, 0x73, 0x35, 0x8c, 0x35, 0x73, 0x34, 0x8b, 0x33, 0x74,
  0x33, 0x8b, 0x32, 0x75, 0x31, 0x8a, 0x31, 0x75, 0x30, 0x89, 0x2f, 0x76,
  0x2f, 0x89, 0x2e, 0x77, 0x2d, 0x89, 0x2c, 0x78, 0x2c, 0x88, 0x2b, 0x78,
  0x2b, 0x87, 0x2a, 0x79, 0x29, 0x87, 0x28, 0x79, 0x28, 0x87, 0x28, 0x79,
  0x27, 0x87, 0x27, 0x79, 0x27, 0x87, 0x27, 0x79, 0x27, 0x87, 0x26, 0x79,
  0x26, 0x87, 0x26, 0x7a, 0x26, 0x86, 0x26, 0x7a, 0x25, 0x86, 0x25, 0x7a,
  0x25, 0x86, 0x24, 0x7a, 0x24, 0x86, 0x24, 0x7a, 0x24, 0x86, 0x24, 0x7a,
  0x23, 0x86, 0x23, 0x7a, 0x24, 0x86, 0x24, 0x7a, 0x23, 0x86, 0x23, 0x7a,
  0x23, 0x86, 0x22, 0x7a, 0x22, 0x85, 0x23, 0x7a, 0x23, 0x86, 0x23, 0x7a,
  0x23, 0x86, 0x22, 0x7a, 0x22, 0x85, 0x21, 0x7a, 0x22, 0x85, 0x22, 0x7a,
  0x21, 0x85, 0x21, 0x7a, 0x21, 0x85, 0x21, 0x7a, 0x21, 0x85, 0x21, 0x7a,
  0x21, 0x85, 0x21, 0x7a, 0x20, 0x85, 0x21, 0x7a, 0x21, 0x85, 0x20, 0x7a,
  0x20, 0x85, 0x20, 0x7a, 0x21, 0x85, 0x21, 0x7a, 0x20, 0x85, 0x20, 0x7a,
  0x20, 0x85, 0x20, 0x7a, 0x20, 0x85, 0x20, 0x7a, 0x20, 0x85, 0x20, 0x7a,
  0x20, 0x85, 0x20, 0x7a, 0x20, 0x85, 0x20, 0x7a, 0x20, 0x85, 0x1f, 0x7a,
  0x20, 0x85, 0x20, 0x7a, 0x1f, 0x85, 0x1f, 0x7a, 0x1f, 0x85, 0x1f, 0x7a,
  0x20, 0x85, 0x20, 0x7a, 0x1f, 0x85, 0x1f, 0x7a, 0x1f, 0x85, 0x1f, 0x7a,
  0x1f, 0x85, 0x1f, 0x7a, 0x1f, 0x84, 0x1f, 0x7a, 0x1f, 0x85, 0x1f, 0x7a,
  0x1f, 0x85, 0x1f, 0x7b, 0x1f, 0x85, 0x1f, 0x7a, 0x1e, 0x84, 0x1e, 0x7a,
  0x1e, 0x84, 0x1e, 0x7a, 0x1f, 0x84, 0x1e, 0x7a, 0x1f, 0x85, 0x1f, 0x7b,
  0x1f, 0x85, 0x1f, 0x7a, 0x1f, 0x85, 0x20, 0x7b, 0x1f, 0x85, 0x20, 0x7a,
  0x1f, 0x85, 0x1f, 0x7a, 0x1f, 0x85, 0x1f, 0x7a, 0x1f, 0x85, 0x1f, 0x7a,
  0x1f, 0x85, 0x1f, 0x7a, 0x1f, 0x85, 0x20, 0x7a, 0x1f, 0x85, 0x1f, 0x7a,
  0x20, 0x85, 0x1f, 0x7b, 0x20, 0x85, 0x20, 0x7a, 0x20, 0x85, 0x20, 0x7a,
  0x20, 0x85, 0x20, 0x7a, 0x20, 0x85, 0x20, 0x7a, 0x20, 0x85, 0x20, 0x7a,
  0x20, 0x85, 0x20, 0x7a, 0x20, 0x85, 0x21, 0x7a, 0x21, 0x85, 0x20, 0x7a,
  0x20, 0x85, 0x20, 0x7a, 0x20, 0x85, 0x21, 0x7a, 0x21, 0x85, 0x20, 0x7a,
  0x20, 0x85, 0x20, 0x7a, 0x20, 0x85, 0x20, 0x7a, 0x20, 0x85, 0x21, 0x7a,
  0x20, 0x85, 0x20, 0x7a, 0x20, 0x85, 0x21, 0x7a, 0x21, 0x85, 0x21, 0x7a,
  0x21, 0x86, 0x21, 0x7a, 0x21, 0x86, 0x21, 0x7a, 0x21, 0x86, 0x21, 0x7a,
  0x22, 0x86, 0x22, 0x7a, 0x22, 0x86, 0x22, 0x7a, 0x22, 0x86, 0x23, 0x7a,
  0x23, 0x86, 0x23, 0x7a, 0x23, 0x86, 0x23, 0x7a, 0x23, 0x87, 0x23, 0x7a,
  0x23, 0x87, 0x24, 0x7a, 0x24, 0x86, 0x24, 0x79, 0x24, 0x87, 0x24, 0x7a,
  0x25, 0x87, 0x25, 0x7a, 0x25, 0x87, 0x26, 0x79, 0x26, 0x87, 0x26, 0x79,
  0x26, 0x87, 0x27, 0x79, 0x28, 0x87, 0x28, 0x79, 0x28, 0x87, 0x28, 0x79,
  0x29, 0x88, 0x29, 0x79, 0x2a, 0x88, 0x2a, 0x79, 0x2b, 0x88, 0x2c, 0x77,
  0x2c, 0x89, 0x2d, 0x77, 0x2d, 0x89, 0x2e, 0x77, 0x2f, 0x8a, 0x2f, 0x76,
  0x2f, 0x8a, 0x30, 0x76, 0x31, 0x8b, 0x32, 0x74, 0x33, 0x8b, 0x33, 0x73,
  0x34, 0x8c, 0x35, 0x73, 0x36, 0x8d, 0x38, 0x72, 0x38, 0x8e, 0x3a, 0x71,
  0x3a, 0x8f, 0x3b, 0x6f, 0x3c, 0x8f, 0x3d, 0x6e, 0x3e, 0x90, 0x40, 0x6e,
  0x30, 0x88, 0x23, 0x78, 0x22, 0x83, 0x21, 0x7c, 0x21, 0x82, 0x23, 0x7c,
  0x1b, 0x83, 0x4f, 0x7d, 0x8a, 0x84, 0x82, 0x7f, 0x85, 0x84, 0x87, 0x7e,
  0x89, 0x84, 0x8b, 0x7e, 0x8c, 0x84, 0x8d, 0x7d, 0x8e, 0x84, 0x8f, 0x7e,
  0x90, 0x84, 0x92, 0x7d, 0x94, 0x84, 0x94, 0x7d, 0x95, 0x84, 0x96, 0x7c,
  0x98, 0x84, 0x99, 0x7c, 0x9a, 0x84, 0x9b, 0x7c, 0x9b, 0x84, 0x9d, 0x7d,
  0x9e, 0x83, 0x9e, 0x7d, 0x9f, 0x83, 0xa0, 0x7d, 0xa0, 0x83, 0x9f, 0x7d,
  0x9f, 0x83, 0x9f, 0x7d, 0xa0, 0x83, 0xa0, 0x7d, 0xa0, 0x83, 0x9f, 0x7d,
  0x9f, 0x83, 0x9e, 0x7d, 0x9e, 0x83, 0x9e, 0x7d, 0x9e, 0x83, 0x9c, 0x7d,
  0x9c, 0x83, 0x9c, 0x7d, 0x9b, 0x84, 0x9b, 0x7d, 0x9a, 0x83, 0x9a, 0x7d,
  0x99, 0x83, 0x98, 0x7e, 0x96, 0x82, 0x95, 0x7e, 0x93, 0x82, 0x92, 0x7f,
  0x90, 0x81, 0x8e, 0x80, 0x8d, 0x81, 0x8c, 0x81, 0x89, 0x80, 0x8e, 0x81,
  0x43, 0x82, 0x1d, 0x7d, 0x24, 0x83, 0x24, 0x7b, 0x25, 0x83, 0x24, 0x7c,
  0x30, 0x8c, 0x3f, 0x74, 0x3b, 0x8f, 0x3b, 0x6f, 0x3b, 0x8d, 0x3a, 0x71,
  0x39, 0x8d, 0x38, 0x72, 0x37, 0x8d, 0x36, 0x73, 0x35, 0x8b, 0x34, 0x74,
  0x34, 0x8b, 0x33, 0x74, 0x32, 0x8a, 0x32, 0x75, 0x31, 0x8a, 0x30, 0x76,
  0x30, 0x89, 0x2f, 0x77, 0x2f, 0x88, 0x2e, 0x77, 0x2d, 0x88, 0x2c, 0x78,
  0x2c, 0x88, 0x2b, 0x78, 0x2a, 0x88, 0x2a, 0x79, 0x29, 0x87, 0x28, 0x79,
  0x28, 0x87, 0x28, 0x79, 0x28, 0x87, 0x27, 0x79, 0x27, 0x87, 0x27, 0x79,
  0x27, 0x87, 0x27, 0x79, 0x26, 0x87, 0x26, 0x7a, 0x26, 0x87, 0x26, 0x7a,
  0x25, 0x86, 0x25, 0x7a, 0x25, 0x86, 0x24, 0x7a, 0x25, 0x86, 0x24, 0x7a,
  0x24, 0x86, 0x24, 0x7a, 0x23, 0x86, 0x24, 0x7a, 0x24, 0x86, 0x24, 0x7a,
  0x23, 0x86, 0x23, 0x7a, 0x23, 0x86, 0x23, 0x7a, 0x23, 0x86, 0x23, 0x7a,
  0x23, 0x86, 0x22, 0x7a, 0x22, 0x86, 0x22, 0x7a, 0x22, 0x86, 0x22, 0x7a,
  0x22, 0x85, 0x22, 0x7a, 0x22, 0x85, 0x22, 0x7a, 0x21, 0x85, 0x21, 0x7a,
  0x21, 0x85, 0x21, 0x7a, 0x21, 0x85, 0x21, 0x7a, 0x21, 0x85, 0x21, 0x7a,
  0x21, 0x85, 0x21, 0x7a, 0x21, 0x85, 0x21, 0x7a, 0x21, 0x85, 0x20, 0x7a,
  0x21, 0x85, 0x21, 0x7a, 0x21, 0x85, 0x21, 0x7a, 0x21, 0x85, 0x20, 0x7a,
  0x20, 0x85, 0x21, 0x7a, 0x20, 0x85, 0x20, 0x7a, 0x20, 0x85, 0x20, 0x7a,
  0x20, 0x85, 0x20, 0x7a, 0x20, 0x85, 0x20, 0x7a, 0x20, 0x85, 0x20, 0x7a,
  0x20, 0x85, 0x20, 0x7a, 0x20, 0x85, 0x20, 0x7a, 0x20, 0x85, 0x20, 0x7a,
  0x1f, 0x85, 0x1f, 0x7a, 0x1f, 0x84, 0x20, 0x7a, 0x1f, 0x85, 0x1f, 0x7a,
  0x1f, 0x85, 0x1f, 0x7a, 0x1f, 0x85, 0x1f, 0x7a, 0x1f, 0x85, 0x1f, 0x7a,
  0x1f, 0x84, 0x1f, 0x7b, 0x1f, 0x84, 0x1f, 0x7a, 0x1f, 0x85, 0x1e, 0x7a,
  0x1f, 0x85, 0x1f, 0x7a, 0x1f, 0x85, 0x1f, 0x7a, 0x1f, 0x85, 0x1f, 0x7a,
  0x1f, 0x85, 0x20, 0x7a, 0x1f, 0x85, 0x1f, 0x7a, 0x1f, 0x85, 0x1f, 0x7a,
  0x1f, 0x85, 0x1f, 0x7a, 0x1f, 0x85, 0x1f, 0x7a, 0x20, 0x85, 0x1f, 0x7a,
  0x1f, 0x85, 0x1f, 0x7a, 0x1f, 0x85, 0x20, 0x7a, 0x20, 0x85, 0x1f, 0x7a,
  0x20, 0x85, 0x20, 0x7a, 0x20, 0x85, 0x20, 0x7a, 0x20, 0x85, 0x20, 0x7a,
  0x20, 0x85, 0x20, 0x7a, 0x20, 0x85, 0x20, 0x7a, 0x20, 0x85, 0x20, 0x7a,
  0x20, 0x85, 0x20, 0x7a, 0x20, 0x85, 0x20, 0x7a, 0x21, 0x85, 0x20, 0x7a,
  0x20, 0x85, 0x21, 0x7a, 0x20, 0x86, 0x20, 0x7a, 0x20, 0x86, 0x20, 0x7a,
  0x20, 0x85, 0x20, 0x7a, 0x20, 0x85, 0x20, 0x7a, 0x21, 0x86, 0x21, 0x7a,
  0x22, 0x86, 0x22, 0x7a, 0x21, 0x86, 0x21, 0x7a, 0x21, 0x86, 0x21, 0x7a,
  0x21, 0x86, 0x21, 0x7a, 0x22, 0x86, 0x22, 0x7a, 0x22, 0x86, 0x22, 0x7a,
  0x23, 0x86, 0x23, 0x7a, 0x23, 0x86, 0x23, 0x7a, 0x24, 0x86, 0x23, 0x7a,
  0x23, 0x86, 0x24, 0x7a, 0x24, 0x86, 0x24, 0x79, 0x24, 0x86, 0x24, 0x79,
  0x24, 0x86, 0x25, 0x7a, 0x25, 0x86, 0x25, 0x7a, 0x25, 0x86, 0x26, 0x79,
  0x26, 0x87, 0x27, 0x79, 0x27, 0x87, 0x27, 0x79, 0x28, 0x87, 0x28, 0x78,
  0x28, 0x87, 0x28, 0x78, 0x29, 0x87, 0x2a, 0x78, 0x2a, 0x88, 0x2a, 0x78,
  0x2b, 0x88, 0x2c, 0x77, 0x2c, 0x89, 0x2d, 0x77, 0x2e, 0x89, 0x2f, 0x77,
  0x2f, 0x8a, 0x2f, 0x76, 0x2f, 0x8a, 0x30, 0x75, 0x31, 0x8b, 0x32, 0x74,
  0x33, 0x8b, 0x33, 0x74, 0x34, 0x8c, 0x35, 0x73, 0x36, 0x8d, 0x37, 0x72,
  0x38, 0x8e, 0x39, 0x71, 0x3a, 0x8e, 0x3c, 0x6f, 0x3c, 0x8f, 0x3d, 0x6f,
  0x3d, 0x91, 0x3f, 0x6d, 0x37, 0x89, 0x26, 0x76, 0x23, 0x82, 0x22, 0x7d,
  0x22, 0x82, 0x22, 0x7d, 0x21, 0x82, 0x29, 0x7d, 0x7a, 0x82, 0x85, 0x80,
  0x84, 0x82, 0x86, 0x81, 0x87, 0x83, 0x89, 0x80, 0x8a, 0x83, 0x8b, 0x7f,
  0x8c, 0x84, 0x8c, 0x7e, 0x8c, 0x84, 0x8d, 0x7e, 0x8e, 0x85, 0x8f, 0x7d,
  0x90, 0x85, 0x92, 0x7c, 0x93, 0x85, 0x94, 0x7c, 0x94, 0x85, 0x95, 0x7c,
  0x95, 0x84, 0x97, 0x7c, 0x98, 0x84, 0x98, 0x7d, 0x98, 0x84, 0x99, 0x7d,
  0x99, 0x84, 0x99, 0x7c, 0x99, 0x84, 0x99, 0x7c, 0x99, 0x84, 0x9a, 0x7c,
  0x9a, 0x84, 0x9a, 0x7d, 0x99, 0x84, 0x99, 0x7c, 0x98, 0x84, 0x98, 0x7c,
  0x97, 0x84, 0x97, 0x7d, 0x96, 0x84, 0x97, 0x7d, 0x97, 0x84, 0x96, 0x7d,
  0x95, 0x83, 0x94, 0x7e, 0x93, 0x83, 0x92, 0x7e, 0x92, 0x82, 0x91, 0x7f,
  0x90, 0x81, 0x8f, 0x81, 0x8e, 0x7f, 0x8d, 0x82, 0x8c, 0x7e, 0x8b, 0x84,
  0x8f, 0x7e, 0x72, 0x83, 0x22, 0x81, 0x25, 0x7e, 0x25, 0x82, 0x25, 0x7d,
  0x25, 0x84, 0x28, 0x7c, 0x38, 0x8e, 0x3c, 0x72, 0x3b, 0x8f, 0x3b, 0x6f,
  0x3b, 0x8d, 0x3a, 0x71, 0x38, 0x8d, 0x37, 0x72, 0x36, 0x8c, 0x36, 0x73,
  0x35, 0x8c, 0x34, 0x74, 0x34, 0x8b, 0x33, 0x74, 0x33, 0x8a, 0x32, 0x75,
  0x31, 0x8a, 0x30, 0x76, 0x30, 0x89, 0x30, 0x77, 0x2f, 0x89, 0x2f, 0x77,
  0x2d, 0x88, 0x2c, 0x77, 0x2c, 0x88, 0x2b, 0x78, 0x2b, 0x87, 0x2a, 0x78,
  0x2a, 0x87, 0x29, 0x79, 0x28, 0x87, 0x28, 0x79, 0x28, 0x87, 0x27, 0x79,
  0x27, 0x87, 0x27, 0x79, 0x27, 0x86, 0x27, 0x79, 0x27, 0x86, 0x26, 0x79,
  0x25, 0x86, 0x26, 0x7a, 0x26, 0x86, 0x26, 0x7a, 0x25, 0x86, 0x25, 0x7a,
  0x25, 0x86, 0x24, 0x7a, 0x24, 0x86, 0x24, 0x7a, 0x24, 0x86, 0x24, 0x7a,
  0x24, 0x86, 0x24, 0x7a, 0x24, 0x86, 0x23, 0x7a, 0x23, 0x86, 0x23, 0x7a,
  0x23, 0x86, 0x23, 0x7a, 0x23, 0x86, 0x23, 0x7a, 0x23, 0x86, 0x22, 0x7a,
  0x22, 0x86, 0x22, 0x7a, 0x22, 0x86, 0x22, 0x7a, 0x22, 0x86, 0x22, 0x7a,
  0x22, 0x86, 0x22, 0x7a, 0x21, 0x86, 0x21, 0x7a, 0x21, 0x85, 0x21, 0x7a,
  0x21, 0x85, 0x21, 0x7a, 0x21, 0x85, 0x21, 0x7a, 0x21, 0x85, 0x21, 0x7a,
  0x21, 0x85, 0x21, 0x7a, 0x21, 0x85, 0x21, 0x7a, 0x20, 0x85, 0x21, 0x7a,
  0x21, 0x85, 0x21, 0x7a, 0x21, 0x85, 0x21, 0x7a, 0x21, 0x85, 0x21, 0x7a,
  0x20, 0x85, 0x21, 0x7a, 0x21, 0x85, 0x20, 0x7a, 0x20, 0x85, 0x20, 0x7a,
  0x20, 0x85, 0x20, 0x7a, 0x20, 0x85, 0x20, 0x7a, 0x20, 0x85, 0x20, 0x7a,
  0x20, 0x85, 0x20, 0x7a, 0x1f, 0x85, 0x1f, 0x7a, 0x1f, 0x85, 0x1f, 0x7a,
  0x1f, 0x85, 0x1f, 0x7a, 0x1f, 0x85, 0x1f, 0x7a, 0x1f, 0x85, 0x1f, 0x7a,
  0x1f, 0x85, 0x1f, 0x7a, 0x1f, 0x85, 0x1f, 0x7a, 0x1e, 0x85, 0x1f, 0x7a,
  0x1f, 0x85, 0x1e, 0x7a, 0x1e, 0x85, 0x1f, 0x7a, 0x1f, 0x85, 0x1f, 0x7a,
  0x1f, 0x85, 0x1f, 0x7a, 0x1f, 0x85, 0x1f, 0x7a, 0x20, 0x85, 0x20, 0x7a,
  0x20, 0x85, 0x1f, 0x7a, 0x1f, 0x85, 0x1f, 0x7a, 0x20, 0x85, 0x20, 0x7a,
  0x20, 0x85, 0x20, 0x7a, 0x20, 0x85, 0x20, 0x7a, 0x20, 0x85, 0x20, 0x7a,
  0x20, 0x85, 0x20, 0x7a, 0x20, 0x85, 0x20, 0x7a, 0x20, 0x85, 0x20, 0x7a,
  0x20, 0x85, 0x20, 0x7a, 0x20, 0x85, 0x20, 0x7a, 0x20, 0x85, 0x20, 0x7a,
  0x20, 0x85, 0x20, 0x7a, 0x20, 0x86, 0x20, 0x7a, 0x20, 0x86, 0x20, 0x7a,
  0x20, 0x85, 0x20, 0x7a, 0x20, 0x86, 0x20, 0x7a, 0x20, 0x86, 0x20, 0x7a,
  0x20, 0x86, 0x20, 0x7a, 0x20, 0x86, 0x20, 0x7a, 0x20, 0x86, 0x20, 0x7a,
  0x21, 0x86, 0x21, 0x7a, 0x21, 0x86, 0x21, 0x7a, 0x21, 0x85, 0x21, 0x7a,
  0x21, 0x86, 0x21, 0x7a, 0x21, 0x85, 0x22, 0x7a, 0x22, 0x86, 0x22, 0x7a,
  0x23, 0x86, 0x22, 0x7a, 0x23, 0x86, 0x23, 0x79, 0x23, 0x86, 0x23, 0x79,
  0x24, 0x86, 0x24, 0x7a, 0x24, 0x86, 0x24, 0x79, 0x24, 0x86, 0x24, 0x79,
  0x24, 0x86, 0x25, 0x79, 0x24, 0x86, 0x24, 0x79, 0x25, 0x86, 0x25, 0x79,
  0x26, 0x87, 0x26, 0x79, 0x26, 0x87, 0x27, 0x79, 0x27, 0x87, 0x27, 0x79,
  0x28, 0x87, 0x28, 0x79, 0x28, 0x88, 0x29, 0x78, 0x29, 0x88, 0x2a, 0x78,
  0x2a, 0x88, 0x2b, 0x78, 0x2c, 0x88, 0x2c, 0x77, 0x2d, 0x89, 0x2d, 0x77,
  0x2e, 0x89, 0x2e, 0x77, 0x2f, 0x8a, 0x2f, 0x76, 0x30, 0x8a, 0x31, 0x75,
  0x32, 0x8b, 0x32, 0x74, 0x33, 0x8b, 0x34, 0x74, 0x34, 0x8c, 0x35, 0x73,
  0x36, 0x8d, 0x37, 0x72, 0x38, 0x8e, 0x39, 0x71, 0x3a, 0x8f, 0x3b, 0x70,
  0x3c, 0x8f, 0x3d, 0x6f, 0x3c, 0x90, 0x3d, 0x6d, 0x3d, 0x8d, 0x2e, 0x73,
  0x23, 0x82, 0x25, 0x7d, 0x24, 0x80, 0x24, 0x7e, 0x25, 0x80, 0x1e, 0x7e,
  0x4c, 0x7f, 0x8c, 0x81, 0x84, 0x7f, 0x87, 0x83, 0x88, 0x80, 0x88, 0x82,
  0x89, 0x81, 0x88, 0x81, 0x88, 0x82, 0x88, 0x7f, 0x89, 0x84, 0x89, 0x7e,
  0x89, 0x84, 0x8a, 0x7d, 0x8b, 0x84, 0x8c, 0x7c, 0x8d, 0x85, 0x8e, 0x7c,
  0x8e, 0x85, 0x8f, 0x7c, 0x8f, 0x85, 0x91, 0x7c, 0x91, 0x85, 0x91, 0x7c,
  0x91, 0x85, 0x91, 0x7c, 0x92, 0x84, 0x92, 0x7c, 0x93, 0x84, 0x93, 0x7c,
  0x92, 0x85, 0x93, 0x7c, 0x93, 0x84, 0x93, 0x7c, 0x93, 0x84, 0x93, 0x7c,
  0x92, 0x84, 0x92, 0x7c, 0x92, 0x84, 0x91, 0x7c, 0x91, 0x84, 0x91, 0x7d,
  0x91, 0x83, 0x91, 0x7d, 0x90, 0x83, 0x8f, 0x7e, 0x8e, 0x82, 0x8e, 0x7f,
  0x8e, 0x81, 0x8e, 0x81, 0x8e, 0x7f, 0x8d, 0x83, 0x8d, 0x7c, 0x8d, 0x85,
  0x8c, 0x7a, 0x8c, 0x87, 0x8c, 0x7d, 0x3b, 0x83, 0x23, 0x80, 0x28, 0x7d,
  0x27, 0x7f, 0x27, 0x7e, 0x27, 0x85, 0x30, 0x7b, 0x3c, 0x8f, 0x3c, 0x6f,
  0x3b, 0x8e, 0x3b, 0x70, 0x3b, 0x8d, 0x3a, 0x71, 0x38, 0x8c, 0x38, 0x72,
  0x37, 0x8c, 0x36, 0x73, 0x35, 0x8b, 0x34, 0x74, 0x34, 0x8a, 0x34, 0x74,
  0x33, 0x8a, 0x32, 0x75, 0x31, 0x8a, 0x30, 0x76, 0x2f, 0x89, 0x2f, 0x77,
  0x2f, 0x89, 0x2e, 0x77, 0x2e, 0x88, 0x2d, 0x78, 0x2d, 0x88, 0x2c, 0x78,
  0x2b, 0x88, 0x2a, 0x78, 0x2a, 0x88, 0x29, 0x79, 0x29, 0x87, 0x29, 0x79,
  0x29, 0x87, 0x28, 0x79, 0x28, 0x87, 0x27, 0x79, 0x27, 0x87, 0x27, 0x79,
  0x27, 0x86, 0x26, 0x79, 0x26, 0x86, 0x26, 0x79, 0x25, 0x86, 0x25, 0x79,
  0x25, 0x86, 0x25, 0x79, 0x25, 0x86, 0x24, 0x7a, 0x24, 0x85, 0x24, 0x7a,
  0x24, 0x85, 0x24, 0x79, 0x24, 0x86, 0x24, 0x7a, 0x23, 0x86, 0x24, 0x7a,
  0x24, 0x86, 0x23, 0x79, 0x24, 0x86, 0x24, 0x79, 0x23, 0x86, 0x23, 0x7a,
  0x23, 0x86, 0x23, 0x7a, 0x23, 0x86, 0x23, 0x7a, 0x22, 0x86, 0x22, 0x7a,
  0x22, 0x86, 0x22, 0x7a, 0x22, 0x86, 0x22, 0x79, 0x22, 0x86, 0x21, 0x7a,
  0x21, 0x85, 0x21, 0x7a, 0x21, 0x85, 0x21, 0x7a, 0x21, 0x86, 0x21, 0x7a,
  0x21, 0x85, 0x21, 0x7a, 0x21, 0x85, 0x21, 0x7a, 0x20, 0x85, 0x21, 0x7a,
  0x21, 0x85, 0x20, 0x7a, 0x20, 0x85, 0x21, 0x7a, 0x21, 0x85, 0x21, 0x7a,
  0x21, 0x85, 0x21, 0x7a, 0x21, 0x85, 0x21, 0x7a, 0x21, 0x85, 0x20, 0x7a,
  0x20, 0x85, 0x20, 0x7a, 0x20, 0x85, 0x20, 0x7a, 0x20, 0x85, 0x20, 0x7a,
  0x20, 0x85, 0x20, 0x7a, 0x20, 0x85, 0x20, 0x7a, 0x20, 0x85, 0x1f, 0x7a,
  0x1f, 0x85, 0x1f, 0x7a, 0x1f, 0x85, 0x1f, 0x7a, 0x1f, 0x85, 0x1f, 0x7a,
  0x1f, 0x85, 0x1f, 0x7a, 0x1f, 0x85, 0x1f, 0x7a, 0x1f, 0x85, 0x1f, 0x7a,
  0x1f, 0x85, 0x1f, 0x7a, 0x1f, 0x85, 0x1f, 0x7a, 0x1f, 0x85, 0x1f, 0x7a,
  0x1f, 0x85, 0x1f, 0x7a, 0x1f, 0x85, 0x1f, 0x7a, 0x1f, 0x85, 0x1f, 0x7b,
  0x1f, 0x85, 0x20, 0x7a, 0x20, 0x85, 0x20, 0x7a, 0x20, 0x85, 0x20, 0x7a,
  0x20, 0x85, 0x20, 0x7a, 0x20, 0x85, 0x20, 0x7a, 0x20, 0x85, 0x20, 0x7a,
  0x20, 0x85, 0x20, 0x7b, 0x20, 0x85, 0x20, 0x7a, 0x20, 0x85, 0x20, 0x7a,
  0x20, 0x85, 0x20, 0x7a, 0x20, 0x85, 0x20, 0x7a, 0x20, 0x85, 0x20, 0x7a,
  0x20, 0x85, 0x20, 0x7a, 0x20, 0x85, 0x20, 0x7a, 0x20, 0x85, 0x20, 0x7a,
  0x20, 0x85, 0x1f, 0x7a, 0x20, 0x85, 0x20, 0x7a, 0x20, 0x85, 0x20, 0x7a,
  0x20, 0x85, 0x20, 0x7a, 0x20, 0x85, 0x20, 0x7a, 0x20, 0x85, 0x20, 0x7a,
  0x20, 0x86, 0x21, 0x7a, 0x21, 0x85, 0x21, 0x7a, 0x21, 0x86, 0x21, 0x7a,
  0x21, 0x86, 0x21, 0x7a, 0x21, 0x86, 0x22, 0x7a, 0x22, 0x86, 0x22, 0x7a,
  0x22, 0x86, 0x22, 0x7a, 0x23, 0x86, 0x23, 0x7a, 0x23, 0x86, 0x23, 0x7a,
  0x23, 0x86, 0x23, 0x7a, 0x23, 0x86, 0x23, 0x7a, 0x23, 0x86, 0x24, 0x7a,
  0x24, 0x87, 0x25, 0x7a, 0x25, 0x87, 0x25, 0x79, 0x25, 0x87, 0x25, 0x79,
  0x26, 0x87, 0x26, 0x79, 0x26, 0x87, 0x27, 0x79, 0x27, 0x87, 0x27, 0x79,
  0x28, 0x87, 0x27, 0x79, 0x28, 0x88, 0x28, 0x79, 0x29, 0x88, 0x29, 0x78,
  0x29, 0x88, 0x2a, 0x79, 0x2a, 0x87, 0x2b, 0x78, 0x2b, 0x88, 0x2c, 0x78,
  0x2d, 0x89, 0x2d, 0x77, 0x2e, 0x89, 0x2f, 0x77, 0x30, 0x89, 0x30, 0x76,
  0x31, 0x8a, 0x31, 0x76, 0x32, 0x8b, 0x33, 0x75, 0x33, 0x8b, 0x34, 0x74,
  0x34, 0x8c, 0x36, 0x73, 0x37, 0x8d, 0x37, 0x73, 0x38, 0x8d, 0x39, 0x71,
  0x39, 0x8e, 0x3a, 0x70, 0x3b, 0x8e, 0x3c, 0x70, 0x3c, 0x90, 0x3d, 0x6e,
  0x3e, 0x90, 0x3a, 0x6e, 0x28, 0x83, 0x26, 0x7c, 0x28, 0x7d, 0x27, 0x80,
  0x27, 0x7d, 0x28, 0x80, 0x25, 0x7d, 0x6e, 0x82, 0x8d, 0x7b, 0x86, 0x86,
  0x89, 0x7c, 0x88, 0x85, 0x88, 0x7e, 0x88, 0x84, 0x87, 0x81, 0x86, 0x82,
  0x86, 0x82, 0x85, 0x80, 0x85, 0x84, 0x85, 0x7e, 0x85, 0x84, 0x86, 0x7d,
  0x86, 0x85, 0x87, 0x7d, 0x88, 0x85, 0x88, 0x7c, 0x89, 0x85, 0x89, 0x7c,
  0x8a, 0x85, 0x8a, 0x7d, 0x8a, 0x85, 0x8a, 0x7c, 0x8a, 0x85, 0x8b, 0x7c,
  0x8b, 0x85, 0x8c, 0x7c, 0x8c, 0x85, 0x8c, 0x7c, 0x8b, 0x85, 0x8c, 0x7c,
  0x8b, 0x85, 0x8b, 0x7c, 0x8b, 0x85, 0x8b, 0x7c, 0x8b, 0x85, 0x8a, 0x7d,
  0x8a, 0x84, 0x8a, 0x7d, 0x8b, 0x84, 0x8b, 0x7e, 0x8b, 0x82, 0x8b, 0x7f,
  0x8a, 0x81, 0x8a, 0x81, 0x8a, 0x7e, 0x8b, 0x84, 0x8d, 0x7b, 0x8d, 0x86,
  0x8d, 0x79, 0x8e, 0x89, 0x8b, 0x77, 0x94, 0x8a, 0x59, 0x7b, 0x24, 0x83,
  0x2d, 0x7c, 0x2b, 0x81, 0x2b, 0x7c, 0x2b, 0x81, 0x2d, 0x87, 0x39, 0x78,
  0x3b, 0x90, 0x3b, 0x6e, 0x3b, 0x8e, 0x3a, 0x70, 0x3a, 0x8d, 0x39, 0x71,
  0x38, 0x8d, 0x38, 0x72, 0x37, 0x8c, 0x36, 0x73, 0x36, 0x8b, 0x35, 0x74,
  0x34, 0x8a, 0x33, 0x75, 0x33, 0x8a, 0x32, 0x76, 0x31, 0x89, 0x30, 0x76,
  0x2f, 0x89, 0x2f, 0x77, 0x2e, 0x88, 0x2e, 0x78, 0x2d, 0x88, 0x2d, 0x78,
  0x2d, 0x88, 0x2c, 0x78, 0x2c, 0x88, 0x2b, 0x78, 0x2b, 0x87, 0x2a, 0x79,
  0x2a, 0x88, 0x29, 0x79, 0x29, 0x87, 0x29, 0x79, 0x28, 0x87, 0x28, 0x79,
  0x28, 0x87, 0x27, 0x79, 0x27, 0x87, 0x27, 0x79, 0x27, 0x87, 0x26, 0x7a,
  0x26, 0x86, 0x26, 0x7a, 0x26, 0x86, 0x26, 0x7a, 0x25, 0x86, 0x25, 0x7a,
  0x25, 0x86, 0x24, 0x7a, 0x25, 0x86, 0x25, 0x7a, 0x25, 0x86, 0x25, 0x7a,
  0x25, 0x86, 0x24, 0x7a, 0x23, 0x86, 0x23, 0x7a, 0x23, 0x86, 0x23, 0x7a,
  0x23, 0x86, 0x23, 0x7a, 0x23, 0x85, 0x23, 0x7a, 0x23, 0x85, 0x23, 0x7a,
  0x23, 0x85, 0x23, 0x7a, 0x22, 0x85, 0x22, 0x7a, 0x22, 0x85, 0x21, 0x7a,
  0x21, 0x85, 0x21, 0x7a, 0x21, 0x86, 0x21, 0x7a, 0x21, 0x85, 0x21, 0x7a,
  0x21, 0x85, 0x21, 0x7a, 0x20, 0x85, 0x20, 0x7a, 0x20, 0x85, 0x20, 0x7a,
  0x20, 0x85, 0x21, 0x7a, 0x20, 0x85, 0x20, 0x7a, 0x20, 0x85, 0x21, 0x7a,
  0x20, 0x85, 0x21, 0x7a, 0x21, 0x85, 0x21, 0x7a, 0x20, 0x85, 0x20, 0x7a,
  0x20, 0x85, 0x20, 0x7a, 0x21, 0x85, 0x20, 0x7a, 0x20, 0x85, 0x20, 0x7a,
  0x20, 0x85, 0x20, 0x7a, 0x20, 0x85, 0x20, 0x7a, 0x20, 0x85, 0x20, 0x7a,
  0x1f, 0x85, 0x1f, 0x7a, 0x20, 0x85, 0x1f, 0x7a, 0x1f, 0x85, 0x1f, 0x7b,
  0x1f, 0x85, 0x1f, 0x7a, 0x1f, 0x85, 0x1f, 0x7a, 0x1f, 0x85, 0x1f, 0x7b,
  0x1f, 0x85, 0x1f, 0x7a, 0x1f, 0x85, 0x1f, 0x7b, 0x1f, 0x85, 0x1e, 0x7a,
  0x1e, 0x85, 0x1f, 0x7a, 0x1e, 0x85, 0x1f, 0x7a, 0x1f, 0x85, 0x1f, 0x7a,
  0x1f, 0x85, 0x20, 0x7a, 0x20, 0x85, 0x20, 0x7a, 0x20, 0x85, 0x21, 0x7a,
  0x21, 0x85, 0x21, 0x7a, 0x20, 0x85, 0x20, 0x7a, 0x21, 0x85, 0x21, 0x7a,
  0x21, 0x86, 0x21, 0x7a, 0x20, 0x85, 0x20, 0x7a, 0x20, 0x85, 0x20, 0x7a,
  0x20, 0x85, 0x21, 0x7a, 0x21, 0x86, 0x21, 0x7a, 0x20, 0x86, 0x20, 0x7a,
  0x20, 0x86, 0x20, 0x7a, 0x20, 0x86, 0x20, 0x7a, 0x20, 0x85, 0x20, 0x7a,
  0x20, 0x86, 0x20, 0x7a, 0x21, 0x86, 0x21, 0x7a, 0x21, 0x86, 0x21, 0x7a,
  0x20, 0x85, 0x20, 0x7a, 0x20, 0x86, 0x20, 0x7a, 0x20, 0x86, 0x20, 0x7a,
  0x20, 0x85, 0x21, 0x7a, 0x21, 0x86, 0x22, 0x7a, 0x22, 0x86, 0x23, 0x7a,
  0x22, 0x86, 0x22, 0x7a, 0x22, 0x86, 0x22, 0x7a, 0x22, 0x86, 0x22, 0x7a,
  0x22, 0x86, 0x22, 0x7a, 0x22, 0x86, 0x23, 0x7a, 0x23, 0x86, 0x23, 0x7a,
  0x23, 0x87, 0x23, 0x7a, 0x24, 0x86, 0x24, 0x7a, 0x24, 0x86, 0x24, 0x7a,
  0x24, 0x87, 0x24, 0x7a, 0x25, 0x87, 0x26, 0x7a, 0x26, 0x87, 0x26, 0x79,
  0x26, 0x87, 0x26, 0x7a, 0x26, 0x87, 0x26, 0x7a, 0x27, 0x87, 0x27, 0x79,
  0x27, 0x87, 0x28, 0x79, 0x28, 0x88, 0x27, 0x79, 0x28, 0x87, 0x29, 0x79,
  0x29, 0x87, 0x29, 0x79, 0x2a, 0x87, 0x2a, 0x78, 0x2a, 0x88, 0x2a, 0x78,
  0x2c, 0x89, 0x2c, 0x77, 0x2d, 0x89, 0x2d, 0x77, 0x2f, 0x89, 0x2f, 0x76,
  0x30, 0x8a, 0x31, 0x76, 0x31, 0x8a, 0x32, 0x75, 0x32, 0x8a, 0x33, 0x75,
  0x33, 0x8b, 0x34, 0x74, 0x35, 0x8c, 0x36, 0x73, 0x37, 0x8c, 0x37, 0x72,
  0x38, 0x8d, 0x38, 0x72, 0x39, 0x8e, 0x3a, 0x71, 0x3b, 0x8e, 0x3c, 0x6f,
  0x3d, 0x8f, 0x3d, 0x6e, 0x3d, 0x92, 0x3f, 0x6c, 0x36, 0x86, 0x29, 0x78,
  0x2c, 0x79, 0x2c, 0x83, 0x2c, 0x7a, 0x2c, 0x82, 0x28, 0x7b, 0x33, 0x82,
  0x80, 0x77, 0x8c, 0x89, 0x88, 0x78, 0x89, 0x88, 0x89, 0x7b, 0x87, 0x87,
  0x87, 0x7e, 0x85, 0x84, 0x84, 0x80, 0x83, 0x82, 0x81, 0x83, 0x81, 0x80,
  0x80, 0x85, 0x80, 0x7e, 0x80, 0x85, 0x80, 0x7d, 0x81, 0x86, 0x82, 0x7c,
  0x82, 0x86, 0x82, 0x7b, 0x82, 0x86, 0x83, 0x7c, 0x84, 0x86, 0x84, 0x7b,
  0x84, 0x86, 0x84, 0x7b, 0x84, 0x86, 0x86, 0x7b, 0x86, 0x85, 0x85, 0x7c,
  0x84, 0x85, 0x85, 0x7c, 0x85, 0x85, 0x84, 0x7c, 0x83, 0x86, 0x83, 0x7c,
  0x84, 0x85, 0x84, 0x7c, 0x84, 0x84, 0x84, 0x7e, 0x84, 0x83, 0x85, 0x7f,
  0x86, 0x81, 0x87, 0x81, 0x87, 0x7f, 0x88, 0x83, 0x89, 0x7b, 0x8a, 0x86,
  0x8c, 0x77, 0x8e, 0x89, 0x8f, 0x74, 0x8e, 0x8c, 0x97, 0x73, 0x73, 0x8b,
  0x2c, 0x79, 0x30, 0x84, 0x31, 0x77, 0x31, 0x84, 0x31, 0x7a, 0x30, 0x83,
  0x37, 0x8d, 0x3b, 0x73, 0x3b, 0x8f, 0x3b, 0x6e, 0x3a, 0x8e, 0x3a, 0x71,
  0x39, 0x8d, 0x39, 0x71, 0x38, 0x8c, 0x38, 0x72, 0x38, 0x8c, 0x37, 0x73,
  0x36, 0x8b, 0x36, 0x74, 0x35, 0x8a, 0x33, 0x75, 0x33, 0x8a, 0x32, 0x75,
  0x31, 0x8a, 0x31, 0x76, 0x30, 0x89, 0x2f, 0x77, 0x2f, 0x88, 0x2e, 0x77,
  0x2e, 0x89, 0x2d, 0x78, 0x2d, 0x88, 0x2d, 0x78, 0x2d, 0x87, 0x2c, 0x78,
  0x2b, 0x87, 0x2a, 0x79, 0x2a, 0x87, 0x2a, 0x79, 0x2a, 0x87, 0x29, 0x79,
  0x29, 0x87, 0x29, 0x79, 0x29, 0x87, 0x28, 0x79, 0x28, 0x87, 0x27, 0x7a,
  0x27, 0x87, 0x27, 0x7a, 0x26, 0x87, 0x27, 0x7a, 0x27, 0x86, 0x26, 0x7a,
  0x26, 0x86, 0x26, 0x7a, 0x25, 0x86, 0x25, 0x7a, 0x25, 0x86, 0x25, 0x7a,
  0x26, 0x86, 0x25, 0x7a, 0x25, 0x86, 0x25, 0x7a, 0x25, 0x86, 0x24, 0x7a,
  0x24, 0x86, 0x24, 0x7a, 0x23, 0x86, 0x23, 0x7a, 0x23, 0x86, 0x24, 0x7a,
  0x23, 0x86, 0x23, 0x7a, 0x23, 0x86, 0x23, 0x7a, 0x23, 0x86, 0x22, 0x7a,
  0x22, 0x86, 0x22, 0x7a, 0x22, 0x86, 0x21, 0x7a, 0x21, 0x86, 0x21, 0x7a,
  0x22, 0x86, 0x22, 0x7a, 0x22, 0x86, 0x22, 0x7a, 0x21, 0x86, 0x21, 0x7a,
  0x21, 0x86, 0x21, 0x7a, 0x21, 0x85, 0x21, 0x7b, 0x20, 0x85, 0x21, 0x7a,
  0x21, 0x85, 0x20, 0x7b, 0x21, 0x85, 0x21, 0x7a, 0x21, 0x85, 0x21, 0x7a,
  0x21, 0x85, 0x20, 0x7a, 0x21, 0x85, 0x21, 0x7a, 0x21, 0x85, 0x21, 0x7a,
  0x20, 0x85, 0x20, 0x7a, 0x21, 0x85, 0x20, 0x7a, 0x21, 0x85, 0x21, 0x7a,
  0x20, 0x85, 0x20, 0x7a, 0x20, 0x85, 0x20, 0x7b, 0x20, 0x85, 0x1f, 0x7a,
  0x20, 0x85, 0x20, 0x7a, 0x20, 0x85, 0x20, 0x7a, 0x20, 0x85, 0x20, 0x7a,
  0x1f, 0x85, 0x20, 0x7a, 0x1f, 0x85, 0x1f, 0x7a, 0x1f, 0x85, 0x1e, 0x7a,
  0x1f, 0x85, 0x1f, 0x7a, 0x1f, 0x84, 0x1f, 0x7a, 0x1f, 0x85, 0x1f, 0x7a,
  0x1f, 0x85, 0x1f, 0x7a, 0x20, 0x85, 0x20, 0x7b, 0x20, 0x85, 0x20, 0x7a,
  0x20, 0x85, 0x20, 0x7a, 0x20, 0x85, 0x20, 0x7a, 0x20, 0x85, 0x20, 0x7a,
  0x21, 0x85, 0x21, 0x7a, 0x21, 0x85, 0x20, 0x7a, 0x20, 0x85, 0x20, 0x7a,
  0x20, 0x85, 0x20, 0x7a, 0x20, 0x85, 0x20, 0x7a, 0x20, 0x85, 0x21, 0x7a,
  0x20, 0x85, 0x20, 0x7a, 0x20, 0x85, 0x20, 0x7a, 0x20, 0x85, 0x20, 0x7a,
  0x21, 0x85, 0x21, 0x7a, 0x1f, 0x85, 0x1c, 0x7b, 0x1a, 0x84, 0x18, 0x7b,
  0x19, 0x84, 0x1a, 0x7b, 0x1c, 0x85, 0x1e, 0x7a, 0x21, 0x86, 0x22, 0x7a,
  0x23, 0x86, 0x23, 0x7a, 0x21, 0x85, 0x1f, 0x7a, 0x1c, 0x85, 0x1a, 0x7a,
  0x18, 0x84, 0x19, 0x7b, 0x1b, 0x85, 0x1d, 0x7a, 0x20, 0x86, 0x23, 0x7a,
  0x24, 0x86, 0x23, 0x79, 0x22, 0x86, 0x22, 0x7a, 0x23, 0x86, 0x23, 0x7a,
  0x23, 0x86, 0x23, 0x7a, 0x24, 0x86, 0x24, 0x7a, 0x24, 0x86, 0x24, 0x7a,
  0x24, 0x86, 0x24, 0x7a, 0x24, 0x86, 0x25, 0x7a, 0x25, 0x86, 0x25, 0x79,
  0x25, 0x87, 0x26, 0x7a, 0x27, 0x87, 0x27, 0x7a, 0x27, 0x87, 0x27, 0x7a,
  0x27, 0x87, 0x27, 0x79, 0x28, 0x87, 0x28, 0x79, 0x28, 0x87, 0x28, 0x79,
  0x29, 0x87, 0x29, 0x79, 0x29, 0x87, 0x29, 0x79, 0x2a, 0x87, 0x2a, 0x78,
  0x2b, 0x88, 0x2b, 0x78, 0x2c, 0x88, 0x2c, 0x78, 0x2d, 0x89, 0x2d, 0x77,
  0x2e, 0x89, 0x2f, 0x77, 0x30, 0x89, 0x31, 0x76, 0x31, 0x8a, 0x32, 0x76,
  0x33, 0x8a, 0x34, 0x75, 0x34, 0x8b, 0x35, 0x74, 0x35, 0x8b, 0x36, 0x73,
  0x37, 0x8c, 0x37, 0x72, 0x38, 0x8c, 0x38, 0x71, 0x39, 0x8d, 0x3a, 0x71,
  0x3a, 0x8e, 0x3b, 0x70, 0x3c, 0x8f, 0x3c, 0x6f, 0x3d, 0x91, 0x3e, 0x6c,
  0x40, 0x8c, 0x34, 0x72, 0x27, 0x7b, 0x27, 0x82, 0x28, 0x7b, 0x28, 0x81,
  0x2b, 0x7c, 0x25, 0x81, 0x3b, 0x75, 0x89, 0x89, 0x8e, 0x72, 0x89, 0x8d,
  0x8a, 0x77, 0x88, 0x89, 0x86, 0x7a, 0x84, 0x87, 0x82, 0x7e, 0x80, 0x84,
  0x7e, 0x81, 0x7c, 0x81, 0x7b, 0x83, 0x7a, 0x7f, 0x7a, 0x85, 0x7a, 0x7d,
  0x7b, 0x86, 0x7a, 0x7c, 0x7b, 0x86, 0x7b, 0x7c, 0x7b, 0x86, 0x7b, 0x7c,
  0x7c, 0x86, 0x7d, 0x7c, 0x7d, 0x86, 0x7d, 0x7c, 0x7e, 0x86, 0x7e, 0x7c,
  0x7e, 0x86, 0x7e, 0x7c, 0x7e, 0x86, 0x7d, 0x7c, 0x7d, 0x85, 0x7d, 0x7c,
  0x7d, 0x85, 0x7d, 0x7c, 0x7d, 0x85, 0x7e, 0x7d, 0x7e, 0x84, 0x7e, 0x7e,
  0x7e, 0x83, 0x7f, 0x80, 0x81, 0x80, 0x83, 0x83, 0x85, 0x7b, 0x87, 0x86,
  0x89, 0x77, 0x8b, 0x89, 0x8d, 0x73, 0x8e, 0x8d, 0x90, 0x6e, 0x99, 0x90,
  0x7a, 0x75, 0x30, 0x89, 0x2e, 0x7a, 0x2c, 0x82, 0x29, 0x7a, 0x28, 0x83,
  0x2a, 0x80, 0x34, 0x7d, 0x3c, 0x90, 0x3c, 0x6f, 0x3b, 0x8e, 0x3a, 0x70,
  0x39, 0x8d, 0x39, 0x70, 0x39, 0x8d, 0x38, 0x72, 0x38, 0x8c, 0x38, 0x72,
  0x38, 0x8b, 0x37, 0x73, 0x36, 0x8b, 0x36, 0x74, 0x35, 0x8a, 0x34, 0x75,
  0x33, 0x8a, 0x32, 0x76, 0x31, 0x8a, 0x31, 0x76, 0x30, 0x89, 0x2f, 0x77,
  0x2f, 0x89, 0x2e, 0x77, 0x2e, 0x88, 0x2d, 0x78, 0x2c, 0x88, 0x2c, 0x78,
  0x2c, 0x87, 0x2c, 0x79, 0x2b, 0x87, 0x2b, 0x78, 0x2a, 0x87, 0x2a, 0x79,
  0x2a, 0x87, 0x29, 0x79, 0x29, 0x87, 0x29, 0x79, 0x29, 0x87, 0x29, 0x79,
  0x28, 0x87, 0x28, 0x7a, 0x28, 0x86, 0x27, 0x7a, 0x27, 0x86, 0x27, 0x7a,
  0x27, 0x86, 0x27, 0x7a, 0x26, 0x86, 0x26, 0x7a, 0x25, 0x85, 0x25, 0x7a,
  0x25, 0x86, 0x25, 0x7a, 0x25, 0x86, 0x26, 0x7a, 0x25, 0x86, 0x25, 0x7a,
  0x25, 0x85, 0x25, 0x7a, 0x25, 0x86, 0x24, 0x7a, 0x24, 0x86, 0x23, 0x7a,
  0x23, 0x85, 0x23, 0x7a, 0x23, 0x86, 0x23, 0x7a, 0x23, 0x86, 0x23, 0x7a,
  0x23, 0x85, 0x23, 0x7a, 0x24, 0x85, 0x24, 0x7a, 0x23, 0x85, 0x22, 0x7a,
  0x21, 0x85, 0x1f, 0x7a, 0x1e, 0x85, 0x1e, 0x7a, 0x1d, 0x85, 0x1c, 0x7a,
  0x1c, 0x85, 0x1c, 0x7a, 0x1c, 0x85, 0x1d, 0x7a, 0x1e, 0x85, 0x1f, 0x7a,
  0x20, 0x85, 0x21, 0x7a, 0x22, 0x85, 0x21, 0x7a, 0x20, 0x85, 0x20, 0x7a,
  0x20, 0x85, 0x20, 0x7a, 0x20, 0x85, 0x20, 0x7a, 0x20, 0x85, 0x21, 0x7a,
  0x20, 0x85, 0x21, 0x7a, 0x21, 0x85, 0x20, 0x7a, 0x21, 0x85, 0x20, 0x7a,
  0x20, 0x85, 0x20, 0x7a, 0x20, 0x85, 0x20, 0x7a, 0x20, 0x85, 0x20, 0x7a,
  0x20, 0x85, 0x20, 0x7a, 0x20, 0x84, 0x20, 0x7a, 0x20, 0x85, 0x20, 0x7a,
  0x20, 0x85, 0x20, 0x7a, 0x20, 0x85, 0x20, 0x7a, 0x1f, 0x85, 0x1f, 0x7a,
  0x1f, 0x85, 0x1f, 0x7a, 0x1e, 0x85, 0x1e, 0x7a, 0x1e, 0x85, 0x1f, 0x7a,
  0x1f, 0x85, 0x1f, 0x7a, 0x1f, 0x85, 0x20, 0x7a, 0x20, 0x85, 0x20, 0x7a,
  0x20, 0x85, 0x20, 0x7a, 0x20, 0x85, 0x20, 0x7a, 0x20, 0x85, 0x20, 0x7a,
  0x20, 0x85, 0x20, 0x7a, 0x20, 0x85, 0x20, 0x7a, 0x20, 0x85, 0x20, 0x7a,
  0x20, 0x85, 0x20, 0x7a, 0x20, 0x85, 0x20, 0x7a, 0x20, 0x85, 0x20, 0x7a,
  0x20, 0x85, 0x20, 0x7a, 0x20, 0x85, 0x20, 0x7a, 0x21, 0x85, 0x22, 0x7a,
  0x20, 0x85, 0x1c, 0x7a, 0x18, 0x84, 0x1a, 0x7b, 0x22, 0x86, 0x2f, 0x79,
  0x3c, 0x89, 0x4a, 0x76, 0x54, 0x8c, 0x5a, 0x75, 0x5f, 0x8c, 0x63, 0x75,
  0x65, 0x8b, 0x66, 0x75, 0x68, 0x8c, 0x68, 0x75, 0x67, 0x8c, 0x65, 0x74,
  0x65, 0x8d, 0x64, 0x74, 0x60, 0x8c, 0x55, 0x74, 0x47, 0x89, 0x37, 0x77,
  0x27, 0x86, 0x1d, 0x79, 0x19, 0x85, 0x1b, 0x7a, 0x20, 0x86, 0x23, 0x7a,
  0x24, 0x86, 0x24, 0x7a, 0x23, 0x86, 0x23, 0x7a, 0x23, 0x86, 0x23, 0x7a,
  0x23, 0x86, 0x24, 0x7a, 0x25, 0x86, 0x25, 0x7a, 0x26, 0x86, 0x26, 0x7a,
  0x25, 0x86, 0x25, 0x7a, 0x25, 0x87, 0x26, 0x7a, 0x26, 0x87, 0x26, 0x79,
  0x27, 0x87, 0x27, 0x7a, 0x27, 0x87, 0x27, 0x79, 0x27, 0x87, 0x28, 0x79,
  0x28, 0x87, 0x28, 0x79, 0x29, 0x87, 0x29, 0x79, 0x29, 0x87, 0x2a, 0x79,
  0x2a, 0x88, 0x2b, 0x78, 0x2a, 0x88, 0x2b, 0x78, 0x2c, 0x88, 0x2c, 0x77,
  0x2d, 0x89, 0x2d, 0x77, 0x2e, 0x89, 0x2f, 0x77, 0x30, 0x89, 0x31, 0x76,
  0x32, 0x8a, 0x32, 0x76, 0x33, 0x8b, 0x34, 0x75, 0x34, 0x8b, 0x35, 0x74,
  0x35, 0x8b, 0x36, 0x74, 0x36, 0x8c, 0x37, 0x73, 0x38, 0x8d, 0x39, 0x72,
  0x39, 0x8d, 0x39, 0x72, 0x3a, 0x8e, 0x3a, 0x70, 0x3b, 0x8e, 0x3d, 0x70,
  0x3b, 0x8f, 0x35, 0x6e, 0x35, 0x91, 0x3e, 0x6c, 0x3d, 0x7e, 0x31, 0x80,
  0x30, 0x71, 0x30, 0x8b, 0x28, 0x7a, 0x22, 0x83, 0x18, 0x7d, 0x3a, 0x81,
  0x86, 0x71, 0x8e, 0x8e, 0x8a, 0x72, 0x89, 0x8e, 0x86, 0x76, 0x83, 0x8b,
  0x81, 0x7a, 0x7e, 0x87, 0x7b, 0x7f, 0x79, 0x83, 0x77, 0x83, 0x75, 0x81,
  0x75, 0x84, 0x74, 0x7f, 0x73, 0x85, 0x73, 0x7c, 0x74, 0x85, 0x74, 0x7c,
  0x74, 0x86, 0x74, 0x7c, 0x75, 0x86, 0x76, 0x7c, 0x77, 0x86, 0x77, 0x7c,
  0x77, 0x86, 0x77, 0x7c, 0x78, 0x85, 0x78, 0x7c, 0x77, 0x86, 0x76, 0x7c,
  0x75, 0x86, 0x75, 0x7c, 0x76, 0x85, 0x77, 0x7c, 0x77, 0x85, 0x78, 0x7d,
  0x78, 0x84, 0x79, 0x7f, 0x79, 0x81, 0x7b, 0x82, 0x7d, 0x7d, 0x80, 0x85,
  0x83, 0x78, 0x87, 0x88, 0x89, 0x73, 0x8a, 0x8d, 0x8c, 0x6d, 0x8f, 0x91,
  0x91, 0x71, 0x6d, 0x8e, 0x26, 0x7a, 0x25, 0x83, 0x30, 0x72, 0x33, 0x8a,
  0x34, 0x71, 0x35, 0x8b, 0x46, 0x89, 0x47, 0x76, 0x37, 0x92, 0x30, 0x6c,
  0x36, 0x8e, 0x3c, 0x70, 0x3a, 0x8d, 0x38, 0x71, 0x38, 0x8c, 0x38, 0x72,
  0x38, 0x8c, 0x38, 0x73, 0x38, 0x8b, 0x37, 0x74, 0x37, 0x8b, 0x36, 0x74,
  0x35, 0x8a, 0x34, 0x75, 0x33, 0x8a, 0x32, 0x76, 0x31, 0x8a, 0x31, 0x76,
  0x30, 0x89, 0x30, 0x77, 0x2f, 0x89, 0x2e, 0x77, 0x2e, 0x88, 0x2d, 0x78,
  0x2c, 0x88, 0x2c, 0x78, 0x2c, 0x88, 0x2c, 0x79, 0x2b, 0x88, 0x2b, 0x79,
  0x2b, 0x87, 0x2b, 0x79, 0x2a, 0x87, 0x2a, 0x79, 0x2a, 0x87, 0x2a, 0x79,
  0x29, 0x87, 0x29, 0x79, 0x28, 0x87, 0x28, 0x79, 0x28, 0x86, 0x27, 0x79,
  0x27, 0x86, 0x26, 0x7a, 0x26, 0x86, 0x26, 0x7a, 0x26, 0x86, 0x26, 0x7a,
  0x26, 0x86, 0x26, 0x79, 0x25, 0x86, 0x26, 0x7a, 0x26, 0x86, 0x25, 0x7a,
  0x25, 0x86, 0x25, 0x7a, 0x25, 0x86, 0x25, 0x7a, 0x24, 0x86, 0x24, 0x7a,
  0x24, 0x85, 0x24, 0x7a, 0x23, 0x85, 0x23, 0x7a, 0x22, 0x85, 0x23, 0x7a,
  0x24, 0x86, 0x24, 0x7a, 0x22, 0x86, 0x1f, 0x7a, 0x1d, 0x86, 0x1a, 0x7a,
  0x1c, 0x86, 0x1e, 0x7a, 0x22, 0x86, 0x27, 0x7a, 0x2c, 0x85, 0x31, 0x7b,
  0x35, 0x85, 0x36, 0x7b, 0x37, 0x84, 0x36, 0x7b, 0x33, 0x84, 0x30, 0x7b,
  0x2b, 0x85, 0x26, 0x7a, 0x20, 0x85, 0x1c, 0x79, 0x1b, 0x85, 0x1c, 0x7a,
  0x1e, 0x85, 0x21, 0x7a, 0x21, 0x85, 0x20, 0x7a, 0x20, 0x85, 0x20, 0x7a,
  0x20, 0x85, 0x20, 0x7a, 0x20, 0x85, 0x20, 0x7a, 0x20, 0x85, 0x20, 0x7a,
  0x20, 0x85, 0x20, 0x7a, 0x20, 0x85, 0x20, 0x7a, 0x20, 0x85, 0x20, 0x7a,
  0x20, 0x84, 0x20, 0x7a, 0x20, 0x85, 0x20, 0x7a, 0x20, 0x85, 0x20, 0x7a,
  0x20, 0x85, 0x20, 0x7a, 0x20, 0x85, 0x20, 0x7a, 0x20, 0x85, 0x20, 0x7a,
  0x1f, 0x85, 0x1f, 0x7a, 0x1f, 0x85, 0x1f, 0x7a, 0x1e, 0x85, 0x1e, 0x7a,
  0x1f, 0x84, 0x1f, 0x7a, 0x1f, 0x84, 0x1f, 0x7a, 0x20, 0x85, 0x20, 0x7a,
  0x20, 0x85, 0x20, 0x7a, 0x20, 0x85, 0x20, 0x7a, 0x1f, 0x85, 0x20, 0x7a,
  0x20, 0x85, 0x20, 0x7a, 0x20, 0x85, 0x21, 0x7a, 0x20, 0x85, 0x20, 0x7a,
  0x21, 0x85, 0x20, 0x7a, 0x21, 0x85, 0x20, 0x7a, 0x20, 0x85, 0x20, 0x7a,
  0x20, 0x85, 0x20, 0x7a, 0x20, 0x85, 0x20, 0x7a, 0x21, 0x85, 0x21, 0x7a,
  0x1c, 0x84, 0x18, 0x7a, 0x1e, 0x86, 0x32, 0x79, 0x4b, 0x8c, 0x5e, 0x74,
  0x6a, 0x8d, 0x6b, 0x74, 0x68, 0x8a, 0x62, 0x76, 0x5b, 0x87, 0x56, 0x78,
  0x52, 0x85, 0x4e, 0x7a, 0x4a, 0x84, 0x46, 0x7b, 0x44, 0x85, 0x42, 0x7b,
  0x43, 0x85, 0x46, 0x7a, 0x4b, 0x87, 0x52, 0x79, 0x5d, 0x89, 0x68, 0x77,
  0x72, 0x8c, 0x7a, 0x74, 0x79, 0x8d, 0x70, 0x73, 0x5e, 0x8a, 0x43, 0x76,
  0x2b, 0x86, 0x1c, 0x79, 0x1a, 0x85, 0x20, 0x7a, 0x25, 0x86, 0x25, 0x79,
  0x24, 0x86, 0x24, 0x7a, 0x25, 0x85, 0x23, 0x79, 0x1e, 0x85, 0x1e, 0x7a,
  0x1d, 0x86, 0x1b, 0x7a, 0x21, 0x86, 0x25, 0x7a, 0x27, 0x87, 0x26, 0x79,
  0x26, 0x87, 0x27, 0x79, 0x27, 0x87, 0x27, 0x79, 0x27, 0x87, 0x27, 0x79,
  0x27, 0x87, 0x28, 0x79, 0x28, 0x87, 0x28, 0x79, 0x29, 0x87, 0x29, 0x79,
  0x29, 0x87, 0x2a, 0x78, 0x2c, 0x88, 0x2c, 0x78, 0x2c, 0x88, 0x2b, 0x78,
  0x2b, 0x88, 0x2c, 0x77, 0x2d, 0x88, 0x2e, 0x77, 0x2f, 0x88, 0x2f, 0x77,
  0x30, 0x89, 0x31, 0x76, 0x32, 0x8a, 0x33, 0x76, 0x33, 0x8a, 0x33, 0x75,
  0x34, 0x8b, 0x35, 0x74, 0x35, 0x8b, 0x35, 0x73, 0x36, 0x8c, 0x37, 0x73,
  0x37, 0x8d, 0x38, 0x72, 0x38, 0x8d, 0x39, 0x72, 0x39, 0x8d, 0x3c, 0x71,
  0x39, 0x8e, 0x32, 0x6f, 0x3e, 0x90, 0x5f, 0x6e, 0x80, 0x80, 0x8b, 0x7e,
  0x83, 0x5e, 0x70, 0x9a, 0x69, 0x4f, 0x67, 0xa5, 0x5d, 0x5b, 0x4e, 0x9e,
  0x41, 0x6a, 0x30, 0x90, 0x3d, 0x72, 0x72, 0x8c, 0x80, 0x72, 0x86, 0x8e,
  0x86, 0x73, 0x83, 0x8e, 0x80, 0x77, 0x7d, 0x89, 0x7a, 0x7c, 0x76, 0x85,
  0x74, 0x81, 0x71, 0x81, 0x70, 0x84, 0x6f, 0x7f, 0x6e, 0x85, 0x6d, 0x7d,
  0x6d, 0x86, 0x6d, 0x7c, 0x6e, 0x86, 0x6e, 0x7c, 0x6f, 0x86, 0x6f, 0x7c,
  0x6f, 0x86, 0x70, 0x7b, 0x71, 0x86, 0x71, 0x7c, 0x71, 0x86, 0x71, 0x7b,
  0x71, 0x86, 0x70, 0x7b, 0x6f, 0x86, 0x6f, 0x7c, 0x6f, 0x85, 0x6f, 0x7d,
  0x70, 0x85, 0x70, 0x7d, 0x72, 0x83, 0x73, 0x7f, 0x75, 0x80, 0x77, 0x83,
  0x7a, 0x7a, 0x7e, 0x87, 0x82, 0x74, 0x86, 0x8c, 0x8a, 0x6e, 0x8c, 0x90,
  0x87, 0x6e, 0x79, 0x90, 0x5b, 0x6e, 0x33, 0x8f, 0x42, 0x60, 0x58, 0x97,
  0x65, 0x53, 0x6c, 0xa2, 0x70, 0x51, 0x79, 0xa3, 0x90, 0x63, 0xa2, 0x95,
  0x99, 0x83, 0x77, 0x7b, 0x4c, 0x90, 0x31, 0x6e, 0x34, 0x8d, 0x39, 0x72,
  0x37, 0x8c, 0x37, 0x72, 0x37, 0x8c, 0x37, 0x73, 0x37, 0x8b, 0x37, 0x73,
  0x36, 0x8b, 0x35, 0x74, 0x34, 0x8a, 0x33, 0x75, 0x33, 0x89, 0x32, 0x76,
  0x31, 0x89, 0x31, 0x76, 0x30, 0x89, 0x2f, 0x77, 0x2f, 0x88, 0x2e, 0x77,
  0x2d, 0x88, 0x2e, 0x77, 0x2d, 0x88, 0x2d, 0x78, 0x2d, 0x88, 0x2c, 0x78,
  0x2b, 0x88, 0x2b, 0x79, 0x2b, 0x87, 0x2a, 0x78, 0x2a, 0x87, 0x2a, 0x79,
  0x2a, 0x87, 0x2a, 0x79, 0x29, 0x87, 0x29, 0x79, 0x28, 0x87, 0x28, 0x79,
  0x28, 0x87, 0x27, 0x79, 0x27, 0x86, 0x27, 0x79, 0x26, 0x86, 0x26, 0x79,
  0x26, 0x87, 0x26, 0x79, 0x26, 0x86, 0x26, 0x79, 0x26, 0x86, 0x27, 0x79,
  0x25, 0x86, 0x25, 0x79, 0x25, 0x86, 0x25, 0x7a, 0x24, 0x86, 0x25, 0x7a,
  0x25, 0x86, 0x24, 0x79, 0x24, 0x85, 0x24, 0x7a, 0x25, 0x85, 0x25, 0x7a,
  0x22, 0x85, 0x1e, 0x7a, 0x1b, 0x86, 0x1c, 0x79, 0x23, 0x85, 0x2f, 0x7a,
  0x3e, 0x83, 0x4f, 0x7c, 0x5b, 0x81, 0x63, 0x7e, 0x68, 0x81, 0x6a, 0x7e,
  0x67, 0x81, 0x63, 0x7e, 0x61, 0x81, 0x5f, 0x7e, 0x5e, 0x81, 0x5d, 0x7d,
  0x5e, 0x82, 0x5e, 0x7d, 0x5e, 0x82, 0x5c, 0x7d, 0x55, 0x83, 0x4c, 0x7c,
  0x40, 0x84, 0x33, 0x7b, 0x26, 0x85, 0x1e, 0x7a, 0x1b, 0x85, 0x1e, 0x7a,
  0x21, 0x85, 0x20, 0x7a, 0x1f, 0x84, 0x20, 0x7a, 0x20, 0x85, 0x20, 0x7a,
  0x20, 0x85, 0x20, 0x7a, 0x20, 0x85, 0x20, 0x7a, 0x20, 0x84, 0x20, 0x7a,
  0x20, 0x85, 0x20, 0x7a, 0x20, 0x84, 0x20, 0x7a, 0x20, 0x85, 0x20, 0x7a,
  0x20, 0x85, 0x20, 0x7a, 0x20, 0x85, 0x20, 0x7a, 0x1f, 0x85, 0x1f, 0x7a,
  0x20, 0x85, 0x20, 0x7a, 0x20, 0x85, 0x1f, 0x7a, 0x1f, 0x84, 0x1f, 0x7a,
  0x1e, 0x85, 0x1e, 0x7a, 0x1f, 0x85, 0x1f, 0x7b, 0x20, 0x85, 0x20, 0x7a,
  0x20, 0x85, 0x20, 0x7a, 0x1f, 0x85, 0x20, 0x7a, 0x20, 0x85, 0x20, 0x7a,
  0x20, 0x85, 0x20, 0x7a, 0x20, 0x85, 0x21, 0x7a, 0x20, 0x85, 0x21, 0x7a,
  0x20, 0x85, 0x21, 0x7a, 0x20, 0x85, 0x20, 0x7a, 0x21, 0x85, 0x20, 0x7a,
  0x20, 0x85, 0x20, 0x7a, 0x20, 0x85, 0x20, 0x7a, 0x20, 0x85, 0x22, 0x7a,
  0x1d, 0x84, 0x1a, 0x7b, 0x2e, 0x8a, 0x4f, 0x76, 0x68, 0x8d, 0x6e, 0x73,
  0x67, 0x88, 0x5b, 0x78, 0x51, 0x83, 0x4a, 0x7c, 0x47, 0x82, 0x48, 0x7d,
  0x49, 0x82, 0x49, 0x7d, 0x49, 0x82, 0x48, 0x7c, 0x44, 0x83, 0x41, 0x7c,
  0x3e, 0x83, 0x3a, 0x7b, 0x39, 0x83, 0x37, 0x7b, 0x36, 0x82, 0x34, 0x7c,
  0x31, 0x82, 0x2f, 0x7c, 0x30, 0x83, 0x35, 0x7c, 0x40, 0x85, 0x50, 0x7a,
  0x66, 0x89, 0x79, 0x76, 0x7e, 0x8c, 0x6f, 0x74, 0x52, 0x89, 0x33, 0x77,
  0x1f, 0x86, 0x1c, 0x7a, 0x23, 0x85, 0x25, 0x7a, 0x21, 0x86, 0x28, 0x7a,
  0x44, 0x89, 0x62, 0x78, 0x6f, 0x8a, 0x58, 0x76, 0x36, 0x87, 0x27, 0x79,
  0x23, 0x86, 0x24, 0x7a, 0x27, 0x86, 0x27, 0x7a, 0x27, 0x87, 0x27, 0x7a,
  0x27, 0x86, 0x28, 0x79, 0x28, 0x87, 0x28, 0x79, 0x28, 0x87, 0x29, 0x79,
  0x28, 0x87, 0x29, 0x79, 0x2b, 0x87, 0x26, 0x78, 0x23, 0x87, 0x23, 0x79,
  0x21, 0x87, 0x26, 0x78, 0x2c, 0x88, 0x2f, 0x77, 0x2f, 0x88, 0x2e, 0x77,
  0x2f, 0x89, 0x30, 0x77, 0x31, 0x89, 0x31, 0x76, 0x31, 0x89, 0x32, 0x76,
  0x33, 0x8a, 0x33, 0x75, 0x33, 0x8b, 0x34, 0x75, 0x35, 0x8b, 0x35, 0x74,
  0x35, 0x8b, 0x36, 0x73, 0x36, 0x8c, 0x37, 0x73, 0x37, 0x8c, 0x37, 0x73,
  0x3a, 0x8d, 0x31, 0x71, 0x3a, 0x8e, 0x70, 0x70, 0xa2, 0x73, 0xac, 0x87,
  0x9f, 0x52, 0x8e, 0xa0, 0x84, 0x4c, 0x87, 0xa4, 0x8a, 0x51, 0x8a, 0xa1,
  0x84, 0x48, 0x7e, 0xa6, 0x76, 0x4e, 0x6e, 0xa5, 0x5e, 0x58, 0x53, 0x9f,
  0x53, 0x6a, 0x5d, 0x93, 0x70, 0x75, 0x7d, 0x8b, 0x80, 0x77, 0x7c, 0x8a,
  0x77, 0x7b, 0x73, 0x86, 0x71, 0x80, 0x6e, 0x83, 0x6c, 0x83, 0x6a, 0x80,
  0x69, 0x85, 0x69, 0x7d, 0x68, 0x86, 0x68, 0x7d, 0x68, 0x86, 0x68, 0x7c,
  0x68, 0x86, 0x69, 0x7c, 0x6a, 0x86, 0x6a, 0x7c, 0x6b, 0x86, 0x6b, 0x7c,
  0x6a, 0x86, 0x69, 0x7c, 0x69, 0x86, 0x69, 0x7c, 0x69, 0x86, 0x68, 0x7c,
  0x68, 0x86, 0x69, 0x7d, 0x6a, 0x85, 0x6b, 0x7e, 0x6c, 0x83, 0x6e, 0x81,
  0x71, 0x7e, 0x75, 0x84, 0x78, 0x78, 0x7c, 0x89, 0x81, 0x73, 0x84, 0x8d,
  0x7c, 0x6f, 0x6d, 0x90, 0x5d, 0x61, 0x53, 0x98, 0x5b, 0x53, 0x6d, 0xa2,
  0x7a, 0x49, 0x84, 0xa6, 0x8c, 0x46, 0x8f, 0xa6, 0x92, 0x51, 0x94, 0xa0,
  0x94, 0x49, 0x99, 0xa3, 0xa7, 0x52, 0xb7, 0x9e, 0xb9, 0x76, 0x90, 0x83,
  0x4a, 0x8f, 0x2c, 0x70, 0x36, 0x8b, 0x36, 0x74, 0x36, 0x8b, 0x37, 0x74,
  0x36, 0x8b, 0x36, 0x74, 0x35, 0x8a, 0x34, 0x75, 0x34, 0x89, 0x33, 0x75,
  0x33, 0x89, 0x32, 0x76, 0x31, 0x89, 0x31, 0x76, 0x30, 0x89, 0x30, 0x77,
  0x2f, 0x88, 0x2e, 0x77, 0x2e, 0x88, 0x2e, 0x77, 0x2d, 0x88, 0x2d, 0x78,
  0x2e, 0x87, 0x2d, 0x78, 0x2a, 0x87, 0x26, 0x79, 0x28, 0x87, 0x2b, 0x79,
  0x2b, 0x86, 0x2a, 0x79, 0x2a, 0x87, 0x2a, 0x79, 0x2a, 0x87, 0x29, 0x79,
  0x28, 0x86, 0x28, 0x79, 0x27, 0x86, 0x28, 0x7a, 0x27, 0x86, 0x27, 0x7a,
  0x27, 0x86, 0x26, 0x7a, 0x26, 0x86, 0x27, 0x7a, 0x26, 0x86, 0x24, 0x7a,
  0x21, 0x86, 0x22, 0x7a, 0x25, 0x86, 0x26, 0x7a, 0x26, 0x86, 0x25, 0x7a,
  0x25, 0x86, 0x25, 0x7a, 0x25, 0x86, 0x26, 0x7a, 0x26, 0x86, 0x22, 0x7a,
  0x1d, 0x86, 0x1c, 0x7a, 0x25, 0x85, 0x37, 0x7b, 0x4e, 0x82, 0x63, 0x7d,
  0x6f, 0x80, 0x6e, 0x7f, 0x67, 0x80, 0x5f, 0x7f, 0x56, 0x81, 0x4e, 0x7d,
  0x48, 0x82, 0x45, 0x7d, 0x43, 0x83, 0x41, 0x7c, 0x41, 0x83, 0x42, 0x7c,
  0x43, 0x83, 0x45, 0x7c, 0x48, 0x82, 0x49, 0x7c, 0x4b, 0x82, 0x4e, 0x7c,
  0x50, 0x82, 0x51, 0x7d, 0x54, 0x82, 0x57, 0x7d, 0x54, 0x83, 0x49, 0x7d,
  0x38, 0x85, 0x27, 0x7b, 0x1d, 0x85, 0x1e, 0x7a, 0x20, 0x85, 0x1f, 0x7b,
  0x20, 0x85, 0x20, 0x7b, 0x20, 0x85, 0x20, 0x7b, 0x20, 0x85, 0x20, 0x7a,
  0x20, 0x85, 0x20, 0x7b, 0x20, 0x85, 0x20, 0x7b, 0x20, 0x85, 0x20, 0x7b,
  0x20, 0x85, 0x20, 0x7b, 0x20, 0x85, 0x20, 0x7b, 0x20, 0x85, 0x20, 0x7a,
  0x20, 0x85, 0x20, 0x7b, 0x20, 0x85, 0x20, 0x7b, 0x1f, 0x85, 0x1f, 0x7b,
  0x1f, 0x85, 0x1f, 0x7b, 0x1f, 0x85, 0x1f, 0x7a, 0x1f, 0x85, 0x20, 0x7a,
  0x1f, 0x84, 0x20, 0x7a, 0x20, 0x85, 0x20, 0x7a, 0x20, 0x85, 0x20, 0x7a,
  0x20, 0x85, 0x20, 0x7a, 0x20, 0x85, 0x20, 0x7a, 0x20, 0x85, 0x20, 0x7a,
  0x20, 0x85, 0x20, 0x7a, 0x20, 0x85, 0x20, 0x7a, 0x20, 0x85, 0x20, 0x7a,
  0x20, 0x85, 0x21, 0x7a, 0x20, 0x85, 0x20, 0x7a, 0x1f, 0x85, 0x21, 0x7a,
  0x1f, 0x84, 0x18, 0x7b, 0x2f, 0x8b, 0x5b, 0x76, 0x70, 0x8d, 0x66, 0x74,
  0x55, 0x83, 0x4d, 0x7b, 0x4e, 0x81, 0x50, 0x7d, 0x51, 0x82, 0x4e, 0x7c,
  0x49, 0x82, 0x44, 0x7c, 0x3f, 0x82, 0x3a, 0x7c, 0x37, 0x82, 0x34, 0x7b,
  0x33, 0x82, 0x31, 0x7c, 0x31, 0x82, 0x30, 0x7c, 0x30, 0x82, 0x30, 0x7c,
  0x31, 0x83, 0x31, 0x7c, 0x31, 0x82, 0x31, 0x7b, 0x30, 0x83, 0x30, 0x7b,
  0x2f, 0x82, 0x2d, 0x7c, 0x2e, 0x82, 0x34, 0x7c, 0x42, 0x85, 0x58, 0x7a,
  0x71, 0x8a, 0x81, 0x75, 0x74, 0x8a, 0x50, 0x75, 0x2a, 0x86, 0x1e, 0x79,
  0x30, 0x87, 0x53, 0x79, 0x67, 0x85, 0x71, 0x7a, 0x76, 0x85, 0x69, 0x79,
  0x44, 0x85, 0x27, 0x78, 0x31, 0x87, 0x2d, 0x79, 0x24, 0x86, 0x29, 0x79,
  0x29, 0x86, 0x29, 0x79, 0x29, 0x87, 0x28, 0x79, 0x28, 0x87, 0x29, 0x79,
  0x28, 0x87, 0x28, 0x79, 0x29, 0x86, 0x26, 0x79, 0x23, 0x88, 0x3e, 0x77,
  0x5d, 0x8b, 0x67, 0x74, 0x5b, 0x8a, 0x3f, 0x74, 0x2b, 0x88, 0x24, 0x77,
  0x29, 0x88, 0x2f, 0x78, 0x30, 0x89, 0x30, 0x77, 0x30, 0x89, 0x30, 0x76,
  0x31, 0x89, 0x31, 0x76, 0x32, 0x8a, 0x32, 0x75, 0x33, 0x8a, 0x33, 0x75,
  0x34, 0x8a, 0x34, 0x74, 0x35, 0x8b, 0x35, 0x74, 0x34, 0x8b, 0x35, 0x73,
  0x34, 0x8b, 0x37, 0x73, 0x2e, 0x8e, 0x5a, 0x71, 0xa6, 0x6c, 0xb2, 0x8b,
  0xa0, 0x47, 0x96, 0xa5, 0x8e, 0x49, 0x91, 0xa4, 0xa3, 0x59, 0xa3, 0x9a,
  0x9b, 0x46, 0x97, 0xa4, 0x94, 0x43, 0x90, 0xa6, 0x8a, 0x47, 0x82, 0xa6,
  0x79, 0x4e, 0x6f, 0xa5, 0x66, 0x54, 0x5d, 0xa1, 0x58, 0x61, 0x5a, 0x99,
  0x65, 0x77, 0x6f, 0x8a, 0x71, 0x7c, 0x6e, 0x86, 0x6c, 0x7e, 0x69, 0x84,
  0x66, 0x83, 0x64, 0x80, 0x63, 0x85, 0x63, 0x7e, 0x64, 0x85, 0x63, 0x7d,
  0x62, 0x86, 0x63, 0x7b, 0x63, 0x86, 0x63, 0x7c, 0x63, 0x86, 0x63, 0x7c,
  0x63, 0x86, 0x63, 0x7c, 0x64, 0x86, 0x64, 0x7c, 0x63, 0x86, 0x63, 0x7c,
  0x62, 0x86, 0x62, 0x7d, 0x62, 0x85, 0x63, 0x7d, 0x64, 0x84, 0x65, 0x7e,
  0x67, 0x81, 0x69, 0x82, 0x6c, 0x7c, 0x70, 0x86, 0x74, 0x78, 0x76, 0x89,
  0x6e, 0x71, 0x5f, 0x8e, 0x57, 0x5b, 0x5d, 0x9d, 0x6b, 0x4e, 0x75, 0xa5,
  0x7c, 0x49, 0x86, 0xa7, 0x8e, 0x43, 0x95, 0xa7, 0x9a, 0x41, 0x9e, 0xa6,
  0xa1, 0x46, 0xa6, 0xa3, 0xad, 0x57, 0xa8, 0x9a, 0x9f, 0x45, 0xa3, 0xa3,
  0xaa, 0x47, 0xb6, 0xa2, 0xb5, 0x75, 0x74, 0x84, 0x2e, 0x8f, 0x35, 0x71,
  0x34, 0x8a, 0x34, 0x75, 0x35, 0x8a, 0x34, 0x74, 0x34, 0x8a, 0x34, 0x75,
  0x34, 0x8a, 0x33, 0x75, 0x33, 0x8a, 0x32, 0x76, 0x31, 0x89, 0x31, 0x76,
  0x30, 0x89, 0x2f, 0x77, 0x2f, 0x88, 0x2e, 0x77, 0x2f, 0x88, 0x30, 0x77,
  0x2c, 0x87, 0x28, 0x78, 0x25, 0x87, 0x27, 0x78, 0x32, 0x88, 0x3e, 0x77,
  0x3a, 0x88, 0x28, 0x78, 0x26, 0x86, 0x2b, 0x79, 0x2a, 0x87, 0x2a, 0x79,
  0x2a, 0x87, 0x29, 0x79, 0x28, 0x87, 0x28, 0x79, 0x28, 0x86, 0x28, 0x79,
  0x27, 0x86, 0x27, 0x79, 0x29, 0x86, 0x28, 0x79, 0x27, 0x86, 0x26, 0x79,
  0x24, 0x87, 0x2c, 0x78, 0x3c, 0x87, 0x39, 0x79, 0x26, 0x86, 0x20, 0x7a,
  0x25, 0x86, 0x25, 0x79, 0x26, 0x86, 0x25, 0x7a, 0x21, 0x85, 0x1b, 0x7a,
  0x1d, 0x86, 0x2b, 0x79, 0x46, 0x83, 0x62, 0x7c, 0x72, 0x80, 0x72, 0x7e,
  0x67, 0x80, 0x56, 0x7e, 0x47, 0x82, 0x3e, 0x7c, 0x3b, 0x83, 0x3b, 0x7b,
  0x3d, 0x83, 0x3f, 0x7b, 0x40, 0x83, 0x40, 0x7b, 0x41, 0x83, 0x41, 0x7c,
  0x41, 0x83, 0x42, 0x7c, 0x43, 0x83, 0x44, 0x7c, 0x46, 0x83, 0x47, 0x7c,
  0x49, 0x83, 0x4a, 0x7c, 0x4d, 0x82, 0x4e, 0x7c, 0x50, 0x81, 0x51, 0x7c,
  0x51, 0x81, 0x51, 0x7d, 0x51, 0x83, 0x4e, 0x7c, 0x3f, 0x85, 0x27, 0x7a,
  0x1c, 0x85, 0x1f, 0x7a, 0x20, 0x85, 0x1f, 0x7a, 0x20, 0x84, 0x20, 0x7a,
  0x20, 0x85, 0x20, 0x7a, 0x20, 0x85, 0x20, 0x7a, 0x20, 0x85, 0x1f, 0x7a,
  0x20, 0x85, 0x20, 0x7a, 0x1f, 0x85, 0x20, 0x7a, 0x20, 0x85, 0x20, 0x7a,
  0x20, 0x85, 0x20, 0x7a, 0x1f, 0x85, 0x20, 0x7a, 0x20, 0x85, 0x20, 0x7a,
  0x20, 0x85, 0x1f, 0x7a, 0x1f, 0x85, 0x1f, 0x7a, 0x1f, 0x84, 0x1f, 0x7a,
  0x1f, 0x85, 0x1f, 0x7a, 0x1f, 0x85, 0x1f, 0x7a, 0x20, 0x85, 0x20, 0x7a,
  0x1f, 0x85, 0x20, 0x7a, 0x20, 0x85, 0x20, 0x7a, 0x20, 0x85, 0x20, 0x7a,
  0x20, 0x85, 0x20, 0x7a, 0x20, 0x85, 0x20, 0x7a, 0x21, 0x85, 0x20, 0x7a,
  0x20, 0x85, 0x20, 0x7a, 0x20, 0x85, 0x20, 0x7a, 0x20, 0x85, 0x20, 0x7a,
  0x21, 0x84, 0x1c, 0x7b, 0x20, 0x8a, 0x51, 0x76, 0x6e, 0x8d, 0x60, 0x73,
  0x51, 0x83, 0x4f, 0x7c, 0x52, 0x81, 0x52, 0x7d, 0x4c, 0x82, 0x43, 0x7c,
  0x3b, 0x82, 0x34, 0x7c, 0x2f, 0x82, 0x2c, 0x7c, 0x29, 0x82, 0x27, 0x7c,
  0x25, 0x82, 0x24, 0x7c, 0x23, 0x81, 0x24, 0x7c, 0x24, 0x81, 0x25, 0x7c,
  0x25, 0x82, 0x25, 0x7c, 0x26, 0x82, 0x27, 0x7c, 0x28, 0x83, 0x2a, 0x7c,
  0x2b, 0x83, 0x2d, 0x7c, 0x2d, 0x83, 0x2d, 0x7b, 0x2e, 0x82, 0x2f, 0x7c,
  0x2e, 0x82, 0x2e, 0x7c, 0x31, 0x83, 0x42, 0x7c, 0x61, 0x89, 0x7f, 0x77,
  0x81, 0x8b, 0x47, 0x75, 0x3c, 0x84, 0x45, 0x7b, 0x50, 0x83, 0x5b, 0x7c,
  0x27, 0x7f, 0x10, 0x7e, 0x36, 0x83, 0x5e, 0x7c, 0x80, 0x8b, 0x7b, 0x75,
  0x4b, 0x86, 0x20, 0x78, 0x24, 0x86, 0x23, 0x7a, 0x23, 0x87, 0x28, 0x79,
  0x29, 0x87, 0x29, 0x79, 0x29, 0x86, 0x29, 0x79, 0x21, 0x87, 0x2e, 0x78,
  0x5e, 0x8b, 0x7e, 0x75, 0x79, 0x86, 0x77, 0x7a, 0x81, 0x8a, 0x8b, 0x75,
  0x83, 0x8c, 0x66, 0x72, 0x44, 0x89, 0x2c, 0x76, 0x26, 0x89, 0x2a, 0x77,
  0x2f, 0x89, 0x31, 0x76, 0x31, 0x89, 0x31, 0x76, 0x31, 0x8a, 0x32, 0x76,
  0x33, 0x8a, 0x33, 0x75, 0x33, 0x8a, 0x33, 0x74, 0x33, 0x8a, 0x33, 0x74,
  0x32, 0x8a, 0x33, 0x75, 0x35, 0x8e, 0x2a, 0x72, 0x63, 0x79, 0xb7, 0x82,
  0xaa, 0x46, 0xa0, 0xa2, 0xa2, 0x44, 0x9b, 0xa4, 0x9c, 0x5b, 0xb1, 0x98,
  0xad, 0x4c, 0xa4, 0x9e, 0xa1, 0x40, 0xa0, 0xa6, 0x9d, 0x42, 0x9a, 0xa6,
  0x94, 0x45, 0x8c, 0xa6, 0x85, 0x4a, 0x87, 0xa5, 0x89, 0x47, 0x86, 0xa6,
  0x7e, 0x4c, 0x69, 0xa6, 0x52, 0x62, 0x4b, 0x99, 0x55, 0x7a, 0x60, 0x87,
  0x64, 0x82, 0x62, 0x82, 0x60, 0x82, 0x5f, 0x81, 0x5e, 0x85, 0x5d, 0x7e,
  0x5c, 0x86, 0x5b, 0x7d, 0x5b, 0x86, 0x5c, 0x7c, 0x5d, 0x86, 0x5d, 0x7c,
  0x5d, 0x87, 0x5d, 0x7c, 0x5e, 0x86, 0x5d, 0x7b, 0x5e, 0x86, 0x5d, 0x7b,
  0x5d, 0x86, 0x5d, 0x7c, 0x5d, 0x86, 0x5d, 0x7c, 0x5c, 0x85, 0x5c, 0x7d,
  0x5c, 0x84, 0x5e, 0x7f, 0x61, 0x81, 0x65, 0x82, 0x69, 0x7e, 0x68, 0x84,
  0x60, 0x74, 0x51, 0x8c, 0x4e, 0x5c, 0x5d, 0x9c, 0x73, 0x4a, 0x83, 0xa5,
  0x8c, 0x46, 0x90, 0xa6, 0x90, 0x45, 0x91, 0xa6, 0x97, 0x41, 0x9e, 0xa7,
  0xa2, 0x42, 0xa6, 0xa4, 0xa9, 0x3f, 0xab, 0xa4, 0xad, 0x4f, 0xb6, 0x9c,
  0xb4, 0x52, 0xa3, 0x9b, 0xa8, 0x41, 0xab, 0xa3, 0xae, 0x4f, 0xc1, 0x9c,
  0x80, 0x85, 0x2a, 0x78, 0x33, 0x8b, 0x32, 0x74, 0x32, 0x89, 0x32, 0x75,
  0x32, 0x8a, 0x33, 0x75, 0x33, 0x8a, 0x33, 0x76, 0x33, 0x8a, 0x32, 0x76,
  0x31, 0x89, 0x30, 0x77, 0x30, 0x89, 0x31, 0x76, 0x30, 0x88, 0x2c, 0x77,
  0x27, 0x88, 0x27, 0x78, 0x30, 0x89, 0x43, 0x77, 0x5e, 0x8a, 0x75, 0x75,
  0x81, 0x89, 0x80, 0x77, 0x7e, 0x87, 0x6c, 0x7a, 0x3a, 0x87, 0x23, 0x79,
  0x2a, 0x87, 0x2b, 0x79, 0x2a, 0x87, 0x29, 0x79, 0x28, 0x87, 0x29, 0x79,
  0x29, 0x86, 0x29, 0x79, 0x29, 0x86, 0x28, 0x79, 0x21, 0x86, 0x22, 0x79,
  0x22, 0x86, 0x26, 0x79, 0x4e, 0x88, 0x7a, 0x78, 0x8f, 0x82, 0x84, 0x7d,
  0x6c, 0x82, 0x45, 0x7d, 0x24, 0x85, 0x22, 0x7a, 0x1f, 0x86, 0x1e, 0x7a,
  0x2d, 0x86, 0x4c, 0x7a, 0x69, 0x82, 0x77, 0x7d, 0x71, 0x81, 0x5d, 0x7e,
  0x48, 0x82, 0x3b, 0x7c, 0x36, 0x84, 0x37, 0x7b, 0x3a, 0x83, 0x3c, 0x7c,
  0x3d, 0x83, 0x3b, 0x7c, 0x37, 0x83, 0x34, 0x7c, 0x31, 0x83, 0x2f, 0x7c,
  0x2d, 0x82, 0x2d, 0x7c, 0x2d, 0x82, 0x2c, 0x7c, 0x2d, 0x82, 0x2d, 0x7c,
  0x2e, 0x83, 0x2f, 0x7c, 0x32, 0x83, 0x35, 0x7b, 0x38, 0x83, 0x3d, 0x7b,
  0x42, 0x83, 0x48, 0x7c, 0x4f, 0x82, 0x55, 0x7d, 0x53, 0x82, 0x4d, 0x7d,
  0x4c, 0x83, 0x48, 0x7c, 0x36, 0x85, 0x20, 0x7a, 0x1d, 0x84, 0x20, 0x7a,
  0x1f, 0x85, 0x20, 0x7a, 0x1f, 0x85, 0x20, 0x7a, 0x20, 0x84, 0x20, 0x7a,
  0x20, 0x84, 0x20, 0x7a, 0x20, 0x85, 0x20, 0x7a, 0x20, 0x85, 0x1f, 0x7a,
  0x20, 0x85, 0x20, 0x7a, 0x20, 0x84, 0x20, 0x7a, 0x20, 0x84, 0x20, 0x7a,
  0x20, 0x85, 0x20, 0x7a, 0x20, 0x85, 0x1f, 0x7a, 0x1f, 0x85, 0x1f, 0x7a,
  0x1f, 0x85, 0x1f, 0x7a, 0x20, 0x84, 0x1f, 0x7a, 0x1f, 0x84, 0x1f, 0x7a,
  0x20, 0x85, 0x1f, 0x7a, 0x20, 0x85, 0x20, 0x7a, 0x20, 0x84, 0x20, 0x7a,
  0x20, 0x84, 0x20, 0x7a, 0x20, 0x85, 0x20, 0x7a, 0x20, 0x85, 0x20, 0x7a,
  0x20, 0x85, 0x20, 0x7a, 0x20, 0x85, 0x20, 0x7a, 0x20, 0x85, 0x20, 0x7a,
  0x20, 0x84, 0x21, 0x7a, 0x1c, 0x87, 0x29, 0x78, 0x68, 0x8f, 0x68, 0x71,
  0x4f, 0x84, 0x52, 0x7b, 0x55, 0x82, 0x4c, 0x7c, 0x42, 0x82, 0x39, 0x7c,
  0x30, 0x82, 0x2a, 0x7c, 0x26, 0x81, 0x23, 0x7c, 0x22, 0x81, 0x20, 0x7d,
  0x1f, 0x80, 0x1e, 0x7d, 0x1e, 0x81, 0x1e, 0x7d, 0x1d, 0x80, 0x1d, 0x7d,
  0x1d, 0x80, 0x1d, 0x7d, 0x1d, 0x80, 0x1d, 0x7d, 0x1d, 0x80, 0x1e, 0x7d,
  0x1f, 0x81, 0x20, 0x7c, 0x23, 0x82, 0x25, 0x7c, 0x28, 0x83, 0x2a, 0x7b,
  0x2c, 0x83, 0x2b, 0x7b, 0x2b, 0x83, 0x2c, 0x7b, 0x2d, 0x82, 0x2f, 0x7c,
  0x2e, 0x83, 0x31, 0x7b, 0x42, 0x85, 0x34, 0x7a, 0x31, 0x83, 0x3a, 0x7b,
  0x30, 0x82, 0x3e, 0x7c, 0x49, 0x83, 0x52, 0x7c, 0x6d, 0x84, 0x65, 0x7b,
  0x35, 0x80, 0x21, 0x7d, 0x2d, 0x83, 0x4b, 0x7b, 0x6e, 0x8b, 0x71, 0x75,
  0x48, 0x88, 0x26, 0x78, 0x21, 0x86, 0x22, 0x7a, 0x24, 0x87, 0x28, 0x79,
  0x4e, 0x8a, 0x75, 0x75, 0x73, 0x85, 0x65, 0x7a, 0x66, 0x84, 0x67, 0x7b,
  0x65, 0x84, 0x66, 0x7c, 0x71, 0x87, 0x81, 0x78, 0x86, 0x8b, 0x81, 0x74,
  0x65, 0x8b, 0x45, 0x73, 0x2f, 0x89, 0x27, 0x76, 0x2b, 0x89, 0x30, 0x76,
  0x33, 0x89, 0x32, 0x75, 0x31, 0x8a, 0x31, 0x75, 0x31, 0x8a, 0x30, 0x75,
  0x30, 0x8a, 0x30, 0x75, 0x30, 0x89, 0x31, 0x75, 0x2c, 0x8b, 0x49, 0x74,
  0xaa, 0x59, 0xa0, 0x97, 0xa2, 0x42, 0xa4, 0xa4, 0x9b, 0x4e, 0x9b, 0x9f,
  0xb4, 0x56, 0xab, 0x98, 0xa7, 0x40, 0xaa, 0xa4, 0xa8, 0x43, 0xa5, 0xa3,
  0xa1, 0x41, 0x9c, 0xa5, 0x96, 0x46, 0x93, 0xa5, 0x97, 0x45, 0x9a, 0xa4,
  0x98, 0x41, 0x93, 0xa6, 0x8b, 0x48, 0x7d, 0xa6, 0x6a, 0x55, 0x55, 0xa1,
  0x45, 0x65, 0x3f, 0x95, 0x46, 0x7a, 0x50, 0x86, 0x57, 0x84, 0x5a, 0x7f,
  0x59, 0x85, 0x58, 0x7d, 0x57, 0x86, 0x57, 0x7c, 0x57, 0x87, 0x56, 0x7b,
  0x56, 0x87, 0x56, 0x7b, 0x57, 0x87, 0x58, 0x7b, 0x59, 0x87, 0x59, 0x7b,
  0x58, 0x87, 0x57, 0x7b, 0x56, 0x87, 0x56, 0x7b, 0x57, 0x86, 0x57, 0x7c,
  0x57, 0x86, 0x58, 0x7d, 0x5a, 0x84, 0x5c, 0x7e, 0x59, 0x82, 0x56, 0x80,
  0x50, 0x74, 0x47, 0x8b, 0x44, 0x60, 0x4e, 0x99, 0x63, 0x51, 0x76, 0xa3,
  0x85, 0x46, 0x90, 0xa6, 0x9a, 0x40, 0xa0, 0xa6, 0xa3, 0x43, 0xa0, 0xa4,
  0x9b, 0x43, 0x9e, 0xa5, 0xa3, 0x40, 0xa7, 0xa5, 0xab, 0x42, 0xaf, 0xa2,
  0xb1, 0x43, 0xaf, 0xa0, 0xb6, 0x54, 0xaf, 0x9a, 0x9d, 0x47, 0xaa, 0xa1,
  0xad, 0x41, 0xa5, 0xa4, 0xb0, 0x6b, 0x52, 0x8b, 0x28, 0x8f, 0x32, 0x72,
  0x30, 0x89, 0x30, 0x76, 0x31, 0x8a, 0x31, 0x75, 0x31, 0x89, 0x31, 0x76,
  0x32, 0x89, 0x33, 0x76, 0x32, 0x88, 0x2f, 0x77, 0x2a, 0x88, 0x28, 0x77,
  0x2c, 0x89, 0x38, 0x76, 0x4f, 0x8a, 0x6a, 0x75, 0x7d, 0x89, 0x82, 0x76,
  0x7d, 0x86, 0x74, 0x7a, 0x6f, 0x83, 0x6c, 0x7c, 0x6a, 0x83, 0x6e, 0x7c,
  0x73, 0x87, 0x53, 0x7a, 0x2c, 0x87, 0x27, 0x79, 0x2c, 0x86, 0x2a, 0x7a,
  0x29, 0x87, 0x27, 0x79, 0x22, 0x87, 0x23, 0x79, 0x22, 0x86, 0x25, 0x7a,
  0x4f, 0x8a, 0x76, 0x77, 0x72, 0x85, 0x58, 0x7a, 0x33, 0x7f, 0x21, 0x7e,
  0x3e, 0x80, 0x6c, 0x7e, 0x66, 0x82, 0x5c, 0x7d, 0x42, 0x84, 0x2a, 0x7b,
  0x4a, 0x86, 0x6f, 0x7a, 0x7d, 0x82, 0x75, 0x7e, 0x5d, 0x81, 0x45, 0x7d,
  0x39, 0x83, 0x36, 0x7b, 0x38, 0x83, 0x38, 0x7b, 0x36, 0x83, 0x34, 0x7c,
  0x31, 0x82, 0x2e, 0x7c, 0x2b, 0x82, 0x28, 0x7c, 0x26, 0x82, 0x24, 0x7c,
  0x22, 0x81, 0x22, 0x7c, 0x21, 0x81, 0x20, 0x7c, 0x20, 0x81, 0x20, 0x7d,
  0x20, 0x81, 0x21, 0x7c, 0x21, 0x81, 0x22, 0x7c, 0x23, 0x82, 0x25, 0x7c,
  0x28, 0x82, 0x2a, 0x7c, 0x2c, 0x82, 0x30, 0x7c, 0x35, 0x82, 0x40, 0x7c,
  0x4f, 0x82, 0x57, 0x7d, 0x52, 0x82, 0x47, 0x7c, 0x44, 0x84, 0x3c, 0x7b,
  0x24, 0x85, 0x1e, 0x7a, 0x20, 0x84, 0x1f, 0x7a, 0x1f, 0x84, 0x1f, 0x7a,
  0x20, 0x84, 0x20, 0x7a, 0x20, 0x85, 0x1f, 0x7a, 0x1f, 0x85, 0x20, 0x7a,
  0x20, 0x84, 0x20, 0x7a, 0x20, 0x84, 0x20, 0x7a, 0x20, 0x85, 0x1f, 0x7a,
  0x1f, 0x85, 0x1f, 0x7a, 0x20, 0x85, 0x20, 0x7a, 0x1f, 0x84, 0x1f, 0x7a,
  0x1f, 0x84, 0x1f, 0x7a, 0x1f, 0x85, 0x1f, 0x7a, 0x20, 0x85, 0x1f, 0x7a,
  0x1f, 0x85, 0x1f, 0x7a, 0x20, 0x85, 0x1f, 0x7a, 0x20, 0x85, 0x20, 0x7a,
  0x20, 0x85, 0x20, 0x7a, 0x20, 0x85, 0x20, 0x7a, 0x21, 0x85, 0x20, 0x7a,
  0x20, 0x85, 0x20, 0x7a, 0x20, 0x85, 0x20, 0x7a, 0x20, 0x85, 0x20, 0x7a,
  0x20, 0x85, 0x20, 0x7a, 0x21, 0x84, 0x1c, 0x7b, 0x2a, 0x8e, 0x6b, 0x73,
  0x58, 0x89, 0x4a, 0x77, 0x59, 0x82, 0x54, 0x7d, 0x42, 0x82, 0x34, 0x7c,
  0x2c, 0x81, 0x26, 0x7c, 0x22, 0x81, 0x20, 0x7c, 0x1e, 0x81, 0x1d, 0x7c,
  0x1c, 0x80, 0x1a, 0x7d, 0x1a, 0x80, 0x19, 0x7d, 0x1a, 0x80, 0x19, 0x7d,
  0x19, 0x80, 0x19, 0x7d, 0x19, 0x80, 0x19, 0x7d, 0x19, 0x80, 0x18, 0x7d,
  0x18, 0x80, 0x19, 0x7d, 0x19, 0x80, 0x19, 0x7d, 0x1a, 0x80, 0x1c, 0x7d,
  0x1e, 0x82, 0x21, 0x7c, 0x24, 0x83, 0x26, 0x7b, 0x29, 0x83, 0x29, 0x7a,
  0x29, 0x83, 0x29, 0x7b, 0x2a, 0x83, 0x2c, 0x7b, 0x24, 0x82, 0x26, 0x7c,
  0x31, 0x82, 0x24, 0x7c, 0x0e, 0x7f, 0x1f, 0x7d, 0x39, 0x82, 0x42, 0x7b,
  0x4e, 0x83, 0x59, 0x7c, 0x40, 0x82, 0x49, 0x7c, 0x63, 0x86, 0x66, 0x79,
  0x56, 0x84, 0x3d, 0x7a, 0x2d, 0x83, 0x2b, 0x7c, 0x45, 0x88, 0x40, 0x78,
  0x3a, 0x8a, 0x6b, 0x75, 0x79, 0x86, 0x69, 0x79, 0x64, 0x85, 0x67, 0x7b,
  0x67, 0x85, 0x68, 0x7a, 0x69, 0x85, 0x6d, 0x7a, 0x6a, 0x85, 0x66, 0x7b,
  0x69, 0x85, 0x74, 0x7b, 0x81, 0x89, 0x87, 0x75, 0x7f, 0x8d, 0x68, 0x72,
  0x46, 0x8b, 0x30, 0x74, 0x28, 0x89, 0x2b, 0x77, 0x2f, 0x8a, 0x31, 0x76,
  0x30, 0x89, 0x2f, 0x76, 0x2e, 0x88, 0x2e, 0x76, 0x2e, 0x8c, 0x30, 0x74,
  0x28, 0x80, 0x6f, 0x7d, 0x9b, 0x4a, 0x96, 0xa3, 0x96, 0x45, 0x90, 0xa5,
  0x86, 0x54, 0xa9, 0x9d, 0xac, 0x49, 0xaa, 0x9e, 0xaf, 0x44, 0xac, 0xa1,
  0xa8, 0x43, 0xa2, 0xa4, 0x9e, 0x41, 0x97, 0xa6, 0x95, 0x49, 0xa0, 0xa3,
  0xa3, 0x41, 0xa3, 0xa3, 0xa0, 0x41, 0x9a, 0xa5, 0x8f, 0x46, 0x82, 0xa6,
  0x74, 0x51, 0x63, 0xa3, 0x53, 0x5f, 0x45, 0x9a, 0x3b, 0x68, 0x37, 0x93,
  0x33, 0x78, 0x2a, 0x86, 0x2e, 0x84, 0x37, 0x7c, 0x3f, 0x84, 0x44, 0x7c,
  0x48, 0x85, 0x4a, 0x7b, 0x4c, 0x86, 0x4e, 0x7b, 0x50, 0x86, 0x51, 0x7b,
  0x51, 0x87, 0x50, 0x7b, 0x50, 0x86, 0x50, 0x7b, 0x4f, 0x86, 0x4d, 0x7b,
  0x49, 0x85, 0x45, 0x7b, 0x41, 0x85, 0x3d, 0x7c, 0x37, 0x82, 0x30, 0x7d,
  0x38, 0x72, 0x37, 0x8a, 0x37, 0x65, 0x42, 0x95, 0x52, 0x59, 0x5f, 0x9e,
  0x6d, 0x4e, 0x7a, 0xa4, 0x87, 0x45, 0x93, 0xa6, 0x9f, 0x40, 0xa6, 0xa4,
  0xa9, 0x42, 0xaa, 0xa2, 0xa4, 0x47, 0x98, 0xa3, 0x9d, 0x40, 0xa1, 0xa6,
  0xa5, 0x42, 0xab, 0xa3, 0xb2, 0x45, 0xb7, 0x9f, 0xaf, 0x50, 0xb4, 0x9b,
  0x99, 0x4e, 0x8f, 0xa0, 0x99, 0x3f, 0x99, 0xa7, 0x9d, 0x59, 0x75, 0x97,
  0x28, 0x8c, 0x31, 0x74, 0x2f, 0x89, 0x2f, 0x76, 0x2f, 0x89, 0x30, 0x76,
  0x30, 0x89, 0x30, 0x76, 0x2c, 0x88, 0x28, 0x77, 0x2a, 0x89, 0x34, 0x76,
  0x46, 0x8b, 0x5d, 0x75, 0x74, 0x8a, 0x82, 0x75, 0x82, 0x87, 0x7b, 0x79,
  0x72, 0x84, 0x6c, 0x7c, 0x6c, 0x84, 0x6c, 0x7c, 0x6c, 0x84, 0x6b, 0x7b,
  0x6a, 0x84, 0x67, 0x7c, 0x67, 0x83, 0x75, 0x7c, 0x6d, 0x87, 0x42, 0x7a,
  0x24, 0x86, 0x20, 0x79, 0x21, 0x86, 0x36, 0x79, 0x5b, 0x8a, 0x72, 0x77,
  0x58, 0x85, 0x36, 0x7a, 0x2a, 0x81, 0x34, 0x7c, 0x58, 0x83, 0x75, 0x7c,
  0x6d, 0x82, 0x4d, 0x7d, 0x3a, 0x81, 0x3d, 0x7d, 0x41, 0x82, 0x44, 0x7c,
  0x3c, 0x84, 0x48, 0x7b, 0x77, 0x82, 0x63, 0x7d, 0x47, 0x82, 0x3a, 0x7c,
  0x39, 0x83, 0x3a, 0x7b, 0x39, 0x83, 0x35, 0x7b, 0x31, 0x83, 0x2d, 0x7b,
  0x29, 0x82, 0x26, 0x7c, 0x23, 0x81, 0x20, 0x7c, 0x1f, 0x81, 0x1e, 0x7c,
  0x1c, 0x81, 0x1c, 0x7d, 0x1c, 0x80, 0x1c, 0x7c, 0x1b, 0x80, 0x1a, 0x7d,
  0x1a, 0x80, 0x1a, 0x7d, 0x1a, 0x80, 0x1a, 0x7d, 0x1b, 0x80, 0x1c, 0x7d,
  0x1c, 0x81, 0x1d, 0x7d, 0x1e, 0x81, 0x1f, 0x7c, 0x21, 0x81, 0x24, 0x7c,
  0x28, 0x82, 0x2c, 0x7c, 0x34, 0x82, 0x42, 0x7c, 0x52, 0x82, 0x55, 0x7c,
  0x48, 0x82, 0x3d, 0x7c, 0x35, 0x84, 0x23, 0x7a, 0x1e, 0x85, 0x20, 0x7a,
  0x1f, 0x85, 0x1f, 0x7a, 0x1f, 0x85, 0x20, 0x7a, 0x20, 0x85, 0x20, 0x7a,
  0x20, 0x85, 0x20, 0x7a, 0x20, 0x85, 0x20, 0x7a, 0x20, 0x85, 0x20, 0x7a,
  0x20, 0x85, 0x1f, 0x7a, 0x1f, 0x85, 0x1f, 0x7a, 0x1f, 0x85, 0x1f, 0x7a,
  0x1f, 0x85, 0x1f, 0x7a, 0x1e, 0x85, 0x1e, 0x7a, 0x1f, 0x85, 0x1f, 0x7a,
  0x1f, 0x85, 0x1f, 0x7a, 0x20, 0x85, 0x20, 0x7a, 0x20, 0x85, 0x20, 0x7a,
  0x20, 0x85, 0x20, 0x7a, 0x20, 0x85, 0x20, 0x7a, 0x20, 0x85, 0x20, 0x7a,
  0x20, 0x85, 0x20, 0x7a, 0x20, 0x85, 0x20, 0x7a, 0x20, 0x85, 0x20, 0x7a,
  0x20, 0x85, 0x20, 0x7a, 0x20, 0x84, 0x20, 0x7b, 0x1f, 0x87, 0x22, 0x79,
  0x63, 0x8f, 0x52, 0x71, 0x43, 0x83, 0x5b, 0x7c, 0x59, 0x83, 0x42, 0x7c,
  0x30, 0x82, 0x27, 0x7c, 0x22, 0x81, 0x1e, 0x7d, 0x1c, 0x80, 0x1b, 0x7d,
  0x1a, 0x80, 0x19, 0x7d, 0x1a, 0x81, 0x1a, 0x7c, 0x1b, 0x82, 0x1c, 0x7c,
  0x1d, 0x83, 0x1d, 0x7b, 0x1e, 0x84, 0x1f, 0x7b, 0x1f, 0x84, 0x1e, 0x7b,
  0x1e, 0x84, 0x1e, 0x7b, 0x1d, 0x83, 0x1d, 0x7b, 0x1b, 0x82, 0x1a, 0x7c,
  0x1a, 0x80, 0x19, 0x7d, 0x1a, 0x80, 0x1a, 0x7d, 0x1b, 0x81, 0x1d, 0x7d,
  0x1f, 0x82, 0x22, 0x7c, 0x26, 0x83, 0x27, 0x7b, 0x25, 0x82, 0x26, 0x7c,
  0x26, 0x82, 0x2a, 0x7c, 0x24, 0x80, 0x0f, 0x7d, 0x1c, 0x81, 0x2e, 0x7c,
  0x34, 0x82, 0x28, 0x7c, 0x15, 0x81, 0x3a, 0x7d, 0x57, 0x84, 0x57, 0x7b,
  0x58, 0x82, 0x45, 0x7d, 0x12, 0x7f, 0x1c, 0x7e, 0x4c, 0x84, 0x71, 0x7b,
  0x81, 0x8b, 0x80, 0x76, 0x70, 0x87, 0x6b, 0x78, 0x63, 0x85, 0x66, 0x7b,
  0x65, 0x85, 0x65, 0x7b, 0x65, 0x85, 0x67, 0x7b, 0x6a, 0x84, 0x57, 0x7b,
  0x3f, 0x83, 0x40, 0x7c, 0x55, 0x84, 0x64, 0x7b, 0x69, 0x85, 0x6b, 0x7c,
  0x72, 0x87, 0x81, 0x79, 0x88, 0x8b, 0x7f, 0x73, 0x66, 0x8c, 0x47, 0x73,
  0x2e, 0x89, 0x25, 0x77, 0x27, 0x89, 0x2c, 0x77, 0x2e, 0x88, 0x2e, 0x77,
  0x2c, 0x8c, 0x2d, 0x74, 0x27, 0x79, 0x58, 0x82, 0x82, 0x49, 0x81, 0xa7,
  0x83, 0x4a, 0x7d, 0xa6, 0x87, 0x54, 0xa8, 0x9e, 0xa7, 0x46, 0xb0, 0xa0,
  0xae, 0x45, 0xa6, 0xa1, 0x9e, 0x41, 0x99, 0xa7, 0x93, 0x46, 0x89, 0xa7,
  0x96, 0x4a, 0xa5, 0xa2, 0xab, 0x42, 0xab, 0xa2, 0xa4, 0x42, 0x9b, 0xa4,
  0x8d, 0x47, 0x80, 0xa6, 0x73, 0x51, 0x63, 0xa2, 0x55, 0x5d, 0x4c, 0x9c,
  0x3d, 0x6c, 0x2a, 0x8f, 0x16, 0x7d, 0x0e, 0x7f, 0x0e, 0x80, 0x0f, 0x7c,
  0x11, 0x80, 0x13, 0x7d, 0x15, 0x81, 0x18, 0x7d, 0x1b, 0x82, 0x1d, 0x7d,
  0x1e, 0x82, 0x1e, 0x7d, 0x1e, 0x82, 0x1e, 0x7d, 0x1e, 0x82, 0x1e, 0x7d,
  0x1c, 0x82, 0x1a, 0x7d, 0x17, 0x81, 0x15, 0x7d, 0x13, 0x81, 0x11, 0x7d,
  0x0f, 0x80, 0x0d, 0x7d, 0x16, 0x77, 0x27, 0x85, 0x39, 0x65, 0x49, 0x95,
  0x54, 0x59, 0x5e, 0x9e, 0x6a, 0x50, 0x77, 0xa3, 0x83, 0x47, 0x91, 0xa6,
  0x9c, 0x41, 0xa6, 0xa4, 0xae, 0x46, 0xb1, 0x9f, 0xad, 0x4a, 0x96, 0xa1,
  0x8f, 0x44, 0x96, 0xa7, 0x9b, 0x41, 0xa2, 0xa6, 0xa9, 0x44, 0xaf, 0xa1,
  0xaf, 0x48, 0xa8, 0x9f, 0x97, 0x51, 0x79, 0xa1, 0x85, 0x43, 0x88, 0xaa,
  0x8a, 0x5a, 0x59, 0x9a, 0x28, 0x8b, 0x2f, 0x74, 0x2f, 0x89, 0x2f, 0x76,
  0x2c, 0x89, 0x28, 0x77, 0x26, 0x89, 0x2d, 0x76, 0x3d, 0x8a, 0x53, 0x74,
  0x6b, 0x8b, 0x7d, 0x74, 0x83, 0x87, 0x7d, 0x79, 0x74, 0x85, 0x70, 0x7b,
  0x6f, 0x84, 0x68, 0x7c, 0x57, 0x83, 0x47, 0x7c, 0x4f, 0x83, 0x62, 0x7b,
  0x6f, 0x84, 0x6a, 0x7b, 0x67, 0x84, 0x69, 0x7b, 0x69, 0x83, 0x67, 0x7c,
  0x6e, 0x84, 0x72, 0x7c, 0x5e, 0x88, 0x5a, 0x78, 0x3e, 0x83, 0x31, 0x7b,
  0x32, 0x82, 0x47, 0x7c, 0x69, 0x85, 0x75, 0x7b, 0x5f, 0x81, 0x35, 0x7d,
  0x23, 0x80, 0x3d, 0x7d, 0x54, 0x82, 0x57, 0x7c, 0x45, 0x80, 0x19, 0x7d,
  0x10, 0x80, 0x30, 0x7d, 0x3a, 0x82, 0x2f, 0x7c, 0x30, 0x82, 0x36, 0x7c,
  0x37, 0x83, 0x37, 0x7b, 0x35, 0x83, 0x31, 0x7c, 0x2c, 0x82, 0x27, 0x7c,
  0x25, 0x82, 0x22, 0x7c, 0x20, 0x81, 0x1e, 0x7d, 0x1c, 0x81, 0x1b, 0x7d,
  0x1b, 0x80, 0x1a, 0x7d, 0x1a, 0x80, 0x19, 0x7d, 0x1a, 0x80, 0x1a, 0x7d,
  0x1a, 0x81, 0x1a, 0x7d, 0x1a, 0x81, 0x1a, 0x7d, 0x19, 0x80, 0x19, 0x7d,
  0x19, 0x80, 0x19, 0x7d, 0x19, 0x80, 0x19, 0x7d, 0x1a, 0x80, 0x1b, 0x7d,
  0x1c, 0x80, 0x1e, 0x7d, 0x1f, 0x81, 0x24, 0x7c, 0x28, 0x83, 0x2e, 0x7c,
  0x3e, 0x82, 0x54, 0x7c, 0x57, 0x82, 0x44, 0x7d, 0x34, 0x83, 0x2e, 0x7c,
  0x20, 0x85, 0x1f, 0x7a, 0x1f, 0x85, 0x1f, 0x7a, 0x1f, 0x85, 0x1f, 0x7a,
  0x20, 0x85, 0x20, 0x7a, 0x20, 0x85, 0x20, 0x7a, 0x20, 0x85, 0x20, 0x7a,
  0x20, 0x85, 0x20, 0x7a, 0x20, 0x85, 0x1f, 0x7a, 0x20, 0x85, 0x1f, 0x7a,
  0x1f, 0x85, 0x1f, 0x7a, 0x1f, 0x85, 0x1f, 0x7a, 0x1f, 0x85, 0x1f, 0x7a,
  0x1f, 0x85, 0x20, 0x7a, 0x1f, 0x85, 0x1f, 0x7a, 0x20, 0x85, 0x1f, 0x7a,
  0x20, 0x85, 0x20, 0x7a, 0x20, 0x85, 0x20, 0x7a, 0x21, 0x85, 0x20, 0x7a,
  0x21, 0x85, 0x20, 0x7a, 0x20, 0x85, 0x20, 0x7a, 0x20, 0x85, 0x20, 0x7a,
  0x20, 0x85, 0x20, 0x7a, 0x20, 0x85, 0x20, 0x7a, 0x20, 0x83, 0x21, 0x7b,
  0x1a, 0x8b, 0x4a, 0x75, 0x58, 0x8c, 0x3b, 0x74, 0x52, 0x83, 0x64, 0x7c,
  0x50, 0x83, 0x33, 0x7b, 0x26, 0x81, 0x20, 0x7c, 0x1d, 0x80, 0x1b, 0x7d,
  0x1a, 0x80, 0x1a, 0x7d, 0x1c, 0x83, 0x1e, 0x7b, 0x1f, 0x85, 0x20, 0x7a,
  0x20, 0x85, 0x21, 0x7a, 0x21, 0x85, 0x21, 0x7a, 0x21, 0x85, 0x21, 0x79,
  0x21, 0x85, 0x21, 0x7a, 0x21, 0x85, 0x21, 0x7a, 0x22, 0x85, 0x22, 0x7a,
  0x21, 0x85, 0x21, 0x7a, 0x20, 0x84, 0x1f, 0x7b, 0x1e, 0x82, 0x1b, 0x7c,
  0x19, 0x80, 0x19, 0x7d, 0x19, 0x80, 0x1b, 0x7d, 0x1c, 0x81, 0x1e, 0x7c,
  0x22, 0x83, 0x29, 0x7c, 0x27, 0x82, 0x27, 0x7c, 0x11, 0x7f, 0x15, 0x7d,
  0x29, 0x82, 0x2e, 0x7c, 0x24, 0x80, 0x12, 0x7d, 0x22, 0x81, 0x37, 0x7c,
  0x3b, 0x82, 0x34, 0x7c, 0x2c, 0x81, 0x3f, 0x7d, 0x52, 0x83, 0x57, 0x7b,
  0x5f, 0x86, 0x68, 0x79, 0x6e, 0x87, 0x65, 0x78, 0x62, 0x85, 0x62, 0x7b,
  0x63, 0x85, 0x63, 0x7a, 0x64, 0x85, 0x64, 0x7b, 0x68, 0x85, 0x5e, 0x7b,
  0x45, 0x83, 0x41, 0x7b, 0x52, 0x83, 0x52, 0x7b, 0x45, 0x83, 0x3a, 0x7b,
  0x42, 0x83, 0x55, 0x7b, 0x66, 0x85, 0x6b, 0x7b, 0x6b, 0x86, 0x70, 0x7a,
  0x79, 0x89, 0x7f, 0x76, 0x7a, 0x8c, 0x63, 0x72, 0x48, 0x8b, 0x31, 0x75,
  0x26, 0x89, 0x27, 0x77, 0x2a, 0x89, 0x2b, 0x76, 0x27, 0x84, 0x2a, 0x7b,
  0x4b, 0x5f, 0x5c, 0x98, 0x60, 0x5b, 0x53, 0x9d, 0x72, 0x53, 0x99, 0x9e,
  0x9f, 0x42, 0xa3, 0xa4, 0x9d, 0x44, 0x96, 0xa5, 0x90, 0x44, 0x89, 0xa7,
  0x82, 0x4b, 0x77, 0xa6, 0x95, 0x49, 0xa6, 0xa2, 0xaf, 0x45, 0xaa, 0xa1,
  0x9f, 0x43, 0x93, 0xa5, 0x83, 0x4b, 0x75, 0xa5, 0x68, 0x56, 0x59, 0xa0,
  0x48, 0x68, 0x31, 0x93, 0x1a, 0x7e, 0x11, 0x7f, 0x11, 0x81, 0x13, 0x7d,
  0x14, 0x80, 0x14, 0x7d, 0x14, 0x81, 0x13, 0x7d, 0x13, 0x81, 0x12, 0x7d,
  0x12, 0x80, 0x12, 0x7c, 0x11, 0x80, 0x11, 0x7d, 0x11, 0x80, 0x11, 0x7d,
  0x11, 0x80, 0x11, 0x7d, 0x11, 0x81, 0x12, 0x7d, 0x13, 0x80, 0x14, 0x7c,
  0x14, 0x81, 0x14, 0x7d, 0x14, 0x80, 0x14, 0x7d, 0x13, 0x82, 0x12, 0x7c,
  0x19, 0x78, 0x2a, 0x84, 0x3d, 0x63, 0x50, 0x97, 0x62, 0x54, 0x6e, 0xa1,
  0x7a, 0x4a, 0x87, 0xa5, 0x92, 0x44, 0x9e, 0xa5, 0xac, 0x46, 0xb3, 0x9f,
  0xab, 0x4a, 0x88, 0xa2, 0x77, 0x4b, 0x83, 0xa6, 0x8a, 0x45, 0x91, 0xa6,
  0x98, 0x44, 0x9d, 0xa4, 0xa3, 0x43, 0xa4, 0xa3, 0x89, 0x57, 0x4f, 0x9d,
  0x56, 0x5e, 0x56, 0x9b, 0x47, 0x76, 0x27, 0x87, 0x26, 0x89, 0x25, 0x76,
  0x23, 0x87, 0x27, 0x77, 0x38, 0x8b, 0x50, 0x74, 0x68, 0x8c, 0x7d, 0x73,
  0x87, 0x89, 0x81, 0x76, 0x77, 0x85, 0x70, 0x7a, 0x6d, 0x84, 0x6b, 0x7c,
  0x63, 0x84, 0x52, 0x7c, 0x40, 0x82, 0x35, 0x7c, 0x36, 0x82, 0x43, 0x7c,
  0x4a, 0x83, 0x3f, 0x7c, 0x4a, 0x83, 0x65, 0x7c, 0x6c, 0x84, 0x68, 0x7c,
  0x67, 0x83, 0x67, 0x7c, 0x65, 0x83, 0x64, 0x7c, 0x6d, 0x84, 0x7d, 0x7b,
  0x80, 0x83, 0x64, 0x7c, 0x3b, 0x7f, 0x17, 0x7e, 0x17, 0x80, 0x43, 0x7d,
  0x65, 0x83, 0x66, 0x7c, 0x56, 0x81, 0x2a, 0x7d, 0x15, 0x80, 0x31, 0x7d,
  0x3c, 0x82, 0x37, 0x7c, 0x1c, 0x80, 0x16, 0x7d, 0x2e, 0x81, 0x2d, 0x7c,
  0x2a, 0x82, 0x2e, 0x7c, 0x2d, 0x82, 0x2a, 0x7c, 0x26, 0x82, 0x23, 0x7c,
  0x21, 0x81, 0x1f, 0x7c, 0x1e, 0x81, 0x1d, 0x7c, 0x1b, 0x80, 0x1b, 0x7d,
  0x19, 0x80, 0x19, 0x7d, 0x19, 0x81, 0x1b, 0x7c, 0x1c, 0x82, 0x1d, 0x7c,
  0x1e, 0x84, 0x1e, 0x7b, 0x1f, 0x84, 0x1f, 0x7a, 0x1f, 0x85, 0x1f, 0x7a,
  0x1f, 0x85, 0x1f, 0x7a, 0x1e, 0x84, 0x1e, 0x7a, 0x1d, 0x84, 0x1c, 0x7b,
  0x1c, 0x82, 0x1a, 0x7c, 0x1a, 0x80, 0x19, 0x7d, 0x1a, 0x80, 0x1d, 0x7d,
  0x21, 0x81, 0x26, 0x7c, 0x30, 0x83, 0x47, 0x7c, 0x5a, 0x82, 0x4e, 0x7c,
  0x38, 0x83, 0x2e, 0x7c, 0x27, 0x84, 0x1f, 0x7b, 0x1f, 0x85, 0x1f, 0x7a,
  0x1f, 0x85, 0x20, 0x7a, 0x1f, 0x85, 0x20, 0x7a, 0x20, 0x85, 0x20, 0x7a,
  0x20, 0x85, 0x20, 0x7a, 0x20, 0x85, 0x20, 0x7a, 0x20, 0x85, 0x20, 0x7a,
  0x20, 0x85, 0x20, 0x7a, 0x1f, 0x85, 0x1f, 0x7a, 0x1f, 0x85, 0x1f, 0x7a,
  0x1e, 0x85, 0x1f, 0x7a, 0x20, 0x85, 0x1f, 0x7a, 0x1f, 0x85, 0x1f, 0x7a,
  0x20, 0x85, 0x20, 0x7a, 0x20, 0x85, 0x20, 0x7a, 0x20, 0x85, 0x20, 0x7a,
  0x21, 0x85, 0x20, 0x7a, 0x20, 0x85, 0x20, 0x7a, 0x20, 0x85, 0x20, 0x7a,
  0x20, 0x85, 0x20, 0x7a, 0x20, 0x85, 0x20, 0x7a, 0x20, 0x85, 0x20, 0x7a,
  0x20, 0x84, 0x1e, 0x7b, 0x27, 0x8c, 0x55, 0x74, 0x3d, 0x88, 0x3f, 0x78,
  0x58, 0x84, 0x65, 0x7b, 0x43, 0x83, 0x28, 0x7c, 0x20, 0x80, 0x1c, 0x7d,
  0x1b, 0x81, 0x1c, 0x7c, 0x1d, 0x84, 0x1e, 0x7b, 0x1f, 0x85, 0x1f, 0x7a,
  0x1f, 0x85, 0x1f, 0x7b, 0x1f, 0x85, 0x20, 0x7b, 0x20, 0x85, 0x20, 0x7b,
  0x20, 0x85, 0x20, 0x7a, 0x20, 0x85, 0x20, 0x7a, 0x21, 0x85, 0x21, 0x7a,
  0x20, 0x85, 0x20, 0x7a, 0x20, 0x85, 0x20, 0x7a, 0x21, 0x85, 0x21, 0x7a,
  0x21, 0x85, 0x20, 0x7a, 0x1f, 0x84, 0x1e, 0x7b, 0x1b, 0x81, 0x1a, 0x7c,
  0x19, 0x80, 0x19, 0x7d, 0x23, 0x83, 0x25, 0x7b, 0x28, 0x81, 0x1d, 0x7c,
  0x0d, 0x80, 0x22, 0x7d, 0x2d, 0x81, 0x26, 0x7b, 0x0e, 0x7f, 0x1b, 0x7d,
  0x30, 0x82, 0x33, 0x7c, 0x23, 0x7f, 0x0d, 0x7d, 0x1c, 0x81, 0x3a, 0x7c,
  0x4a, 0x84, 0x58, 0x7b, 0x65, 0x87, 0x66, 0x79, 0x60, 0x85, 0x61, 0x7a,
  0x62, 0x85, 0x63, 0x7b, 0x62, 0x85, 0x62, 0x7b, 0x65, 0x85, 0x63, 0x7b,
  0x4b, 0x83, 0x3c, 0x7c, 0x4e, 0x83, 0x60, 0x7b, 0x61, 0x85, 0x62, 0x7a,
  0x63, 0x85, 0x5e, 0x7b, 0x56, 0x84, 0x49, 0x7b, 0x3e, 0x83, 0x41, 0x7b,
  0x50, 0x85, 0x61, 0x7b, 0x68, 0x86, 0x69, 0x7b, 0x70, 0x86, 0x7d, 0x79,
  0x84, 0x8b, 0x7f, 0x74, 0x6b, 0x8b, 0x48, 0x73, 0x2c, 0x87, 0x1e, 0x78,
  0x20, 0x86, 0x21, 0x79, 0x1e, 0x82, 0x20, 0x7b, 0x20, 0x82, 0x14, 0x7b,
  0x47, 0x58, 0x90, 0x9a, 0x8e, 0x42, 0x8c, 0xa9, 0x89, 0x48, 0x86, 0xa6,
  0x82, 0x48, 0x7b, 0xa8, 0x6c, 0x53, 0x5c, 0xa4, 0x84, 0x49, 0x9c, 0xa3,
  0xa2, 0x44, 0x9a, 0xa4, 0x8e, 0x47, 0x82, 0xa6, 0x75, 0x50, 0x62, 0xa4,
  0x46, 0x6b, 0x29, 0x90, 0x17, 0x80, 0x11, 0x7d, 0x13, 0x81, 0x15, 0x7d,
  0x15, 0x81, 0x15, 0x7d, 0x15, 0x81, 0x15, 0x7d, 0x15, 0x81, 0x15, 0x7c,
  0x15, 0x81, 0x16, 0x7c, 0x15, 0x81, 0x16, 0x7c, 0x16, 0x81, 0x16, 0x7c,
  0x16, 0x81, 0x16, 0x7c, 0x16, 0x81, 0x16, 0x7c, 0x16, 0x81, 0x16, 0x7c,
  0x16, 0x81, 0x16, 0x7c, 0x16, 0x81, 0x16, 0x7c, 0x16, 0x81, 0x16, 0x7c,
  0x16, 0x81, 0x16, 0x7d, 0x15, 0x82, 0x13, 0x7b, 0x14, 0x7d, 0x20, 0x80,
  0x38, 0x63, 0x55, 0x96, 0x69, 0x51, 0x75, 0xa3, 0x80, 0x49, 0x8e, 0xa4,
  0x9d, 0x42, 0xa4, 0xa3, 0x9b, 0x4b, 0x69, 0xa3, 0x5f, 0x52, 0x72, 0xa4,
  0x7b, 0x49, 0x80, 0xa7, 0x84, 0x48, 0x8a, 0xa6, 0x91, 0x42, 0x96, 0xa9,
  0x5f, 0x70, 0x15, 0x8a, 0x1c, 0x87, 0x1a, 0x78, 0x1a, 0x85, 0x20, 0x7a,
  0x2a, 0x88, 0x3d, 0x77, 0x57, 0x8b, 0x6e, 0x73, 0x81, 0x8a, 0x88, 0x75,
  0x83, 0x86, 0x7b, 0x7a, 0x75, 0x84, 0x71, 0x7c, 0x69, 0x84, 0x5b, 0x7b,
  0x4a, 0x83, 0x3e, 0x7c, 0x3e, 0x83, 0x45, 0x7c, 0x4e, 0x83, 0x57, 0x7b,
  0x60, 0x84, 0x64, 0x7b, 0x64, 0x84, 0x5d, 0x7b, 0x48, 0x83, 0x3e, 0x7b,
  0x56, 0x83, 0x6c, 0x7c, 0x68, 0x84, 0x64, 0x7c, 0x65, 0x83, 0x67, 0x7c,
  0x65, 0x83, 0x62, 0x7c, 0x66, 0x83, 0x6a, 0x7d, 0x62, 0x83, 0x5a, 0x7c,
  0x46, 0x80, 0x1d, 0x7d, 0x21, 0x81, 0x48, 0x7d, 0x4f, 0x82, 0x40, 0x7c,
  0x1a, 0x7f, 0x0f, 0x7d, 0x2e, 0x81, 0x37, 0x7c, 0x2d, 0x80, 0x11, 0x7d,
  0x19, 0x80, 0x2b, 0x7d, 0x28, 0x82, 0x28, 0x7c, 0x23, 0x81, 0x21, 0x7c,
  0x1f, 0x81, 0x1d, 0x7c, 0x1d, 0x80, 0x1c, 0x7d, 0x1b, 0x80, 0x1b, 0x7d,
  0x1b, 0x81, 0x1c, 0x7d, 0x1d, 0x83, 0x1e, 0x7b, 0x1f, 0x85, 0x20, 0x7a,
  0x20, 0x85, 0x20, 0x7a, 0x20, 0x85, 0x20, 0x7a, 0x20, 0x85, 0x1f, 0x7a,
  0x20, 0x85, 0x20, 0x7a, 0x20, 0x85, 0x20, 0x7a, 0x1f, 0x84, 0x1f, 0x7b,
  0x20, 0x85, 0x1f, 0x7a, 0x1f, 0x85, 0x1f, 0x7a, 0x1e, 0x84, 0x1d, 0x7b,
  0x1b, 0x81, 0x1a, 0x7c, 0x1c, 0x80, 0x21, 0x7d, 0x28, 0x83, 0x3a, 0x7c,
  0x56, 0x82, 0x55, 0x7c, 0x3d, 0x82, 0x2d, 0x7c, 0x28, 0x83, 0x20, 0x7c,
  0x1f, 0x85, 0x1f, 0x7b, 0x1f, 0x85, 0x1f, 0x7b, 0x1f, 0x85, 0x20, 0x7b,
  0x20, 0x85, 0x20, 0x7b, 0x20, 0x85, 0x20, 0x7a, 0x20, 0x85, 0x20, 0x7a,
  0x20, 0x85, 0x20, 0x7a, 0x20, 0x85, 0x20, 0x7a, 0x20, 0x85, 0x1f, 0x7a,
  0x1f, 0x85, 0x1f, 0x7a, 0x1e, 0x85, 0x1f, 0x7a, 0x1f, 0x85, 0x1f, 0x7a,
  0x1f, 0x85, 0x20, 0x7a, 0x20, 0x85, 0x20, 0x7a, 0x20, 0x85, 0x20, 0x7a,
  0x20, 0x85, 0x20, 0x7a, 0x20, 0x85, 0x20, 0x7a, 0x20, 0x85, 0x20, 0x7a,
  0x21, 0x85, 0x21, 0x7a, 0x20, 0x85, 0x20, 0x7a, 0x20, 0x85, 0x20, 0x7a,
  0x20, 0x85, 0x20, 0x7a, 0x20, 0x85, 0x1c, 0x7a, 0x35, 0x8b, 0x45, 0x75,
  0x30, 0x85, 0x3b, 0x7a, 0x57, 0x87, 0x68, 0x7a, 0x3f, 0x83, 0x24, 0x7c,
  0x1d, 0x80, 0x1c, 0x7d, 0x1e, 0x84, 0x1e, 0x7a, 0x1e, 0x84, 0x1e, 0x7a,
  0x1e, 0x84, 0x1f, 0x7a, 0x1e, 0x84, 0x1f, 0x7a, 0x1e, 0x84, 0x1f, 0x7a,
  0x1f, 0x84, 0x1f, 0x7b, 0x1e, 0x85, 0x1e, 0x7a, 0x1f, 0x84, 0x1f, 0x7b,
  0x1f, 0x84, 0x1f, 0x7b, 0x1f, 0x85, 0x1f, 0x7a, 0x1f, 0x85, 0x1f, 0x7b,
  0x1f, 0x84, 0x1f, 0x7b, 0x1f, 0x84, 0x1e, 0x7b, 0x1f, 0x85, 0x1f, 0x7a,
  0x1f, 0x84, 0x1f, 0x7a, 0x1c, 0x82, 0x19, 0x7c, 0x22, 0x82, 0x22, 0x7c,
  0x24, 0x80, 0x13, 0x7d, 0x14, 0x80, 0x27, 0x7d, 0x2d, 0x81, 0x16, 0x7c,
  0x13, 0x80, 0x28, 0x7d, 0x2c, 0x81, 0x21, 0x7c, 0x0c, 0x7f, 0x16, 0x7e,
  0x2a, 0x83, 0x3c, 0x7c, 0x5a, 0x88, 0x67, 0x78, 0x62, 0x85, 0x60, 0x7b,
  0x61, 0x85, 0x61, 0x7b, 0x62, 0x85, 0x61, 0x7a, 0x62, 0x85, 0x64, 0x7b,
  0x54, 0x83, 0x3c, 0x7c, 0x42, 0x83, 0x59, 0x7c, 0x61, 0x84, 0x61, 0x7a,
  0x60, 0x84, 0x5c, 0x7c, 0x5e, 0x87, 0x6b, 0x78, 0x6a, 0x86, 0x69, 0x78,
  0x62, 0x85, 0x52, 0x7b, 0x41, 0x83, 0x39, 0x7b, 0x44, 0x84, 0x57, 0x7b,
  0x67, 0x85, 0x6f, 0x7b, 0x6d, 0x86, 0x6f, 0x7b, 0x79, 0x89, 0x7b, 0x76,
  0x79, 0x8c, 0x67, 0x73, 0x49, 0x88, 0x30, 0x76, 0x21, 0x84, 0x1d, 0x7b,
  0x21, 0x87, 0x22, 0x78, 0x28, 0x6e, 0x56, 0x8b, 0x67, 0x51, 0x64, 0xa2,
  0x61, 0x57, 0x5d, 0x9e, 0x52, 0x64, 0x3f, 0x95, 0x2d, 0x76, 0x1c, 0x87,
  0x59, 0x52, 0x88, 0xa0, 0x8a, 0x43, 0x83, 0xaa, 0x76, 0x51, 0x62, 0xa2,
  0x43, 0x6e, 0x24, 0x8d, 0x14, 0x82, 0x14, 0x7b, 0x16, 0x82, 0x19, 0x7c,
  0x19, 0x81, 0x19, 0x7c, 0x19, 0x82, 0x19, 0x7c, 0x18, 0x82, 0x18, 0x7c,
  0x18, 0x82, 0x18, 0x7c, 0x18, 0x82, 0x18, 0x7c, 0x18, 0x82, 0x18, 0x7c,
  0x19, 0x82, 0x19, 0x7c, 0x18, 0x82, 0x18, 0x7c, 0x19, 0x82, 0x19, 0x7c,
  0x19, 0x82, 0x19, 0x7c, 0x19, 0x82, 0x19, 0x7c, 0x19, 0x82, 0x19, 0x7c,
  0x19, 0x82, 0x19, 0x7c, 0x1a, 0x82, 0x1a, 0x7c, 0x1a, 0x82, 0x1b, 0x7c,
  0x1a, 0x83, 0x17, 0x7b, 0x14, 0x81, 0x1a, 0x7c, 0x2d, 0x6a, 0x49, 0x90,
  0x65, 0x50, 0x78, 0xa3, 0x82, 0x45, 0x84, 0xa8, 0x68, 0x65, 0x23, 0x92,
  0x23, 0x77, 0x32, 0x85, 0x3e, 0x65, 0x4a, 0x93, 0x55, 0x59, 0x60, 0x9d,
  0x65, 0x5c, 0x51, 0x9a, 0x24, 0x7f, 0x1e, 0x7f, 0x27, 0x85, 0x34, 0x79,
  0x50, 0x8b, 0x6c, 0x74, 0x80, 0x8c, 0x85, 0x74, 0x82, 0x87, 0x77, 0x79,
  0x6f, 0x84, 0x6d, 0x7c, 0x6f, 0x84, 0x68, 0x7b, 0x5a, 0x83, 0x48, 0x7b,
  0x40, 0x82, 0x43, 0x7c, 0x4c, 0x83, 0x57, 0x7b, 0x61, 0x85, 0x68, 0x7b,
  0x67, 0x84, 0x60, 0x7c, 0x60, 0x83, 0x62, 0x7c, 0x62, 0x85, 0x61, 0x7a,
  0x62, 0x85, 0x59, 0x7a, 0x40, 0x83, 0x44, 0x7c, 0x61, 0x84, 0x68, 0x7b,
  0x64, 0x83, 0x65, 0x7c, 0x65, 0x83, 0x64, 0x7c, 0x61, 0x83, 0x61, 0x7c,
  0x66, 0x82, 0x5f, 0x7d, 0x53, 0x82, 0x4c, 0x7c, 0x26, 0x7f, 0x14, 0x7d,
  0x2d, 0x81, 0x37, 0x7c, 0x33, 0x80, 0x17, 0x7d, 0x15, 0x80, 0x2f, 0x7d,
  0x2c, 0x81, 0x1c, 0x7c, 0x0f, 0x80, 0x28, 0x7d, 0x29, 0x81, 0x27, 0x7c,
  0x1e, 0x80, 0x1c, 0x7d, 0x1b, 0x80, 0x1b, 0x7d, 0x1b, 0x81, 0x1b, 0x7d,
  0x1c, 0x83, 0x1d, 0x7c, 0x1e, 0x84, 0x1e, 0x7b, 0x1f, 0x84, 0x1f, 0x7b,
  0x1f, 0x84, 0x1e, 0x7b, 0x1f, 0x84, 0x1e, 0x7b, 0x1e, 0x84, 0x1e, 0x7b,
  0x1e, 0x84, 0x1e, 0x7b, 0x1f, 0x84, 0x1f, 0x7a, 0x1f, 0x84, 0x1f, 0x7b,
  0x1f, 0x84, 0x1f, 0x7b, 0x1f, 0x84, 0x1f, 0x7a, 0x1e, 0x84, 0x1e, 0x7b,
  0x1e, 0x84, 0x1e, 0x7a, 0x1f, 0x84, 0x1e, 0x7a, 0x1c, 0x81, 0x1d, 0x7c,
  0x23, 0x82, 0x36, 0x7c, 0x56, 0x82, 0x59, 0x7d, 0x3f, 0x82, 0x2d, 0x7c,
  0x26, 0x82, 0x22, 0x7b, 0x1f, 0x85, 0x1f, 0x7a, 0x1f, 0x85, 0x1f, 0x7a,
  0x20, 0x85, 0x20, 0x7a, 0x20, 0x85, 0x20, 0x7a, 0x20, 0x85, 0x21, 0x7a,
  0x20, 0x85, 0x20, 0x7a, 0x20, 0x85, 0x20, 0x7a, 0x1f, 0x85, 0x20, 0x7a,
  0x20, 0x85, 0x1f, 0x7a, 0x1f, 0x85, 0x1f, 0x7a, 0x1f, 0x85, 0x1f, 0x7a,
  0x1f, 0x85, 0x1f, 0x7a, 0x1f, 0x85, 0x20, 0x7a, 0x20, 0x85, 0x1f, 0x7a,
  0x20, 0x85, 0x20, 0x7a, 0x20, 0x85, 0x21, 0x7a, 0x20, 0x85, 0x20, 0x7a,
  0x21, 0x85, 0x20, 0x7a, 0x20, 0x85, 0x20, 0x7a, 0x20, 0x85, 0x20, 0x7a,
  0x20, 0x85, 0x20, 0x7a, 0x1f, 0x85, 0x1f, 0x7a, 0x20, 0x85, 0x1d, 0x7a,
  0x36, 0x8a, 0x36, 0x76, 0x2b, 0x83, 0x36, 0x7b, 0x53, 0x87, 0x72, 0x79,
  0x4a, 0x84, 0x23, 0x7b, 0x1d, 0x83, 0x1d, 0x7b, 0x1d, 0x84, 0x1d, 0x7b,
  0x1d, 0x84, 0x1d, 0x7b, 0x1d, 0x84, 0x1d, 0x7b, 0x1d, 0x84, 0x1d, 0x7b,
  0x1d, 0x84, 0x1d, 0x7b, 0x1d, 0x83, 0x1c, 0x7b, 0x1c, 0x84, 0x1d, 0x7b,
  0x1d, 0x83, 0x1d, 0x7b, 0x1d, 0x84, 0x1d, 0x7b, 0x1d, 0x84, 0x1e, 0x7b,
  0x1e, 0x84, 0x1d, 0x7b, 0x1d, 0x84, 0x1d, 0x7b, 0x1d, 0x83, 0x1d, 0x7b,
  0x1d, 0x83, 0x1d, 0x7b, 0x1c, 0x84, 0x1d, 0x7b, 0x1d, 0x83, 0x1c, 0x7b,
  0x21, 0x82, 0x22, 0x7c, 0x23, 0x81, 0x1f, 0x7c, 0x1d, 0x82, 0x26, 0x7c,
  0x22, 0x80, 0x0f, 0x7d, 0x1f, 0x81, 0x27, 0x7c, 0x23, 0x80, 0x12, 0x7d,
  0x13, 0x80, 0x26, 0x7d, 0x3f, 0x87, 0x5e, 0x78, 0x63, 0x86, 0x5f, 0x7a,
  0x60, 0x85, 0x60, 0x7b, 0x60, 0x85, 0x61, 0x7a, 0x60, 0x85, 0x63, 0x7a,
  0x5c, 0x84, 0x45, 0x7b, 0x3a, 0x83, 0x51, 0x7c, 0x62, 0x84, 0x60, 0x7a,
  0x61, 0x84, 0x60, 0x7b, 0x60, 0x85, 0x67, 0x7a, 0x84, 0x90, 0x95, 0x60,
  0x73, 0x8a, 0x63, 0x71, 0x64, 0x85, 0x66, 0x7c, 0x66, 0x85, 0x61, 0x7a,
  0x54, 0x83, 0x44, 0x7b, 0x3c, 0x83, 0x46, 0x7c, 0x56, 0x85, 0x64, 0x7a,
  0x64, 0x86, 0x64, 0x7b, 0x6b, 0x86, 0x79, 0x7a, 0x84, 0x8a, 0x85, 0x74,
  0x6f, 0x8a, 0x4b, 0x75, 0x2d, 0x85, 0x20, 0x7a, 0x20, 0x85, 0x1f, 0x7b,
  0x22, 0x7e, 0x23, 0x80, 0x21, 0x7f, 0x1d, 0x7f, 0x18, 0x83, 0x16, 0x7b,
  0x18, 0x86, 0x17, 0x79, 0x24, 0x6e, 0x4c, 0x8b, 0x54, 0x5f, 0x49, 0x99,
  0x33, 0x77, 0x1f, 0x86, 0x16, 0x84, 0x19, 0x7a, 0x1d, 0x82, 0x1f, 0x7c,
  0x1e, 0x83, 0x1d, 0x7c, 0x1d, 0x83, 0x1d, 0x7b, 0x1d, 0x83, 0x1d, 0x7b,
  0x1d, 0x83, 0x1d, 0x7b, 0x1d, 0x83, 0x1c, 0x7c, 0x1c, 0x83, 0x1c, 0x7c,
  0x1c, 0x83, 0x1d, 0x7b, 0x1c, 0x83, 0x1d, 0x7c, 0x1d, 0x83, 0x1d, 0x7c,
  0x1d, 0x83, 0x1d, 0x7b, 0x1d, 0x83, 0x1d, 0x7b, 0x1d, 0x83, 0x1d, 0x7b,
  0x1e, 0x83, 0x1e, 0x7b, 0x1e, 0x83, 0x1e, 0x7b, 0x1f, 0x84, 0x1f, 0x7b,
  0x20, 0x84, 0x20, 0x7b, 0x20, 0x83, 0x20, 0x7c, 0x20, 0x83, 0x1d, 0x7b,
  0x19, 0x84, 0x19, 0x7a, 0x25, 0x74, 0x38, 0x88, 0x43, 0x68, 0x3d, 0x91,
  0x21, 0x7f, 0x19, 0x7e, 0x1c, 0x86, 0x1b, 0x79, 0x1a, 0x84, 0x1b, 0x7a,
  0x1e, 0x81, 0x22, 0x7d, 0x23, 0x82, 0x1e, 0x7d, 0x22, 0x86, 0x47, 0x79,
  0x74, 0x8c, 0x8b, 0x72, 0x85, 0x89, 0x79, 0x76, 0x73, 0x85, 0x6f, 0x7b,
  0x6e, 0x84, 0x6e, 0x7c, 0x6f, 0x85, 0x65, 0x7b, 0x3e, 0x83, 0x3a, 0x7b,
  0x42, 0x83, 0x52, 0x7c, 0x5f, 0x83, 0x68, 0x7c, 0x6a, 0x84, 0x68, 0x7b,
  0x65, 0x84, 0x64, 0x7c, 0x64, 0x8c, 0x89, 0x6a, 0x8f, 0x8d, 0x71, 0x65,
  0x61, 0x84, 0x5f, 0x7c, 0x62, 0x84, 0x62, 0x7a, 0x62, 0x83, 0x4d, 0x7b,
  0x3b, 0x82, 0x4e, 0x7c, 0x65, 0x84, 0x66, 0x7c, 0x62, 0x83, 0x62, 0x7c,
  0x61, 0x83, 0x61, 0x7c, 0x61, 0x83, 0x68, 0x7b, 0x61, 0x83, 0x45, 0x7c,
  0x37, 0x80, 0x1a, 0x7d, 0x0f, 0x80, 0x2a, 0x7d, 0x31, 0x81, 0x28, 0x7c,
  0x10, 0x80, 0x20, 0x7e, 0x2c, 0x82, 0x24, 0x7c, 0x0f, 0x80, 0x1e, 0x7d,
  0x27, 0x81, 0x24, 0x7c, 0x1d, 0x80, 0x19, 0x7d, 0x1b, 0x81, 0x1b, 0x7d,
  0x1c, 0x83, 0x1d, 0x7c, 0x1d, 0x83, 0x1d, 0x7b, 0x1c, 0x83, 0x1c, 0x7b,
  0x1c, 0x83, 0x1c, 0x7b, 0x1c, 0x83, 0x1c, 0x7b, 0x1c, 0x83, 0x1c, 0x7b,
  0x1c, 0x83, 0x1c, 0x7b, 0x1c, 0x83, 0x1d, 0x7b, 0x1d, 0x84, 0x1d, 0x7b,
  0x1d, 0x84, 0x1d, 0x7b, 0x1d, 0x84, 0x1d, 0x7b, 0x1e, 0x84, 0x1e, 0x7b,
  0x1d, 0x84, 0x1d, 0x7b, 0x1d, 0x84, 0x1d, 0x7b, 0x1d, 0x84, 0x1d, 0x7b,
  0x1d, 0x83, 0x1c, 0x7c, 0x22, 0x82, 0x38, 0x7c, 0x59, 0x82, 0x57, 0x7d,
  0x3a, 0x82, 0x2b, 0x7c, 0x25, 0x82, 0x22, 0x7c, 0x1f, 0x85, 0x1f, 0x7a,
  0x1f, 0x85, 0x1f, 0x7a, 0x20, 0x85, 0x20, 0x7a, 0x20, 0x85, 0x20, 0x7a,
  0x20, 0x85, 0x20, 0x7a, 0x20, 0x85, 0x1f, 0x7a, 0x20, 0x85, 0x20, 0x7a,
  0x20, 0x85, 0x20, 0x7a, 0x20, 0x85, 0x1f, 0x7a, 0x1f, 0x85, 0x1f, 0x7a,
  0x1f, 0x85, 0x1f, 0x7a, 0x1f, 0x85, 0x1f, 0x7a, 0x1f, 0x85, 0x20, 0x7a,
  0x20, 0x85, 0x20, 0x7a, 0x20, 0x85, 0x20, 0x7a, 0x20, 0x85, 0x20, 0x7a,
  0x20, 0x85, 0x20, 0x7a, 0x21, 0x85, 0x21, 0x7a, 0x20, 0x85, 0x20, 0x7a,
  0x20, 0x85, 0x20, 0x7a, 0x20, 0x85, 0x20, 0x7a, 0x20, 0x85, 0x20, 0x7a,
  0x20, 0x85, 0x1e, 0x7a, 0x31, 0x88, 0x2e, 0x78, 0x27, 0x82, 0x31, 0x7c,
  0x45, 0x87, 0x6e, 0x79, 0x62, 0x86, 0x20, 0x79, 0x1c, 0x83, 0x1d, 0x7b,
  0x1d, 0x83, 0x1c, 0x7b, 0x1d, 0x83, 0x1c, 0x7b, 0x1d, 0x83, 0x1d, 0x7b,
  0x1d, 0x83, 0x1d, 0x7b, 0x1c, 0x83, 0x1d, 0x7b, 0x1d, 0x83, 0x1c, 0x7b,
  0x1d, 0x84, 0x1d, 0x7b, 0x1d, 0x84, 0x1d, 0x7b, 0x1e, 0x84, 0x1e, 0x7b,
  0x1e, 0x84, 0x1e, 0x7b, 0x1e, 0x84, 0x1e, 0x7b, 0x1e, 0x84, 0x1e, 0x7b,
  0x1f, 0x84, 0x1e, 0x7b, 0x1e, 0x84, 0x1e, 0x7b, 0x1d, 0x84, 0x1d, 0x7b,
  0x1e, 0x84, 0x1e, 0x7b, 0x1f, 0x82, 0x20, 0x7c, 0x1f, 0x81, 0x22, 0x7c,
  0x22, 0x82, 0x23, 0x7c, 0x17, 0x7f, 0x11, 0x7d, 0x26, 0x82, 0x27, 0x7c,
  0x18, 0x7e, 0x0b, 0x7e, 0x2c, 0x85, 0x55, 0x7a, 0x61, 0x87, 0x5a, 0x79,
  0x5a, 0x85, 0x5e, 0x7b, 0x60, 0x85, 0x61, 0x7b, 0x61, 0x85, 0x63, 0x7a,
  0x61, 0x84, 0x4d, 0x7b, 0x3d, 0x82, 0x47, 0x7b, 0x59, 0x84, 0x5e, 0x7a,
  0x5f, 0x84, 0x5f, 0x7b, 0x5c, 0x86, 0x6c, 0x79, 0x96, 0x92, 0xb3, 0x57,
  0xb7, 0x92, 0x8e, 0x55, 0x68, 0x86, 0x64, 0x79, 0x63, 0x85, 0x63, 0x7a,
  0x63, 0x85, 0x64, 0x7a, 0x66, 0x85, 0x65, 0x7a, 0x5d, 0x84, 0x4e, 0x7b,
  0x30, 0x82, 0x4b, 0x7e, 0x68, 0x85, 0x68, 0x7a, 0x69, 0x85, 0x67, 0x7b,
  0x67, 0x85, 0x6a, 0x7b, 0x72, 0x88, 0x7b, 0x77, 0x7e, 0x8a, 0x61, 0x75,
  0x33, 0x84, 0x28, 0x7b, 0x2a, 0x84, 0x29, 0x7c, 0x28, 0x83, 0x28, 0x7c,
  0x27, 0x83, 0x27, 0x7c, 0x26, 0x83, 0x26, 0x7c, 0x24, 0x83, 0x20, 0x7b,
  0x20, 0x84, 0x1f, 0x7a, 0x1f, 0x84, 0x23, 0x7a, 0x26, 0x83, 0x25, 0x7c,
  0x24, 0x84, 0x23, 0x7b, 0x23, 0x84, 0x23, 0x7b, 0x22, 0x84, 0x22, 0x7a,
  0x22, 0x84, 0x22, 0x7a, 0x21, 0x84, 0x21, 0x7a, 0x21, 0x84, 0x21, 0x7a,
  0x21, 0x84, 0x21, 0x7a, 0x21, 0x84, 0x21, 0x7a, 0x21, 0x84, 0x22, 0x7a,
  0x21, 0x84, 0x21, 0x7a, 0x21, 0x84, 0x22, 0x7a, 0x22, 0x84, 0x22, 0x7a,
  0x22, 0x85, 0x22, 0x7a, 0x22, 0x85, 0x22, 0x7a, 0x23, 0x84, 0x23, 0x7a,
  0x23, 0x84, 0x24, 0x7a, 0x24, 0x85, 0x24, 0x7a, 0x25, 0x84, 0x25, 0x7a,
  0x25, 0x84, 0x26, 0x7b, 0x27, 0x83, 0x28, 0x7c, 0x25, 0x85, 0x22, 0x7b,
  0x22, 0x85, 0x22, 0x7a, 0x26, 0x83, 0x28, 0x7c, 0x28, 0x83, 0x29, 0x7c,
  0x2b, 0x83, 0x2b, 0x7c, 0x2b, 0x83, 0x2b, 0x7c, 0x2c, 0x83, 0x2d, 0x7c,
  0x37, 0x85, 0x38, 0x7a, 0x32, 0x83, 0x49, 0x7b, 0x69, 0x85, 0x70, 0x7b,
  0x6e, 0x84, 0x6f, 0x7b, 0x6f, 0x85, 0x6e, 0x7b, 0x6d, 0x84, 0x68, 0x7a,
  0x5a, 0x83, 0x5b, 0x7d, 0x61, 0x84, 0x64, 0x7b, 0x6a, 0x84, 0x67, 0x7b,
  0x65, 0x84, 0x65, 0x7b, 0x64, 0x84, 0x65, 0x7b, 0x66, 0x8b, 0x84, 0x6e,
  0xab, 0x98, 0xb3, 0x4d, 0x9f, 0x90, 0x79, 0x60, 0x5f, 0x84, 0x5f, 0x7c,
  0x5f, 0x84, 0x60, 0x7a, 0x59, 0x83, 0x42, 0x7b, 0x3e, 0x82, 0x56, 0x7c,
  0x66, 0x84, 0x62, 0x7b, 0x61, 0x83, 0x61, 0x7b, 0x60, 0x83, 0x5e, 0x7c,
  0x61, 0x84, 0x5f, 0x7c, 0x42, 0x81, 0x26, 0x7d, 0x0f, 0x7f, 0x1b, 0x7d,
  0x2d, 0x81, 0x2b, 0x7c, 0x18, 0x7f, 0x13, 0x7e, 0x24, 0x81, 0x24, 0x7c,
  0x17, 0x7f, 0x19, 0x7d, 0x23, 0x81, 0x22, 0x7d, 0x1d, 0x81, 0x1c, 0x7c,
  0x1e, 0x84, 0x1e, 0x7b, 0x1e, 0x84, 0x1e, 0x7b, 0x1d, 0x83, 0x1d, 0x7b,
  0x1d, 0x84, 0x1d, 0x7b, 0x1d, 0x83, 0x1d, 0x7b, 0x1d, 0x84, 0x1d, 0x7b,
  0x1c, 0x84, 0x1c, 0x7b, 0x1c, 0x83, 0x1c, 0x7b, 0x1c, 0x83, 0x1d, 0x7b,
  0x1d, 0x83, 0x1c, 0x7b, 0x1c, 0x83, 0x1c, 0x7b, 0x1c, 0x83, 0x1c, 0x7b,
  0x1c, 0x83, 0x1c, 0x7b, 0x1c, 0x83, 0x1c, 0x7b, 0x1c, 0x83, 0x1c, 0x7b,
  0x1c, 0x83, 0x1c, 0x7b, 0x1c, 0x83, 0x1b, 0x7b, 0x1f, 0x83, 0x41, 0x7b,
  0x5f, 0x83, 0x4d, 0x7c, 0x32, 0x82, 0x29, 0x7c, 0x23, 0x81, 0x21, 0x7c,
  0x1f, 0x84, 0x1f, 0x7b, 0x1f, 0x84, 0x1f, 0x7a, 0x20, 0x85, 0x20, 0x7b,
  0x20, 0x84, 0x20, 0x7a, 0x20, 0x84, 0x21, 0x7a, 0x20, 0x84, 0x20, 0x7a,
  0x20, 0x85, 0x20, 0x7a, 0x20, 0x85, 0x20, 0x7a, 0x1f, 0x85, 0x1f, 0x7a,
  0x20, 0x85, 0x20, 0x7a, 0x1f, 0x84, 0x1f, 0x7a, 0x1f, 0x85, 0x1f, 0x7a,
  0x1f, 0x85, 0x1f, 0x7b, 0x20, 0x85, 0x20, 0x7a, 0x1f, 0x85, 0x20, 0x7a,
  0x20, 0x85, 0x20, 0x7a, 0x20, 0x85, 0x20, 0x7a, 0x21, 0x85, 0x21, 0x7a,
  0x20, 0x85, 0x20, 0x7a, 0x20, 0x85, 0x20, 0x7a, 0x20, 0x85, 0x1f, 0x7a,
  0x1f, 0x84, 0x1f, 0x7a, 0x1f, 0x85, 0x1d, 0x7b, 0x2a, 0x86, 0x29, 0x79,
  0x23, 0x82, 0x2a, 0x7c, 0x36, 0x85, 0x54, 0x7a, 0x78, 0x88, 0x3f, 0x78,
  0x14, 0x83, 0x1e, 0x7b, 0x1c, 0x83, 0x1c, 0x7b, 0x1c, 0x83, 0x1c, 0x7b,
  0x1d, 0x83, 0x1d, 0x7b, 0x1d, 0x84, 0x1d, 0x7b, 0x1d, 0x84, 0x1d, 0x7b,
  0x1e, 0x84, 0x1e, 0x7b, 0x1f, 0x85, 0x1e, 0x7b, 0x1f, 0x85, 0x1f, 0x7b,
  0x20, 0x85, 0x1f, 0x7b, 0x20, 0x85, 0x20, 0x7a, 0x20, 0x85, 0x21, 0x7a,
  0x21, 0x85, 0x21, 0x7a, 0x21, 0x85, 0x21, 0x7b, 0x21, 0x85, 0x21, 0x7b,
  0x21, 0x85, 0x21, 0x7a, 0x21, 0x85, 0x22, 0x7a, 0x1e, 0x82, 0x1e, 0x7c,
  0x19, 0x80, 0x12, 0x7d, 0x1e, 0x81, 0x1f, 0x7c, 0x1d, 0x81, 0x1c, 0x7c,
  0x25, 0x81, 0x25, 0x7c, 0x10, 0x82, 0x2c, 0x7c, 0x59, 0x87, 0x60, 0x79,
  0x5b, 0x85, 0x5a, 0x7b, 0x5a, 0x85, 0x5b, 0x7a, 0x5e, 0x85, 0x5f, 0x7b,
  0x61, 0x85, 0x57, 0x7b, 0x3a, 0x82, 0x3d, 0x7c, 0x55, 0x84, 0x5d, 0x7b,
  0x5a, 0x85, 0x5b, 0x7b, 0x57, 0x85, 0x5e, 0x7a, 0x85, 0x93, 0xb3, 0x58,
  0xba, 0x95, 0x9a, 0x53, 0x6d, 0x87, 0x5b, 0x78, 0x60, 0x85, 0x61, 0x7c,
  0x61, 0x85, 0x62, 0x7a, 0x62, 0x85, 0x61, 0x7a, 0x61, 0x85, 0x62, 0x7b,
  0x5e, 0x86, 0x62, 0x79, 0x80, 0x8d, 0x75, 0x6a, 0x63, 0x85, 0x67, 0x7a,
  0x68, 0x85, 0x68, 0x7a, 0x68, 0x85, 0x69, 0x7a, 0x6d, 0x85, 0x67, 0x7b,
  0x48, 0x82, 0x31, 0x7c, 0x34, 0x83, 0x2e, 0x7c, 0x2d, 0x83, 0x2e, 0x7c,
  0x2d, 0x83, 0x2c, 0x7c, 0x2b, 0x85, 0x2a, 0x7b, 0x29, 0x84, 0x2a, 0x7b,
  0x2c, 0x82, 0x2e, 0x7d, 0x2e, 0x82, 0x2d, 0x7d, 0x2d, 0x83, 0x2b, 0x7c,
  0x2a, 0x85, 0x2a, 0x7b, 0x29, 0x85, 0x29, 0x7a, 0x28, 0x85, 0x28, 0x7a,
  0x28, 0x85, 0x28, 0x7a, 0x27, 0x85, 0x27, 0x7a, 0x27, 0x85, 0x26, 0x7a,
  0x26, 0x85, 0x26, 0x7a, 0x26, 0x85, 0x26, 0x7a, 0x26, 0x85, 0x26, 0x7a,
  0x26, 0x85, 0x26, 0x7a, 0x26, 0x85, 0x26, 0x7a, 0x27, 0x85, 0x27, 0x7a,
  0x27, 0x85, 0x27, 0x7a, 0x27, 0x85, 0x27, 0x7a, 0x28, 0x85, 0x28, 0x7a,
  0x28, 0x85, 0x28, 0x7a, 0x29, 0x85, 0x29, 0x7a, 0x29, 0x86, 0x29, 0x7a,
  0x2a, 0x85, 0x2a, 0x7a, 0x2a, 0x85, 0x2b, 0x7a, 0x2b, 0x85, 0x2c, 0x7b,
  0x2d, 0x84, 0x2e, 0x7c, 0x2f, 0x82, 0x2f, 0x7d, 0x2d, 0x83, 0x2b, 0x7c,
  0x2b, 0x85, 0x2b, 0x7b, 0x2c, 0x85, 0x2c, 0x7b, 0x2c, 0x84, 0x2d, 0x7c,
  0x2e, 0x84, 0x30, 0x7b, 0x2f, 0x82, 0x22, 0x7c, 0x23, 0x80, 0x23, 0x7e,
  0x36, 0x84, 0x60, 0x7b, 0x72, 0x85, 0x6d, 0x7b, 0x6b, 0x85, 0x6c, 0x7b,
  0x6c, 0x85, 0x6c, 0x7b, 0x82, 0x8d, 0x92, 0x66, 0x70, 0x86, 0x54, 0x77,
  0x59, 0x84, 0x66, 0x7d, 0x64, 0x84, 0x62, 0x7b, 0x62, 0x85, 0x64, 0x7a,
  0x64, 0x83, 0x61, 0x7d, 0x6d, 0x8e, 0x95, 0x67, 0xb8, 0x9a, 0xb6, 0x46,
  0x8c, 0x8d, 0x63, 0x6a, 0x59, 0x84, 0x5c, 0x7d, 0x5d, 0x85, 0x60, 0x7a,
  0x53, 0x83, 0x3c, 0x7c, 0x43, 0x83, 0x5f, 0x7b, 0x64, 0x84, 0x60, 0x7c,
  0x5f, 0x83, 0x5d, 0x7c, 0x5b, 0x84, 0x5c, 0x7b, 0x61, 0x84, 0x58, 0x7c,
  0x2a, 0x80, 0x0c, 0x7e, 0x21, 0x81, 0x26, 0x7d, 0x1b, 0x7f, 0x0e, 0x7e,
  0x20, 0x81, 0x23, 0x7d, 0x22, 0x81, 0x21, 0x7c, 0x20, 0x80, 0x20, 0x7d,
  0x20, 0x83, 0x20, 0x7b, 0x20, 0x85, 0x20, 0x7a, 0x20, 0x85, 0x20, 0x7b,
  0x20, 0x85, 0x1f, 0x7b, 0x1f, 0x84, 0x1f, 0x7b, 0x1f, 0x85, 0x1f, 0x7b,
  0x1f, 0x84, 0x1f, 0x7b, 0x1f, 0x85, 0x1f, 0x7b, 0x1f, 0x84, 0x1e, 0x7b,
  0x1e, 0x84, 0x1e, 0x7b, 0x1e, 0x84, 0x1d, 0x7b, 0x1d, 0x84, 0x1c, 0x7b,
  0x1c, 0x84, 0x1c, 0x7b, 0x1c, 0x83, 0x1c, 0x7b, 0x1c, 0x83, 0x1c, 0x7b,
  0x1b, 0x84, 0x1b, 0x7b, 0x1b, 0x83, 0x1b, 0x7b, 0x1c, 0x84, 0x1a, 0x7b,
  0x23, 0x84, 0x57, 0x7c, 0x5e, 0x82, 0x3e, 0x7c, 0x2c, 0x82, 0x27, 0x7c,
  0x21, 0x81, 0x1f, 0x7c, 0x1f, 0x84, 0x1f, 0x7b, 0x1f, 0x84, 0x1f, 0x7a,
  0x20, 0x84, 0x1f, 0x7a, 0x20, 0x85, 0x20, 0x7a, 0x20, 0x85, 0x20, 0x7a,
  0x20, 0x85, 0x20, 0x7a, 0x20, 0x85, 0x1f, 0x7a, 0x20, 0x85, 0x20, 0x7a,
  0x1f, 0x85, 0x1f, 0x7a, 0x1f, 0x85, 0x1f, 0x7a, 0x1f, 0x85, 0x1f, 0x7a,
  0x1f, 0x85, 0x1f, 0x7a, 0x1f, 0x85, 0x1f, 0x7a, 0x20, 0x85, 0x20, 0x7a,
  0x1f, 0x85, 0x20, 0x7a, 0x20, 0x85, 0x20, 0x7a, 0x20, 0x85, 0x20, 0x7a,
  0x20, 0x85, 0x20, 0x7a, 0x20, 0x85, 0x20, 0x7a, 0x20, 0x85, 0x20, 0x7a,
  0x20, 0x85, 0x20, 0x7a, 0x1f, 0x85, 0x1f, 0x7a, 0x1f, 0x85, 0x1d, 0x7a,
  0x24, 0x85, 0x27, 0x7a, 0x21, 0x82, 0x25, 0x7c, 0x2d, 0x83, 0x3b, 0x7b,
  0x5f, 0x89, 0x76, 0x78, 0x32, 0x85, 0x15, 0x7a, 0x1f, 0x83, 0x1c, 0x7b,
  0x1d, 0x83, 0x1d, 0x7b, 0x1e, 0x84, 0x1e, 0x7b, 0x1e, 0x84, 0x1f, 0x7b,
  0x1f, 0x84, 0x1f, 0x7b, 0x20, 0x84, 0x20, 0x7a, 0x21, 0x85, 0x21, 0x7a,
  0x21, 0x85, 0x21, 0x7a, 0x22, 0x85, 0x21, 0x7a, 0x21, 0x85, 0x22, 0x7a,
  0x22, 0x85, 0x23, 0x7a, 0x22, 0x85, 0x23, 0x7a, 0x23, 0x85, 0x23, 0x7a,
  0x23, 0x85, 0x23, 0x7a, 0x23, 0x85, 0x23, 0x7a, 0x23, 0x85, 0x24, 0x7a,
  0x1f, 0x82, 0x1c, 0x7c, 0x19, 0x7f, 0x0d, 0x7e, 0x1b, 0x81, 0x20, 0x7d,
  0x1f, 0x82, 0x20, 0x7c, 0x21, 0x81, 0x1a, 0x7c, 0x1e, 0x83, 0x30, 0x7b,
  0x2e, 0x84, 0x44, 0x7b, 0x55, 0x85, 0x5a, 0x7a, 0x5a, 0x85, 0x59, 0x7a,
  0x5b, 0x85, 0x5f, 0x7a, 0x5a, 0x83, 0x3a, 0x7b, 0x48, 0x83, 0x59, 0x7b,
  0x5b, 0x84, 0x5a, 0x7b, 0x5c, 0x84, 0x5b, 0x7c, 0x79, 0x92, 0xa7, 0x5a,
  0xb8, 0x96, 0x9d, 0x50, 0x72, 0x88, 0x5a, 0x76, 0x5b, 0x84, 0x5f, 0x7c,
  0x5f, 0x85, 0x5f, 0x7a, 0x60, 0x85, 0x61, 0x7a, 0x61, 0x85, 0x63, 0x79,
  0x60, 0x83, 0x5a, 0x7f, 0x70, 0x92, 0xa2, 0x59, 0xa7, 0x93, 0x7a, 0x58,
  0x67, 0x84, 0x67, 0x7d, 0x65, 0x85, 0x64, 0x7a, 0x67, 0x86, 0x6a, 0x7a,
  0x54, 0x83, 0x2f, 0x7b, 0x21, 0x80, 0x1f, 0x7e, 0x20, 0x82, 0x2b, 0x7c,
  0x2c, 0x86, 0x2d, 0x7a, 0x2d, 0x85, 0x2d, 0x7b, 0x2d, 0x85, 0x2c, 0x7a,
  0x2c, 0x85, 0x2c, 0x7a, 0x2e, 0x84, 0x2f, 0x7c, 0x30, 0x83, 0x2f, 0x7c,
  0x2e, 0x85, 0x2d, 0x7b, 0x2d, 0x85, 0x2d, 0x7a, 0x2d, 0x86, 0x2c, 0x7a,
  0x2d, 0x87, 0x2c, 0x79, 0x2c, 0x87, 0x2c, 0x79, 0x2b, 0x86, 0x2b, 0x79,
  0x2b, 0x86, 0x2b, 0x79, 0x2b, 0x86, 0x2b, 0x79, 0x2b, 0x86, 0x2b, 0x79,
  0x2b, 0x86, 0x2b, 0x79, 0x2b, 0x86, 0x2b, 0x79, 0x2c, 0x86, 0x2c, 0x79,
  0x2c, 0x86, 0x2c, 0x79, 0x2c, 0x86, 0x2c, 0x79, 0x2c, 0x86, 0x2c, 0x79,
  0x2c, 0x86, 0x2d, 0x79, 0x2c, 0x86, 0x2c, 0x79, 0x2d, 0x86, 0x2d, 0x79,
  0x2d, 0x86, 0x2d, 0x79, 0x2d, 0x86, 0x2e, 0x79, 0x2e, 0x86, 0x2e, 0x7a,
  0x2e, 0x85, 0x2e, 0x7a, 0x2e, 0x85, 0x2f, 0x7b, 0x2f, 0x85, 0x2f, 0x7b,
  0x2f, 0x84, 0x2e, 0x7b, 0x2d, 0x85, 0x2d, 0x7a, 0x2d, 0x86, 0x2e, 0x7a,
  0x2e, 0x85, 0x2d, 0x7a, 0x2d, 0x85, 0x31, 0x7a, 0x2e, 0x82, 0x29, 0x7c,
  0x27, 0x81, 0x28, 0x7d, 0x26, 0x7f, 0x28, 0x7d, 0x49, 0x84, 0x69, 0x7b,
  0x6d, 0x85, 0x6a, 0x7a, 0x6c, 0x83, 0x6c, 0x7e, 0x76, 0x8e, 0x9e, 0x5f,
  0xb2, 0x92, 0x88, 0x56, 0x51, 0x83, 0x4a, 0x7e, 0x5b, 0x84, 0x63, 0x7a,
  0x62, 0x84, 0x61, 0x7b, 0x61, 0x84, 0x61, 0x7a, 0x5d, 0x85, 0x59, 0x7b,
  0x70, 0x93, 0xa4, 0x5d, 0xaf, 0x98, 0x97, 0x4d, 0x74, 0x89, 0x5e, 0x71,
  0x5f, 0x84, 0x5d, 0x7c, 0x5f, 0x84, 0x5d, 0x7a, 0x45, 0x82, 0x3a, 0x7c,
  0x55, 0x83, 0x62, 0x7c, 0x5d, 0x84, 0x5b, 0x7b, 0x5b, 0x83, 0x5a, 0x7b,
  0x5b, 0x84, 0x62, 0x7b, 0x63, 0x82, 0x2c, 0x7c, 0x15, 0x80, 0x24, 0x7d,
  0x1e, 0x81, 0x19, 0x7d, 0x21, 0x81, 0x20, 0x7c, 0x1e, 0x81, 0x1a, 0x7d,
  0x1d, 0x81, 0x1e, 0x7d, 0x21, 0x84, 0x23, 0x7b, 0x23, 0x85, 0x23, 0x7a,
  0x22, 0x85, 0x22, 0x7a, 0x22, 0x85, 0x22, 0x7a, 0x22, 0x84, 0x22, 0x7a,
  0x21, 0x85, 0x22, 0x7a, 0x21, 0x85, 0x22, 0x7a, 0x22, 0x85, 0x21, 0x7a,
  0x21, 0x85, 0x20, 0x7a, 0x20, 0x84, 0x20, 0x7a, 0x20, 0x84, 0x20, 0x7a,
  0x1f, 0x84, 0x1f, 0x7a, 0x1e, 0x84, 0x1e, 0x7b, 0x1e, 0x84, 0x1e, 0x7b,
  0x1d, 0x84, 0x1c, 0x7b, 0x1c, 0x84, 0x1c, 0x7b, 0x1b, 0x83, 0x1c, 0x7b,
  0x1c, 0x83, 0x17, 0x7b, 0x45, 0x83, 0x64, 0x7c, 0x49, 0x82, 0x30, 0x7c,
  0x28, 0x81, 0x23, 0x7c, 0x1f, 0x82, 0x1f, 0x7c, 0x1f, 0x84, 0x1f, 0x7a,
  0x1f, 0x84, 0x1f, 0x7a, 0x20, 0x84, 0x20, 0x7a, 0x20, 0x85, 0x20, 0x7a,
  0x20, 0x85, 0x20, 0x7a, 0x20, 0x84, 0x20, 0x7a, 0x20, 0x85, 0x20, 0x7a,
  0x20, 0x85, 0x20, 0x7a, 0x20, 0x85, 0x1f, 0x7a, 0x1f, 0x85, 0x1f, 0x7a,
  0x1f, 0x85, 0x1f, 0x7a, 0x1f, 0x85, 0x1f, 0x7a, 0x1f, 0x85, 0x1f, 0x7a,
  0x20, 0x85, 0x20, 0x7a, 0x20, 0x85, 0x20, 0x7a, 0x20, 0x85, 0x20, 0x7a,
  0x21, 0x85, 0x20, 0x7a, 0x20, 0x85, 0x20, 0x7a, 0x20, 0x85, 0x20, 0x7a,
  0x20, 0x85, 0x1f, 0x7a, 0x1f, 0x84, 0x1f, 0x7a, 0x1f, 0x84, 0x1e, 0x7b,
  0x1e, 0x84, 0x1d, 0x7b, 0x1f, 0x83, 0x24, 0x7b, 0x20, 0x82, 0x22, 0x7c,
  0x27, 0x82, 0x2d, 0x7c, 0x39, 0x86, 0x5c, 0x7a, 0x78, 0x89, 0x3a, 0x77,
  0x14, 0x84, 0x1d, 0x7b, 0x1f, 0x84, 0x1e, 0x7b, 0x1e, 0x84, 0x1f, 0x7b,
  0x1f, 0x85, 0x20, 0x7a, 0x20, 0x85, 0x20, 0x7a, 0x21, 0x85, 0x21, 0x7a,
  0x21, 0x85, 0x21, 0x7a, 0x22, 0x85, 0x22, 0x7a, 0x22, 0x86, 0x22, 0x7a,
  0x23, 0x86, 0x23, 0x7a, 0x23, 0x86, 0x24, 0x7a, 0x24, 0x85, 0x24, 0x7a,
  0x24, 0x85, 0x24, 0x7a, 0x24, 0x86, 0x25, 0x7a, 0x25, 0x86, 0x25, 0x7a,
  0x25, 0x86, 0x25, 0x7a, 0x24, 0x83, 0x1c, 0x7b, 0x1b, 0x7f, 0x0f, 0x7e,
  0x1a, 0x80, 0x21, 0x7d, 0x14, 0x7f, 0x1b, 0x7e, 0x1f, 0x82, 0x1b, 0x7c,
  0x2d, 0x85, 0x26, 0x7a, 0x21, 0x82, 0x22, 0x7c, 0x2b, 0x83, 0x3d, 0x7b,
  0x4d, 0x84, 0x59, 0x7b, 0x5a, 0x84, 0x53, 0x7b, 0x5a, 0x84, 0x5c, 0x7b,
  0x5b, 0x84, 0x57, 0x7b, 0x57, 0x84, 0x58, 0x7b, 0x5a, 0x85, 0x5b, 0x7a,
  0x77, 0x8e, 0x88, 0x66, 0x6f, 0x88, 0x59, 0x74, 0x59, 0x84, 0x5d, 0x7c,
  0x5d, 0x85, 0x5d, 0x7a, 0x5e, 0x85, 0x5e, 0x7a, 0x5f, 0x85, 0x61, 0x79,
  0x63, 0x83, 0x5e, 0x7f, 0x66, 0x8f, 0x8e, 0x63, 0xa7, 0x96, 0x87, 0x50,
  0x63, 0x84, 0x64, 0x7d, 0x68, 0x84, 0x66, 0x7b, 0x66, 0x86, 0x6a, 0x7a,
  0x60, 0x83, 0x3e, 0x7b, 0x24, 0x7f, 0x23, 0x7d, 0x25, 0x81, 0x26, 0x7d,
  0x26, 0x82, 0x2b, 0x7c, 0x2d, 0x86, 0x2d, 0x7a, 0x2e, 0x86, 0x2e, 0x7a,
  0x2e, 0x86, 0x2d, 0x7a, 0x2e, 0x86, 0x2e, 0x7a, 0x2f, 0x84, 0x30, 0x7b,
  0x31, 0x84, 0x30, 0x7b, 0x2f, 0x86, 0x2f, 0x7a, 0x2f, 0x86, 0x2e, 0x7a,
  0x2f, 0x87, 0x2f, 0x79, 0x2f, 0x87, 0x2f, 0x79, 0x2f, 0x87, 0x2f, 0x79,
  0x2e, 0x87, 0x2e, 0x79, 0x2e, 0x87, 0x2e, 0x79, 0x2e, 0x87, 0x2f, 0x79,
  0x2f, 0x87, 0x2e, 0x79, 0x2f, 0x87, 0x2f, 0x79, 0x2f, 0x87, 0x2f, 0x78,
  0x2f, 0x87, 0x2f, 0x79, 0x30, 0x87, 0x30, 0x78, 0x30, 0x87, 0x30, 0x78,
  0x30, 0x87, 0x30, 0x78, 0x30, 0x87, 0x31, 0x78, 0x30, 0x87, 0x31, 0x78,
  0x31, 0x87, 0x31, 0x78, 0x31, 0x87, 0x30, 0x79, 0x30, 0x87, 0x30, 0x79,
  0x30, 0x86, 0x30, 0x7a, 0x30, 0x86, 0x30, 0x7a, 0x30, 0x86, 0x31, 0x7a,
  0x31, 0x85, 0x31, 0x7b, 0x30, 0x85, 0x30, 0x7a, 0x2f, 0x86, 0x2f, 0x7a,
  0x2f, 0x86, 0x30, 0x7a, 0x31, 0x86, 0x31, 0x7a, 0x2c, 0x86, 0x26, 0x7a,
  0x1c, 0x82, 0x21, 0x7d, 0x29, 0x7d, 0x27, 0x7f, 0x2c, 0x79, 0x33, 0x82,
  0x2e, 0x7b, 0x3b, 0x81, 0x61, 0x85, 0x72, 0x7b, 0x6c, 0x84, 0x6a, 0x7b,
  0x68, 0x83, 0x64, 0x7f, 0x81, 0x93, 0xad, 0x55, 0xa0, 0x8f, 0x68, 0x60,
  0x4f, 0x83, 0x59, 0x7f, 0x61, 0x84, 0x61, 0x7a, 0x5f, 0x84, 0x5f, 0x7b,
  0x5f, 0x83, 0x5c, 0x7c, 0x56, 0x88, 0x66, 0x76, 0x7d, 0x90, 0x7e, 0x66,
  0x74, 0x89, 0x61, 0x71, 0x5d, 0x84, 0x5c, 0x7c, 0x5a, 0x84, 0x59, 0x7b,
  0x5c, 0x84, 0x51, 0x7b, 0x4a, 0x83, 0x5c, 0x7c, 0x5e, 0x83, 0x5e, 0x7b,
  0x5e, 0x84, 0x5d, 0x7c, 0x58, 0x83, 0x4d, 0x7c, 0x3f, 0x82, 0x35, 0x7c,
  0x19, 0x81, 0x1f, 0x7d, 0x20, 0x82, 0x20, 0x7c, 0x1f, 0x81, 0x20, 0x7d,
  0x17, 0x7f, 0x10, 0x7e, 0x1d, 0x81, 0x1d, 0x7d, 0x22, 0x85, 0x25, 0x7a,
  0x24, 0x86, 0x24, 0x7a, 0x24, 0x86, 0x24, 0x7a, 0x24, 0x85, 0x24, 0x7a,
  0x23, 0x86, 0x23, 0x7a, 0x23, 0x85, 0x23, 0x7a, 0x23, 0x85, 0x23, 0x7a,
  0x23, 0x85, 0x23, 0x7a, 0x22, 0x85, 0x22, 0x7a, 0x22, 0x85, 0x22, 0x7a,
  0x21, 0x85, 0x21, 0x7a, 0x20, 0x85, 0x20, 0x7a, 0x20, 0x84, 0x20, 0x7a,
  0x1f, 0x84, 0x1f, 0x7b, 0x1e, 0x84, 0x1d, 0x7b, 0x1d, 0x84, 0x1c, 0x7b,
  0x1d, 0x84, 0x1d, 0x7b, 0x16, 0x83, 0x3b, 0x7c, 0x65, 0x82, 0x4e, 0x7d,
  0x32, 0x82, 0x2a, 0x7c, 0x25, 0x81, 0x20, 0x7d, 0x1f, 0x82, 0x1f, 0x7d,
  0x1e, 0x84, 0x1f, 0x7b, 0x1f, 0x84, 0x1f, 0x7b, 0x20, 0x84, 0x1f, 0x7a,
  0x1f, 0x85, 0x20, 0x7a, 0x20, 0x85, 0x20, 0x7a, 0x20, 0x85, 0x20, 0x7a,
  0x20, 0x85, 0x20, 0x7a, 0x1f, 0x85, 0x1f, 0x7a, 0x20, 0x85, 0x1f, 0x7a,
  0x20, 0x85, 0x1f, 0x7a, 0x1e, 0x85, 0x1e, 0x7a, 0x20, 0x85, 0x1f, 0x7a,
  0x20, 0x85, 0x1f, 0x7b, 0x20, 0x85, 0x20, 0x7b, 0x20, 0x85, 0x20, 0x7a,
  0x20, 0x85, 0x20, 0x7a, 0x21, 0x85, 0x21, 0x7a, 0x21, 0x85, 0x20, 0x7a,
  0x20, 0x85, 0x20, 0x7a, 0x20, 0x84, 0x1f, 0x7b, 0x1f, 0x84, 0x1e, 0x7b,
  0x1e, 0x84, 0x1e, 0x7b, 0x1e, 0x84, 0x1d, 0x7b, 0x1d, 0x83, 0x21, 0x7b,
  0x20, 0x81, 0x21, 0x7c, 0x23, 0x82, 0x26, 0x7b, 0x2b, 0x82, 0x33, 0x7c,
  0x53, 0x89, 0x79, 0x77, 0x52, 0x87, 0x1c, 0x78, 0x17, 0x83, 0x20, 0x7b,
  0x20, 0x85, 0x1f, 0x7b, 0x20, 0x84, 0x20, 0x7a, 0x20, 0x85, 0x20, 0x7a,
  0x21, 0x85, 0x21, 0x7a, 0x22, 0x86, 0x22, 0x7a, 0x22, 0x86, 0x22, 0x7a,
  0x22, 0x86, 0x23, 0x7a, 0x23, 0x86, 0x23, 0x7a, 0x23, 0x86, 0x24, 0x7a,
  0x24, 0x85, 0x24, 0x7a, 0x24, 0x86, 0x24, 0x7a, 0x24, 0x86, 0x25, 0x7a,
  0x25, 0x86, 0x25, 0x7a, 0x26, 0x86, 0x25, 0x7a, 0x26, 0x85, 0x24, 0x7a,
  0x1e, 0x80, 0x11, 0x7d, 0x12, 0x7f, 0x1e, 0x7d, 0x0f, 0x7f, 0x12, 0x7d,
  0x1d, 0x80, 0x17, 0x7c, 0x2d, 0x87, 0x37, 0x78, 0x32, 0x85, 0x2a, 0x7a,
  0x24, 0x82, 0x23, 0x7c, 0x29, 0x83, 0x36, 0x7c, 0x40, 0x84, 0x51, 0x7b,
  0x5b, 0x85, 0x5c, 0x7a, 0x5b, 0x85, 0x5b, 0x7b, 0x5c, 0x84, 0x5c, 0x7b,
  0x59, 0x84, 0x59, 0x7b, 0x56, 0x83, 0x55, 0x7e, 0x57, 0x84, 0x5b, 0x7c,
  0x5c, 0x85, 0x5b, 0x7a, 0x5c, 0x85, 0x5d, 0x7b, 0x5d, 0x85, 0x5d, 0x7a,
  0x60, 0x84, 0x5d, 0x7d, 0x5b, 0x8a, 0x7f, 0x6f, 0xae, 0x98, 0x9c, 0x49,
  0x68, 0x86, 0x5b, 0x77, 0x63, 0x84, 0x63, 0x7c, 0x62, 0x85, 0x67, 0x79,
  0x6b, 0x85, 0x53, 0x7b, 0x35, 0x79, 0x31, 0x82, 0x33, 0x79, 0x28, 0x82,
  0x22, 0x7e, 0x1f, 0x7e, 0x17, 0x83, 0x20, 0x7b, 0x2e, 0x87, 0x30, 0x79,
  0x30, 0x87, 0x2f, 0x79, 0x2e, 0x87, 0x2e, 0x79, 0x2e, 0x86, 0x2f, 0x7a,
  0x30, 0x85, 0x31, 0x7a, 0x30, 0x86, 0x30, 0x7a, 0x30, 0x86, 0x30, 0x7a,
  0x30, 0x87, 0x30, 0x79, 0x31, 0x87, 0x31, 0x79, 0x31, 0x87, 0x31, 0x78,
  0x31, 0x87, 0x31, 0x78, 0x30, 0x87, 0x30, 0x78, 0x31, 0x87, 0x31, 0x78,
  0x31, 0x87, 0x31, 0x78, 0x31, 0x87, 0x31, 0x78, 0x31, 0x87, 0x31, 0x78,
  0x31, 0x87, 0x32, 0x78, 0x32, 0x87, 0x32, 0x78, 0x32, 0x88, 0x33, 0x78,
  0x33, 0x88, 0x33, 0x78, 0x33, 0x88, 0x33, 0x78, 0x33, 0x88, 0x33, 0x78,
  0x34, 0x88, 0x34, 0x78, 0x33, 0x88, 0x34, 0x78, 0x34, 0x87, 0x33, 0x78,
  0x33, 0x87, 0x32, 0x79, 0x32, 0x87, 0x31, 0x79, 0x31, 0x87, 0x31, 0x79,
  0x31, 0x87, 0x32, 0x7a, 0x32, 0x86, 0x31, 0x7a, 0x31, 0x86, 0x30, 0x7a,
  0x31, 0x86, 0x32, 0x7a, 0x32, 0x86, 0x2d, 0x7a, 0x26, 0x88, 0x24, 0x79,
  0x31, 0x87, 0x52, 0x79, 0x84, 0x73, 0x84, 0x85, 0x5a, 0x68, 0x49, 0x8e,
  0x33, 0x76, 0x31, 0x84, 0x39, 0x76, 0x35, 0x84, 0x36, 0x7e, 0x51, 0x7f,
  0x6c, 0x85, 0x6a, 0x7a, 0x64, 0x83, 0x67, 0x7c, 0x60, 0x85, 0x6a, 0x7a,
  0x9f, 0x95, 0xb7, 0x4e, 0x89, 0x8b, 0x5d, 0x6b, 0x56, 0x83, 0x5d, 0x7e,
  0x60, 0x84, 0x5f, 0x7a, 0x5e, 0x84, 0x5d, 0x7b, 0x5e, 0x84, 0x5c, 0x7b,
  0x5d, 0x84, 0x5f, 0x7c, 0x5c, 0x84, 0x5b, 0x7b, 0x5a, 0x84, 0x5c, 0x7b,
  0x5f, 0x84, 0x60, 0x7b, 0x5e, 0x84, 0x5e, 0x7b, 0x5c, 0x84, 0x55, 0x7b,
  0x50, 0x83, 0x55, 0x7b, 0x51, 0x83, 0x44, 0x7c, 0x35, 0x82, 0x2a, 0x7c,
  0x25, 0x82, 0x27, 0x7c, 0x24, 0x81, 0x1b, 0x7c, 0x1d, 0x80, 0x18, 0x7d,
  0x1a, 0x80, 0x1f, 0x7c, 0x13, 0x7f, 0x13, 0x7e, 0x1e, 0x81, 0x1e, 0x7d,
  0x24, 0x85, 0x24, 0x7a, 0x24, 0x85, 0x25, 0x7a, 0x25, 0x86, 0x25, 0x7a,
  0x24, 0x86, 0x24, 0x7a, 0x24, 0x86, 0x24, 0x7a, 0x24, 0x86, 0x24, 0x7a,
  0x24, 0x86, 0x24, 0x7b, 0x23, 0x85, 0x23, 0x7a, 0x23, 0x85, 0x23, 0x7a,
  0x23, 0x85, 0x22, 0x7a, 0x22, 0x85, 0x22, 0x7a, 0x21, 0x85, 0x21, 0x7a,
  0x20, 0x85, 0x20, 0x7a, 0x20, 0x84, 0x20, 0x7b, 0x1f, 0x84, 0x1e, 0x7a,
  0x1e, 0x84, 0x1f, 0x7b, 0x1c, 0x84, 0x18, 0x7b, 0x3f, 0x82, 0x65, 0x7c,
  0x4e, 0x82, 0x33, 0x7c, 0x2a, 0x81, 0x27, 0x7c, 0x21, 0x81, 0x1e, 0x7c,
  0x1f, 0x82, 0x1d, 0x7b, 0x1e, 0x84, 0x1e, 0x7b, 0x1e, 0x84, 0x1f, 0x7b,
  0x1f, 0x84, 0x1f, 0x7b, 0x1f, 0x84, 0x20, 0x7b, 0x1f, 0x85, 0x20, 0x7a,
  0x20, 0x85, 0x1f, 0x7b, 0x1f, 0x85, 0x1f, 0x7a, 0x1f, 0x85, 0x20, 0x7a,
  0x1f, 0x85, 0x1f, 0x7a, 0x20, 0x84, 0x1f, 0x7a, 0x1f, 0x84, 0x1f, 0x7b,
  0x20, 0x85, 0x20, 0x7a, 0x1f, 0x85, 0x20, 0x7a, 0x20, 0x85, 0x20, 0x7a,
  0x20, 0x85, 0x20, 0x7a, 0x20, 0x85, 0x20, 0x7a, 0x20, 0x85, 0x21, 0x7a,
  0x20, 0x85, 0x20, 0x7a, 0x20, 0x85, 0x1f, 0x7a, 0x1f, 0x85, 0x1f, 0x7a,
  0x1e, 0x84, 0x1e, 0x7a, 0x1e, 0x84, 0x1d, 0x7b, 0x1d, 0x83, 0x1d, 0x7b,
  0x1c, 0x83, 0x1d, 0x7b, 0x1f, 0x82, 0x1e, 0x7c, 0x21, 0x82, 0x23, 0x7c,
  0x26, 0x82, 0x2a, 0x7c, 0x2f, 0x84, 0x45, 0x7b, 0x6d, 0x8c, 0x6d, 0x76,
  0x3b, 0x87, 0x1a, 0x79, 0x1a, 0x84, 0x20, 0x7a, 0x22, 0x85, 0x21, 0x7a,
  0x20, 0x85, 0x20, 0x7a, 0x21, 0x85, 0x21, 0x7a, 0x22, 0x86, 0x22, 0x7a,
  0x22, 0x86, 0x23, 0x7a, 0x23, 0x86, 0x23, 0x7a, 0x23, 0x86, 0x23, 0x7a,
  0x24, 0x86, 0x24, 0x7a, 0x24, 0x86, 0x24, 0x7a, 0x24, 0x86, 0x24, 0x7a,
  0x25, 0x86, 0x25, 0x7a, 0x25, 0x86, 0x25, 0x7a, 0x26, 0x86, 0x26, 0x7a,
  0x26, 0x86, 0x26, 0x7a, 0x26, 0x85, 0x20, 0x7a, 0x17, 0x81, 0x1e, 0x7d,
  0x14, 0x7f, 0x11, 0x7e, 0x1e, 0x80, 0x17, 0x7d, 0x24, 0x84, 0x2b, 0x7a,
  0x31, 0x87, 0x34, 0x79, 0x31, 0x85, 0x2b, 0x79, 0x27, 0x82, 0x20, 0x7c,
  0x25, 0x82, 0x2b, 0x7c, 0x3c, 0x84, 0x51, 0x7b, 0x5b, 0x84, 0x5d, 0x7b,
  0x5d, 0x85, 0x5f, 0x7b, 0x60, 0x85, 0x5e, 0x7a, 0x5c, 0x85, 0x5b, 0x7a,
  0x5a, 0x84, 0x59, 0x7b, 0x5a, 0x85, 0x5b, 0x7b, 0x5b, 0x85, 0x5b, 0x7a,
  0x5c, 0x84, 0x5d, 0x7c, 0x58, 0x86, 0x66, 0x78, 0x9b, 0x98, 0xae, 0x49,
  0x7f, 0x8a, 0x5d, 0x6d, 0x5f, 0x83, 0x63, 0x7e, 0x60, 0x85, 0x61, 0x79,
  0x68, 0x86, 0x5e, 0x7a, 0x41, 0x7b, 0x33, 0x81, 0x38, 0x77, 0x37, 0x84,
  0x31, 0x72, 0x3c, 0x87, 0x51, 0x67, 0x77, 0x8e, 0x86, 0x7c, 0x50, 0x7f,
  0x30, 0x8a, 0x24, 0x77, 0x29, 0x87, 0x31, 0x79, 0x32, 0x87, 0x31, 0x79,
  0x30, 0x87, 0x30, 0x79, 0x31, 0x87, 0x31, 0x79, 0x31, 0x87, 0x31, 0x79,
  0x31, 0x87, 0x31, 0x79, 0x32, 0x87, 0x32, 0x79, 0x33, 0x87, 0x33, 0x78,
  0x33, 0x87, 0x33, 0x77, 0x33, 0x88, 0x33, 0x77, 0x33, 0x87, 0x34, 0x78,
  0x34, 0x87, 0x31, 0x78, 0x31, 0x87, 0x34, 0x77, 0x34, 0x88, 0x34, 0x77,
  0x34, 0x88, 0x34, 0x77, 0x34, 0x87, 0x34, 0x77, 0x34, 0x88, 0x35, 0x77,
  0x35, 0x88, 0x35, 0x77, 0x35, 0x88, 0x36, 0x77, 0x36, 0x88, 0x35, 0x77,
  0x36, 0x88, 0x36, 0x77, 0x36, 0x88, 0x36, 0x77, 0x36, 0x88, 0x36, 0x77,
  0x35, 0x88, 0x35, 0x77, 0x34, 0x87, 0x33, 0x78, 0x33, 0x87, 0x32, 0x78,
  0x32, 0x87, 0x32, 0x78, 0x32, 0x87, 0x32, 0x78, 0x32, 0x87, 0x31, 0x79,
  0x31, 0x86, 0x30, 0x79, 0x29, 0x88, 0x25, 0x79, 0x2a, 0x88, 0x40, 0x78,
  0x6d, 0x81, 0x9d, 0x7c, 0xc5, 0x6e, 0xde, 0x85, 0xe3, 0x62, 0xd4, 0x8c,
  0x99, 0x5f, 0x6d, 0x93, 0x5d, 0x69, 0x41, 0x8d, 0x31, 0x77, 0x36, 0x84,
  0x37, 0x77, 0x30, 0x84, 0x3e, 0x81, 0x5d, 0x7d, 0x69, 0x85, 0x65, 0x7a,
  0x67, 0x83, 0x66, 0x7e, 0x64, 0x89, 0x84, 0x6f, 0xb2, 0x96, 0x9e, 0x4d,
  0x65, 0x85, 0x4f, 0x7a, 0x56, 0x84, 0x5d, 0x7c, 0x5d, 0x85, 0x5c, 0x7b,
  0x5c, 0x84, 0x5d, 0x7b, 0x5d, 0x84, 0x5c, 0x7b, 0x5c, 0x84, 0x5c, 0x7b,
  0x5e, 0x84, 0x61, 0x7b, 0x60, 0x84, 0x5e, 0x7b, 0x5c, 0x84, 0x5c, 0x7b,
  0x5b, 0x83, 0x56, 0x7b, 0x42, 0x82, 0x2e, 0x7c, 0x2b, 0x81, 0x24, 0x7c,
  0x26, 0x82, 0x29, 0x7c, 0x2c, 0x83, 0x2f, 0x7b, 0x27, 0x82, 0x1c, 0x7c,
  0x1b, 0x7f, 0x0e, 0x7e, 0x18, 0x80, 0x1d, 0x7d, 0x0f, 0x7f, 0x15, 0x7e,
  0x1c, 0x83, 0x20, 0x7c, 0x25, 0x86, 0x24, 0x7a, 0x25, 0x86, 0x25, 0x7a,
  0x25, 0x86, 0x25, 0x7a, 0x25, 0x86, 0x25, 0x7a, 0x24, 0x85, 0x24, 0x7a,
  0x24, 0x86, 0x24, 0x7a, 0x24, 0x86, 0x24, 0x7a, 0x24, 0x85, 0x23, 0x7a,
  0x23, 0x85, 0x22, 0x7a, 0x22, 0x85, 0x22, 0x7a, 0x22, 0x85, 0x22, 0x7a,
  0x22, 0x85, 0x21, 0x7a, 0x20, 0x85, 0x20, 0x7a, 0x20, 0x85, 0x1f, 0x7a,
  0x1f, 0x85, 0x20, 0x7a, 0x1f, 0x85, 0x19, 0x7a, 0x20, 0x83, 0x4e, 0x7c,
  0x65, 0x83, 0x48, 0x7d, 0x30, 0x82, 0x2a, 0x7c, 0x27, 0x82, 0x22, 0x7c,
  0x1e, 0x81, 0x1e, 0x7d, 0x1e, 0x83, 0x1c, 0x7c, 0x1d, 0x84, 0x1d, 0x7b,
  0x1e, 0x84, 0x1e, 0x7b, 0x1f, 0x84, 0x1f, 0x7a, 0x1f, 0x85, 0x1f, 0x7a,
  0x20, 0x85, 0x20, 0x7a, 0x1f, 0x85, 0x1f, 0x7a, 0x1f, 0x85, 0x1f, 0x7a,
  0x1f, 0x85, 0x1f, 0x7a, 0x1f, 0x85, 0x1f, 0x7a, 0x1f, 0x85, 0x1f, 0x7a,
  0x1f, 0x85, 0x1f, 0x7a, 0x20, 0x85, 0x20, 0x7a, 0x1f, 0x85, 0x1f, 0x7a,
  0x1f, 0x85, 0x1f, 0x7a, 0x20, 0x85, 0x20, 0x7a, 0x20, 0x85, 0x20, 0x7a,
  0x20, 0x85, 0x20, 0x7a, 0x20, 0x85, 0x20, 0x7a, 0x1f, 0x85, 0x1f, 0x7a,
  0x1f, 0x84, 0x1e, 0x7a, 0x1e, 0x84, 0x1e, 0x7a, 0x1d, 0x83, 0x1d, 0x7b,
  0x1d, 0x83, 0x1d, 0x7b, 0x1c, 0x83, 0x1b, 0x7b, 0x1d, 0x81, 0x1d, 0x7c,
  0x1e, 0x81, 0x20, 0x7c, 0x23, 0x82, 0x27, 0x7c, 0x2a, 0x82, 0x2d, 0x7c,
  0x34, 0x85, 0x52, 0x7a, 0x70, 0x8b, 0x62, 0x76, 0x38, 0x86, 0x1c, 0x79,
  0x1a, 0x84, 0x20, 0x7a, 0x22, 0x85, 0x21, 0x7a, 0x21, 0x85, 0x21, 0x7a,
  0x21, 0x85, 0x22, 0x7a, 0x22, 0x85, 0x22, 0x7a, 0x22, 0x86, 0x23, 0x7a,
  0x23, 0x85, 0x23, 0x7a, 0x23, 0x86, 0x24, 0x7a, 0x24, 0x86, 0x24, 0x7a,
  0x24, 0x86, 0x24, 0x7a, 0x24, 0x86, 0x25, 0x7a, 0x25, 0x86, 0x25, 0x7a,
  0x25, 0x86, 0x26, 0x7a, 0x26, 0x86, 0x26, 0x7a, 0x25, 0x86, 0x26, 0x79,
  0x26, 0x85, 0x23, 0x7a, 0x1a, 0x7f, 0x0e, 0x7e, 0x1d, 0x80, 0x17, 0x7d,
  0x21, 0x82, 0x23, 0x7b, 0x22, 0x82, 0x24, 0x7c, 0x28, 0x85, 0x30, 0x7a,
  0x2c, 0x86, 0x32, 0x79, 0x2d, 0x83, 0x26, 0x7b, 0x25, 0x81, 0x2b, 0x7c,
  0x39, 0x83, 0x4a, 0x7b, 0x56, 0x84, 0x5c, 0x7b, 0x5c, 0x84, 0x5c, 0x7a,
  0x5e, 0x84, 0x60, 0x7b, 0x60, 0x84, 0x5c, 0x7b, 0x5a, 0x84, 0x5a, 0x7a,
  0x5b, 0x84, 0x5b, 0x7a, 0x5c, 0x84, 0x5a, 0x7d, 0x7d, 0x95, 0xaf, 0x50,
  0x9b, 0x8f, 0x64, 0x60, 0x57, 0x83, 0x60, 0x7f, 0x61, 0x85, 0x60, 0x79,
  0x64, 0x85, 0x65, 0x7a, 0x50, 0x7e, 0x35, 0x7f, 0x32, 0x76, 0x37, 0x84,
  0x32, 0x75, 0x35, 0x84, 0x51, 0x64, 0x69, 0x90, 0x88, 0x5d, 0xc2, 0x92,
  0xdc, 0x64, 0xd7, 0x8b, 0xbf, 0x79, 0x8e, 0x80, 0x56, 0x88, 0x30, 0x78,
  0x25, 0x88, 0x2a, 0x78, 0x32, 0x87, 0x33, 0x79, 0x32, 0x87, 0x32, 0x79,
  0x33, 0x87, 0x32, 0x78, 0x32, 0x87, 0x32, 0x79, 0x32, 0x87, 0x31, 0x79,
  0x31, 0x87, 0x30, 0x78, 0x2f, 0x87, 0x2f, 0x78, 0x2e, 0x87, 0x2e, 0x78,
  0x2f, 0x88, 0x31, 0x78, 0x37, 0x89, 0x40, 0x77, 0x40, 0x89, 0x35, 0x77,
  0x37, 0x88, 0x38, 0x77, 0x38, 0x88, 0x36, 0x77, 0x36, 0x88, 0x36, 0x77,
  0x36, 0x88, 0x36, 0x77, 0x36, 0x88, 0x37, 0x77, 0x37, 0x88, 0x37, 0x77,
  0x37, 0x88, 0x37, 0x77, 0x37, 0x88, 0x37, 0x77, 0x37, 0x88, 0x37, 0x77,
  0x37, 0x88, 0x36, 0x77, 0x36, 0x88, 0x35, 0x77, 0x35, 0x88, 0x34, 0x77,
  0x34, 0x88, 0x33, 0x78, 0x33, 0x88, 0x33, 0x78, 0x33, 0x88, 0x33, 0x78,
  0x32, 0x87, 0x32, 0x78, 0x31, 0x87, 0x31, 0x78, 0x58, 0x84, 0x82, 0x7a,
  0xab, 0x76, 0xd1, 0x82, 0xe3, 0x69, 0xe4, 0x88, 0xde, 0x66, 0xd8, 0x89,
  0xdf, 0x66, 0xe1, 0x88, 0xdb, 0x60, 0xad, 0x8f, 0x7a, 0x60, 0x60, 0x93,
  0x47, 0x70, 0x30, 0x89, 0x2e, 0x78, 0x35, 0x83, 0x32, 0x78, 0x34, 0x82,
  0x50, 0x83, 0x69, 0x7c, 0x69, 0x84, 0x66, 0x7a, 0x67, 0x82, 0x62, 0x80,
  0x6c, 0x8f, 0x97, 0x61, 0xa6, 0x94, 0x75, 0x57, 0x55, 0x82, 0x56, 0x7e,
  0x5b, 0x84, 0x5d, 0x7a, 0x5b, 0x84, 0x5c, 0x7b, 0x60, 0x83, 0x62, 0x7b,
  0x62, 0x84, 0x60, 0x7b, 0x5f, 0x84, 0x5d, 0x7b, 0x5c, 0x84, 0x56, 0x7b,
  0x4e, 0x83, 0x43, 0x7b, 0x36, 0x82, 0x2b, 0x7c, 0x27, 0x82, 0x25, 0x7c,
  0x2e, 0x84, 0x2f, 0x7b, 0x2d, 0x84, 0x2b, 0x7b, 0x29, 0x83, 0x28, 0x7b,
  0x21, 0x81, 0x1c, 0x7c, 0x18, 0x7f, 0x0f, 0x7e, 0x1c, 0x7f, 0x17, 0x7d,
  0x10, 0x80, 0x1c, 0x7d, 0x21, 0x85, 0x23, 0x7a, 0x24, 0x86, 0x24, 0x7a,
  0x25, 0x86, 0x25, 0x7a, 0x25, 0x86, 0x25, 0x7a, 0x25, 0x86, 0x24, 0x7a,
  0x24, 0x85, 0x24, 0x7a, 0x23, 0x85, 0x23, 0x7a, 0x23, 0x85, 0x23, 0x7a,
  0x23, 0x85, 0x23, 0x7a, 0x23, 0x85, 0x23, 0x7a, 0x23, 0x85, 0x22, 0x7a,
  0x22, 0x85, 0x22, 0x7a, 0x21, 0x85, 0x20, 0x7a, 0x20, 0x85, 0x20, 0x7a,
  0x20, 0x85, 0x21, 0x7a, 0x21, 0x85, 0x1b, 0x7a, 0x1c, 0x84, 0x38, 0x7b,
  0x5f, 0x83, 0x5c, 0x7c, 0x3e, 0x83, 0x2d, 0x7c, 0x29, 0x82, 0x26, 0x7c,
  0x23, 0x81, 0x1f, 0x7d, 0x1e, 0x81, 0x1f, 0x7c, 0x1c, 0x83, 0x1c, 0x7b,
  0x1c, 0x84, 0x1d, 0x7b, 0x1e, 0x83, 0x1e, 0x7b, 0x1f, 0x84, 0x1f, 0x7b,
  0x1f, 0x84, 0x1f, 0x7a, 0x20, 0x84, 0x1f, 0x7a, 0x1f, 0x85, 0x1f, 0x7a,
  0x1f, 0x85, 0x1f, 0x7a, 0x1f, 0x85, 0x1f, 0x7a, 0x1f, 0x85, 0x1f, 0x7a,
  0x1f, 0x85, 0x1f, 0x7a, 0x1f, 0x85, 0x1e, 0x7a, 0x20, 0x85, 0x1f, 0x7a,
  0x20, 0x84, 0x1f, 0x7a, 0x1f, 0x84, 0x20, 0x7a, 0x1f, 0x84, 0x20, 0x7a,
  0x1f, 0x85, 0x20, 0x7a, 0x1f, 0x84, 0x20, 0x7a, 0x20, 0x84, 0x20, 0x7a,
  0x20, 0x84, 0x1f, 0x7a, 0x1e, 0x84, 0x1e, 0x7a, 0x1e, 0x84, 0x1e, 0x7b,
  0x1d, 0x84, 0x1c, 0x7b, 0x1c, 0x83, 0x1c, 0x7b, 0x1b, 0x83, 0x1b, 0x7b,
  0x1b, 0x82, 0x1d, 0x7c, 0x1d, 0x81, 0x1e, 0x7d, 0x20, 0x82, 0x24, 0x7c,
  0x27, 0x83, 0x29, 0x7b, 0x2b, 0x83, 0x2d, 0x7c, 0x37, 0x85, 0x54, 0x7a,
  0x6d, 0x8b, 0x64, 0x76, 0x41, 0x88, 0x23, 0x78, 0x18, 0x85, 0x1b, 0x7b,
  0x20, 0x85, 0x22, 0x7a, 0x23, 0x86, 0x21, 0x7a, 0x21, 0x85, 0x21, 0x7a,
  0x21, 0x85, 0x21, 0x7a, 0x21, 0x86, 0x22, 0x7a, 0x22, 0x85, 0x23, 0x7a,
  0x23, 0x86, 0x23, 0x7a, 0x23, 0x86, 0x24, 0x79, 0x24, 0x85, 0x24, 0x7a,
  0x24, 0x86, 0x24, 0x7a, 0x25, 0x86, 0x25, 0x79, 0x25, 0x86, 0x25, 0x79,
  0x25, 0x86, 0x25, 0x79, 0x25, 0x86, 0x26, 0x79, 0x25, 0x85, 0x1d, 0x7a,
  0x1d, 0x81, 0x17, 0x7d, 0x20, 0x83, 0x24, 0x7b, 0x22, 0x83, 0x22, 0x7c,
  0x22, 0x82, 0x25, 0x7b, 0x24, 0x85, 0x31, 0x7a, 0x35, 0x87, 0x33, 0x78,
  0x2d, 0x84, 0x27, 0x7b, 0x23, 0x82, 0x25, 0x7c, 0x2e, 0x83, 0x40, 0x7b,
  0x52, 0x84, 0x5c, 0x7b, 0x5d, 0x85, 0x5d, 0x7b, 0x5e, 0x85, 0x5e, 0x7a,
  0x5f, 0x85, 0x5d, 0x7a, 0x5c, 0x82, 0x5c, 0x7f, 0x59, 0x8f, 0x89, 0x64,
  0xac, 0x95, 0x7b, 0x51, 0x5a, 0x83, 0x5c, 0x7f, 0x5f, 0x84, 0x5c, 0x7a,
  0x5e, 0x85, 0x64, 0x7a, 0x5a, 0x80, 0x3e, 0x7d, 0x33, 0x75, 0x38, 0x84,
  0x35, 0x78, 0x2e, 0x83, 0x3d, 0x6a, 0x57, 0x8d, 0x6d, 0x5f, 0x95, 0x94,
  0xca, 0x61, 0xe0, 0x8e, 0xdb, 0x62, 0xd3, 0x8d, 0xd8, 0x64, 0xe2, 0x8c,
  0xdb, 0x70, 0xb9, 0x85, 0x85, 0x84, 0x51, 0x7a, 0x2d, 0x8a, 0x26, 0x77,
  0x2b, 0x87, 0x2b, 0x79, 0x2c, 0x87, 0x30, 0x79, 0x33, 0x88, 0x36, 0x78,
  0x39, 0x88, 0x3b, 0x77, 0x3d, 0x89, 0x40, 0x76, 0x44, 0x8a, 0x49, 0x76,
  0x4f, 0x8b, 0x55, 0x75, 0x59, 0x8c, 0x5a, 0x74, 0x63, 0x8b, 0x62, 0x76,
  0x43, 0x88, 0x36, 0x77, 0x30, 0x8a, 0x2c, 0x76, 0x33, 0x8a, 0x39, 0x76,
  0x37, 0x88, 0x37, 0x77, 0x37, 0x88, 0x37, 0x77, 0x38, 0x89, 0x38, 0x77,
  0x39, 0x88, 0x38, 0x77, 0x38, 0x89, 0x39, 0x77, 0x39, 0x88, 0x39, 0x77,
  0x38, 0x88, 0x38, 0x77, 0x38, 0x89, 0x37, 0x77, 0x37, 0x89, 0x36, 0x77,
  0x35, 0x88, 0x35, 0x77, 0x34, 0x88, 0x34, 0x77, 0x34, 0x88, 0x34, 0x78,
  0x34, 0x88, 0x33, 0x78, 0x32, 0x89, 0x33, 0x77, 0x30, 0x80, 0x52, 0x7e,
  0x9b, 0x6b, 0xe4, 0x8a, 0xe7, 0x66, 0xd6, 0x89, 0xd5, 0x66, 0xd5, 0x89,
  0xd7, 0x69, 0xdd, 0x88, 0xa3, 0x70, 0x58, 0x86, 0x8a, 0x67, 0xd5, 0x8a,
  0xb7, 0x5d, 0x82, 0x93, 0x60, 0x66, 0x51, 0x90, 0x3a, 0x74, 0x2e, 0x85,
  0x34, 0x77, 0x36, 0x83, 0x30, 0x7b, 0x40, 0x81, 0x62, 0x86, 0x6a, 0x7b,
  0x63, 0x84, 0x64, 0x7b, 0x62, 0x84, 0x60, 0x7d, 0x81, 0x93, 0xaa, 0x58,
  0x80, 0x8a, 0x60, 0x6e, 0x5d, 0x83, 0x60, 0x7e, 0x5f, 0x84, 0x5f, 0x7a,
  0x60, 0x84, 0x5e, 0x7b, 0x5d, 0x84, 0x5d, 0x7b, 0x5b, 0x84, 0x53, 0x7b,
  0x46, 0x83, 0x35, 0x7c, 0x2a, 0x82, 0x25, 0x7c, 0x25, 0x83, 0x29, 0x7b,
  0x2e, 0x84, 0x2d, 0x7b, 0x2c, 0x84, 0x2e, 0x7b, 0x25, 0x83, 0x23, 0x7c,
  0x22, 0x82, 0x23, 0x7c, 0x1d, 0x80, 0x1a, 0x7d, 0x12, 0x7f, 0x12, 0x7e,
  0x1d, 0x82, 0x1e, 0x7c, 0x21, 0x86, 0x24, 0x7a, 0x24, 0x86, 0x24, 0x7a,
  0x24, 0x86, 0x25, 0x79, 0x25, 0x86, 0x24, 0x7a, 0x24, 0x85, 0x24, 0x7a,
  0x24, 0x85, 0x24, 0x7a, 0x24, 0x85, 0x23, 0x7a, 0x22, 0x85, 0x22, 0x7a,
  0x22, 0x85, 0x22, 0x7a, 0x22, 0x85, 0x22, 0x7a, 0x22, 0x85, 0x22, 0x7a,
  0x21, 0x85, 0x21, 0x7a, 0x21, 0x85, 0x20, 0x7a, 0x21, 0x85, 0x20, 0x7a,
  0x21, 0x85, 0x21, 0x7a, 0x1f, 0x85, 0x1b, 0x7a, 0x1c, 0x85, 0x33, 0x7b,
  0x56, 0x84, 0x62, 0x7c, 0x4a, 0x82, 0x32, 0x7c, 0x2c, 0x82, 0x29, 0x7c,
  0x26, 0x82, 0x22, 0x7c, 0x1f, 0x80, 0x1e, 0x7d, 0x1f, 0x81, 0x1d, 0x7c,
  0x1b, 0x83, 0x1c, 0x7b, 0x1c, 0x84, 0x1c, 0x7b, 0x1d, 0x84, 0x1e, 0x7b,
  0x1f, 0x84, 0x1f, 0x7a, 0x1f, 0x84, 0x1f, 0x7b, 0x20, 0x84, 0x1f, 0x7b,
  0x1f, 0x84, 0x1f, 0x7a, 0x1f, 0x84, 0x1f, 0x7a, 0x1f, 0x84, 0x1f, 0x7a,
  0x1f, 0x84, 0x1f, 0x7a, 0x1f, 0x84, 0x1f, 0x7a, 0x1f, 0x84, 0x1e, 0x7a,
  0x1f, 0x85, 0x1f, 0x7a, 0x1f, 0x85, 0x1f, 0x7a, 0x1f, 0x85, 0x1f, 0x7a,
  0x1f, 0x85, 0x1f, 0x7a, 0x1f, 0x85, 0x1f, 0x7a, 0x1f, 0x85, 0x1f, 0x7b,
  0x20, 0x85, 0x20, 0x7a, 0x20, 0x84, 0x1f, 0x7a, 0x1e, 0x84, 0x1e, 0x7a,
  0x1e, 0x84, 0x1d, 0x7b, 0x1d, 0x84, 0x1d, 0x7b, 0x1c, 0x83, 0x1c, 0x7b,
  0x1c, 0x83, 0x1c, 0x7b, 0x1c, 0x83, 0x1c, 0x7b, 0x1c, 0x82, 0x1d, 0x7c,
  0x1d, 0x81, 0x1f, 0x7c, 0x23, 0x83, 0x27, 0x7b, 0x29, 0x83, 0x2b, 0x7b,
  0x2c, 0x82, 0x2c, 0x7b, 0x35, 0x85, 0x4d, 0x7a, 0x68, 0x8b, 0x6b, 0x76,
  0x57, 0x89, 0x38, 0x77, 0x21, 0x85, 0x19, 0x7a, 0x1b, 0x85, 0x1f, 0x7a,
  0x22, 0x85, 0x23, 0x7a, 0x23, 0x85, 0x22, 0x7a, 0x22, 0x86, 0x22, 0x7a,
  0x22, 0x85, 0x22, 0x7a, 0x23, 0x85, 0x22, 0x7a, 0x22, 0x86, 0x23, 0x7a,
  0x23, 0x85, 0x24, 0x7a, 0x24, 0x86, 0x24, 0x7a, 0x24, 0x86, 0x24, 0x7a,
  0x24, 0x86, 0x24, 0x7a, 0x24, 0x86, 0x24, 0x7a, 0x25, 0x86, 0x25, 0x7a,
  0x26, 0x86, 0x26, 0x79, 0x25, 0x83, 0x1a, 0x7b, 0x20, 0x83, 0x25, 0x7b,
  0x23, 0x83, 0x23, 0x7b, 0x24, 0x83, 0x24, 0x7b, 0x1d, 0x82, 0x20, 0x7c,
  0x25, 0x84, 0x2b, 0x7a, 0x33, 0x87, 0x34, 0x78, 0x30, 0x85, 0x2a, 0x7a,
  0x24, 0x82, 0x24, 0x7b, 0x29, 0x83, 0x36, 0x7b, 0x46, 0x85, 0x55, 0x7b,
  0x5b, 0x85, 0x5b, 0x7a, 0x55, 0x85, 0x55, 0x7b, 0x60, 0x84, 0x5c, 0x7c,
  0x5b, 0x88, 0x6d, 0x73, 0x64, 0x86, 0x57, 0x77, 0x5d, 0x84, 0x5c, 0x7b,
  0x5b, 0x85, 0x60, 0x7a, 0x61, 0x83, 0x4a, 0x7c, 0x33, 0x77, 0x34, 0x83,
  0x38, 0x78, 0x30, 0x83, 0x35, 0x6d, 0x4f, 0x8a, 0x64, 0x61, 0x7a, 0x93,
  0xa2, 0x5d, 0xce, 0x92, 0xcd, 0x69, 0x81, 0x8a, 0x8d, 0x6a, 0xc6, 0x89,
  0xd5, 0x64, 0xd0, 0x8b, 0xd3, 0x61, 0xd9, 0x8d, 0xe0, 0x69, 0xda, 0x88,
  0xbd, 0x7a, 0x77, 0x80, 0x51, 0x8a, 0x57, 0x76, 0x5b, 0x8b, 0x5f, 0x75,
  0x63, 0x8a, 0x63, 0x75, 0x63, 0x8b, 0x61, 0x75, 0x5e, 0x8a, 0x5c, 0x76,
  0x5b, 0x89, 0x5a, 0x77, 0x5b, 0x87, 0x59, 0x78, 0x52, 0x86, 0x49, 0x79,
  0x40, 0x84, 0x28, 0x7a, 0x31, 0x8a, 0x41, 0x76, 0x50, 0x81, 0x6f, 0x7c,
  0x56, 0x83, 0x34, 0x7b, 0x39, 0x89, 0x37, 0x76, 0x37, 0x88, 0x37, 0x77,
  0x38, 0x88, 0x39, 0x77, 0x39, 0x88, 0x39, 0x77, 0x37, 0x88, 0x34, 0x77,
  0x34, 0x88, 0x36, 0x77, 0x36, 0x88, 0x36, 0x77, 0x36, 0x88, 0x36, 0x78,
  0x35, 0x88, 0x34, 0x78, 0x33, 0x88, 0x33, 0x78, 0x33, 0x88, 0x32, 0x78,
  0x32, 0x88, 0x31, 0x78, 0x30, 0x87, 0x30, 0x78, 0x30, 0x88, 0x2f, 0x78,
  0x30, 0x80, 0x4c, 0x7d, 0x36, 0x7a, 0x5e, 0x82, 0xbb, 0x68, 0xe2, 0x8a,
  0xd8, 0x67, 0xd6, 0x89, 0xd8, 0x66, 0xdb, 0x89, 0xb6, 0x6f, 0x5b, 0x87,
  0x27, 0x73, 0x76, 0x85, 0xd7, 0x5f, 0xc4, 0x8f, 0x99, 0x5f, 0x6d, 0x92,
  0x57, 0x6a, 0x44, 0x8d, 0x2f, 0x77, 0x31, 0x84, 0x37, 0x76, 0x32, 0x84,
  0x34, 0x7f, 0x51, 0x7f, 0x66, 0x85, 0x63, 0x7a, 0x63, 0x84, 0x64, 0x7c,
  0x5e, 0x85, 0x68, 0x79, 0x68, 0x86, 0x62, 0x78, 0x64, 0x84, 0x5f, 0x7b,
  0x5f, 0x84, 0x5e, 0x7a, 0x5d, 0x84, 0x5b, 0x7b, 0x52, 0x84, 0x44, 0x7b,
  0x37, 0x82, 0x2b, 0x7b, 0x25, 0x82, 0x25, 0x7c, 0x2a, 0x83, 0x2f, 0x7b,
  0x33, 0x85, 0x32, 0x79, 0x2e, 0x83, 0x26, 0x7b, 0x1e, 0x82, 0x23, 0x7c,
  0x22, 0x82, 0x22, 0x7c, 0x22, 0x82, 0x24, 0x7b, 0x1e, 0x80, 0x18, 0x7d,
  0x12, 0x80, 0x1b, 0x7d, 0x22, 0x85, 0x24, 0x7a, 0x24, 0x86, 0x24, 0x79,
  0x24, 0x86, 0x24, 0x7a, 0x24, 0x86, 0x24, 0x7a, 0x24, 0x85, 0x24, 0x7a,
  0x24, 0x85, 0x23, 0x7a, 0x24, 0x85, 0x23, 0x7a, 0x23, 0x85, 0x23, 0x7a,
  0x22, 0x85, 0x22, 0x7a, 0x22, 0x85, 0x22, 0x7a, 0x22, 0x85, 0x21, 0x7a,
  0x21, 0x85, 0x22, 0x7a, 0x21, 0x85, 0x21, 0x7a, 0x21, 0x85, 0x21, 0x7a,
  0x22, 0x85, 0x20, 0x7a, 0x1c, 0x85, 0x1a, 0x7a, 0x22, 0x85, 0x39, 0x7a,
  0x56, 0x84, 0x60, 0x7c, 0x4d, 0x83, 0x36, 0x7b, 0x2d, 0x83, 0x2c, 0x7b,
  0x2a, 0x82, 0x26, 0x7b, 0x21, 0x81, 0x1e, 0x7c, 0x1d, 0x80, 0x1e, 0x7c,
  0x1e, 0x83, 0x1c, 0x7b, 0x1c, 0x83, 0x1c, 0x7b, 0x1c, 0x83, 0x1d, 0x7b,
  0x1d, 0x84, 0x1e, 0x7b, 0x1e, 0x84, 0x1e, 0x7b, 0x1f, 0x84, 0x1f, 0x7b,
  0x1f, 0x84, 0x1f, 0x7b, 0x1f, 0x85, 0x20, 0x7a, 0x20, 0x84, 0x1f, 0x7a,
  0x1f, 0x85, 0x1f, 0x7a, 0x1f, 0x84, 0x1f, 0x7a, 0x1e, 0x85, 0x1e, 0x7a,
  0x1e, 0x85, 0x1e, 0x7a, 0x1f, 0x84, 0x1f, 0x7a, 0x1f, 0x84, 0x1f, 0x7a,
  0x1f, 0x84, 0x1f, 0x7a, 0x1f, 0x85, 0x1f, 0x7a, 0x1f, 0x85, 0x20, 0x7a,
  0x1f, 0x85, 0x20, 0x7a, 0x20, 0x84, 0x1f, 0x7a, 0x1f, 0x84, 0x1e, 0x7b,
  0x1f, 0x84, 0x1f, 0x7a, 0x1e, 0x84, 0x1e, 0x7a, 0x1d, 0x84, 0x1c, 0x7b,
  0x1c, 0x84, 0x1b, 0x7b, 0x1c, 0x83, 0x1d, 0x7b, 0x1c, 0x84, 0x1d, 0x7b,
  0x1e, 0x83, 0x1d, 0x7b, 0x1d, 0x81, 0x1d, 0x7d, 0x1e, 0x82, 0x22, 0x7c,
  0x26, 0x83, 0x29, 0x7b, 0x2c, 0x83, 0x2d, 0x7b, 0x2d, 0x82, 0x2d, 0x7b,
  0x31, 0x83, 0x40, 0x7c, 0x57, 0x88, 0x67, 0x78, 0x64, 0x8b, 0x53, 0x76,
  0x3e, 0x88, 0x2b, 0x78, 0x1e, 0x84, 0x1b, 0x7a, 0x1b, 0x84, 0x1d, 0x7a,
  0x20, 0x85, 0x22, 0x7a, 0x22, 0x85, 0x23, 0x79, 0x22, 0x85, 0x22, 0x7a,
  0x22, 0x85, 0x22, 0x7a, 0x22, 0x85, 0x22, 0x79, 0x22, 0x85, 0x22, 0x79,
  0x23, 0x85, 0x23, 0x7a, 0x23, 0x85, 0x23, 0x79, 0x23, 0x85, 0x23, 0x79,
  0x24, 0x85, 0x24, 0x7a, 0x24, 0x85, 0x24, 0x79, 0x25, 0x86, 0x24, 0x79,
  0x27, 0x84, 0x25, 0x7a, 0x24, 0x82, 0x23, 0x7b, 0x23, 0x83, 0x23, 0x7b,
  0x1f, 0x82, 0x22, 0x7b, 0x22, 0x82, 0x21, 0x7b, 0x23, 0x83, 0x2a, 0x7b,
  0x31, 0x87, 0x35, 0x78, 0x33, 0x85, 0x2c, 0x79, 0x26, 0x82, 0x22, 0x7c,
  0x23, 0x82, 0x2c, 0x7b, 0x3e, 0x84, 0x4f, 0x7b, 0x50, 0x84, 0x5d, 0x7b,
  0x5d, 0x84, 0x5a, 0x7a, 0x5a, 0x84, 0x58, 0x7c, 0x59, 0x85, 0x5c, 0x7b,
  0x5a, 0x85, 0x5c, 0x7a, 0x61, 0x84, 0x57, 0x7b, 0x3d, 0x79, 0x33, 0x82,
  0x38, 0x77, 0x35, 0x83, 0x2f, 0x72, 0x3e, 0x86, 0x59, 0x62, 0x6c, 0x91,
  0x8e, 0x5e, 0xb9, 0x92, 0xd5, 0x62, 0xb3, 0x8d, 0x39, 0x78, 0x19, 0x83,
  0x48, 0x6f, 0xb8, 0x87, 0xd9, 0x63, 0xd2, 0x8b, 0xd3, 0x63, 0xcf, 0x8b,
  0xd4, 0x63, 0xde, 0x8b, 0xa4, 0x6d, 0x69, 0x89, 0x5f, 0x82, 0x51, 0x7c,
  0x50, 0x86, 0x4b, 0x7a, 0x47, 0x84, 0x45, 0x7b, 0x44, 0x83, 0x43, 0x7b,
  0x44, 0x83, 0x44, 0x7b, 0x44, 0x83, 0x44, 0x7c, 0x44, 0x83, 0x45, 0x7b,
  0x47, 0x84, 0x4a, 0x7a, 0x40, 0x78, 0x4a, 0x86, 0x71, 0x6c, 0x9d, 0x8d,
  0xa0, 0x65, 0x90, 0x93, 0x49, 0x82, 0x35, 0x7c, 0x39, 0x8a, 0x37, 0x76,
  0x37, 0x88, 0x38, 0x77, 0x38, 0x88, 0x3a, 0x77, 0x3a, 0x88, 0x39, 0x76,
  0x4d, 0x89, 0x56, 0x76, 0x49, 0x89, 0x44, 0x76, 0x43, 0x89, 0x43, 0x76,
  0x42, 0x88, 0x41, 0x77, 0x40, 0x88, 0x3f, 0x77, 0x3e, 0x88, 0x3f, 0x77,
  0x3f, 0x88, 0x3f, 0x77, 0x3f, 0x88, 0x3e, 0x77, 0x3e, 0x88, 0x3f, 0x78,
  0x41, 0x89, 0x42, 0x77, 0x45, 0x80, 0x49, 0x7d, 0x33, 0x87, 0x36, 0x77,
  0x3f, 0x77, 0x94, 0x83, 0xdf, 0x68, 0xdf, 0x89, 0xd5, 0x66, 0xd6, 0x89,
  0xdf, 0x66, 0xdb, 0x89, 0xb6, 0x67, 0xc6, 0x89, 0xd3, 0x5f, 0xd1, 0x8d,
  0xc7, 0x5d, 0xa6, 0x91, 0x7a, 0x61, 0x64, 0x92, 0x55, 0x6c, 0x3a, 0x8b,
  0x2c, 0x78, 0x33, 0x83, 0x33, 0x77, 0x2f, 0x83, 0x44, 0x82, 0x62, 0x7d,
  0x66, 0x85, 0x5f, 0x7a, 0x61, 0x84, 0x5f, 0x7b, 0x5d, 0x84, 0x5e, 0x7c,
  0x61, 0x85, 0x63, 0x7b, 0x53, 0x83, 0x55, 0x7b, 0x4b, 0x83, 0x39, 0x7b,
  0x2d, 0x82, 0x26, 0x7b, 0x26, 0x82, 0x29, 0x7c, 0x2d, 0x84, 0x31, 0x7a,
  0x33, 0x85, 0x30, 0x7a, 0x2b, 0x83, 0x25, 0x7b, 0x22, 0x81, 0x20, 0x7c,
  0x1e, 0x82, 0x23, 0x7c, 0x22, 0x82, 0x21, 0x7c, 0x21, 0x82, 0x25, 0x7c,
  0x1d, 0x82, 0x1d, 0x7c, 0x24, 0x86, 0x25, 0x7a, 0x24, 0x86, 0x24, 0x79,
  0x24, 0x85, 0x23, 0x7a, 0x24, 0x85, 0x24, 0x79, 0x23, 0x85, 0x23, 0x7a,
  0x23, 0x85, 0x23, 0x7a, 0x23, 0x85, 0x23, 0x7a, 0x23, 0x85, 0x23, 0x79,
  0x22, 0x85, 0x21, 0x7a, 0x21, 0x85, 0x21, 0x7a, 0x21, 0x85, 0x21, 0x7a,
  0x21, 0x85, 0x21, 0x7a, 0x21, 0x85, 0x21, 0x7a, 0x22, 0x84, 0x21, 0x7a,
  0x1f, 0x84, 0x1c, 0x7a, 0x1b, 0x84, 0x21, 0x7a, 0x32, 0x84, 0x48, 0x7b,
  0x59, 0x84, 0x59, 0x7b, 0x48, 0x83, 0x36, 0x7c, 0x2f, 0x83, 0x2f, 0x7b,
  0x2e, 0x82, 0x29, 0x7b, 0x25, 0x81, 0x21, 0x7c, 0x1e, 0x80, 0x1d, 0x7d,
  0x1d, 0x81, 0x1d, 0x7c, 0x1d, 0x83, 0x1c, 0x7b, 0x1c, 0x83, 0x1c, 0x7b,
  0x1c, 0x83, 0x1c, 0x7b, 0x1d, 0x83, 0x1d, 0x7b, 0x1e, 0x84, 0x1e, 0x7a,
  0x1f, 0x84, 0x1f, 0x7a, 0x1f, 0x84, 0x20, 0x7a, 0x20, 0x84, 0x20, 0x7a,
  0x20, 0x84, 0x1f, 0x7a, 0x20, 0x85, 0x1f, 0x7a, 0x1f, 0x85, 0x1f, 0x7a,
  0x1f, 0x84, 0x1f, 0x7a, 0x1f, 0x84, 0x1f, 0x7a, 0x1f, 0x85, 0x1f, 0x7a,
  0x1f, 0x85, 0x1f, 0x7a, 0x1f, 0x85, 0x1f, 0x7a, 0x1f, 0x85, 0x1f, 0x7a,
  0x1f, 0x85, 0x1f, 0x7a, 0x20, 0x85, 0x1f, 0x7a, 0x20, 0x85, 0x1f, 0x7a,
  0x1f, 0x85, 0x1e, 0x7b, 0x1f, 0x85, 0x1e, 0x7a, 0x1e, 0x84, 0x1d, 0x7b,
  0x1d, 0x83, 0x1d, 0x7b, 0x1c, 0x83, 0x1c, 0x7b, 0x1c, 0x83, 0x1c, 0x7b,
  0x1d, 0x83, 0x1d, 0x7b, 0x1e, 0x84, 0x1e, 0x7b, 0x1e, 0x82, 0x1c, 0x7c,
  0x1d, 0x81, 0x1e, 0x7d, 0x1f, 0x82, 0x23, 0x7c, 0x28, 0x84, 0x2c, 0x7b,
  0x2f, 0x84, 0x30, 0x7b, 0x30, 0x84, 0x2f, 0x7b, 0x2e, 0x83, 0x33, 0x7c,
  0x41, 0x86, 0x53, 0x7a, 0x63, 0x8a, 0x66, 0x76, 0x5d, 0x8b, 0x50, 0x76,
  0x40, 0x89, 0x30, 0x77, 0x25, 0x85, 0x1f, 0x7a, 0x1c, 0x84, 0x1b, 0x7b,
  0x1c, 0x85, 0x1d, 0x7b, 0x1e, 0x85, 0x1f, 0x7a, 0x20, 0x85, 0x21, 0x7a,
  0x21, 0x85, 0x22, 0x7a, 0x22, 0x85, 0x22, 0x7a, 0x22, 0x85, 0x22, 0x7a,
  0x22, 0x86, 0x22, 0x7a, 0x22, 0x86, 0x23, 0x7a, 0x23, 0x86, 0x24, 0x7a,
  0x25, 0x86, 0x25, 0x7a, 0x28, 0x85, 0x25, 0x7a, 0x24, 0x82, 0x23, 0x7c,
  0x22, 0x82, 0x22, 0x7b, 0x1e, 0x82, 0x21, 0x7c, 0x22, 0x83, 0x22, 0x7b,
  0x22, 0x83, 0x21, 0x7c, 0x21, 0x83, 0x26, 0x7b, 0x2d, 0x86, 0x33, 0x79,
  0x35, 0x86, 0x31, 0x79, 0x29, 0x83, 0x25, 0x7b, 0x27, 0x82, 0x29, 0x7c,
  0x38, 0x84, 0x49, 0x7b, 0x52, 0x85, 0x58, 0x7b, 0x5a, 0x85, 0x5a, 0x7a,
  0x59, 0x85, 0x58, 0x7a, 0x5f, 0x86, 0x61, 0x7a, 0x4b, 0x7c, 0x36, 0x80,
  0x35, 0x76, 0x36, 0x84, 0x2f, 0x76, 0x34, 0x84, 0x50, 0x64, 0x64, 0x90,
  0x77, 0x5e, 0x9a, 0x93, 0xbc, 0x5c, 0xcb, 0x90, 0xd0, 0x61, 0xc8, 0x8d,
  0xa3, 0x68, 0x9c, 0x8a, 0xd6, 0x62, 0xd9, 0x8c, 0xd2, 0x63, 0xd3, 0x8c,
  0xd1, 0x62, 0xdd, 0x8c, 0xc8, 0x6c, 0x6c, 0x89, 0x31, 0x82, 0x3e, 0x7c,
  0x4b, 0x7f, 0x3e, 0x7f, 0x42, 0x84, 0x43, 0x7b, 0x42, 0x84, 0x43, 0x7b,
  0x45, 0x84, 0x45, 0x7b, 0x46, 0x84, 0x46, 0x7b, 0x46, 0x84, 0x45, 0x7b,
  0x43, 0x84, 0x42, 0x7b, 0x43, 0x85, 0x41, 0x79, 0x43, 0x78, 0x58, 0x87,
  0x5f, 0x70, 0x55, 0x8d, 0x42, 0x84, 0x38, 0x7c, 0x35, 0x8b, 0x32, 0x76,
  0x33, 0x89, 0x36, 0x78, 0x37, 0x89, 0x37, 0x77, 0x31, 0x8a, 0x33, 0x76,
  0x39, 0x88, 0x3c, 0x78, 0x44, 0x87, 0x46, 0x79, 0x57, 0x88, 0x5c, 0x79,
  0x60, 0x88, 0x64, 0x78, 0x63, 0x88, 0x62, 0x78, 0x61, 0x88, 0x61, 0x78,
  0x60, 0x88, 0x5f, 0x78, 0x5d, 0x88, 0x5a, 0x79, 0x59, 0x87, 0x57, 0x79,
  0x56, 0x87, 0x54, 0x79, 0x55, 0x87, 0x54, 0x79, 0x5b, 0x7e, 0x56, 0x7f,
  0x18, 0x81, 0x26, 0x7c, 0x21, 0x84, 0x3b, 0x7a, 0x65, 0x70, 0xc4, 0x87,
  0xe3, 0x64, 0xd5, 0x8a, 0xd3, 0x65, 0xd5, 0x8b, 0xda, 0x61, 0xd5, 0x8d,
  0xce, 0x5f, 0xcb, 0x8e, 0xcc, 0x60, 0xd3, 0x8e, 0xc8, 0x5f, 0x92, 0x91,
  0x69, 0x65, 0x57, 0x90, 0x3f, 0x73, 0x2b, 0x86, 0x30, 0x77, 0x36, 0x83,
  0x32, 0x79, 0x37, 0x82, 0x54, 0x85, 0x65, 0x7b, 0x60, 0x85, 0x61, 0x7b,
  0x61, 0x85, 0x5c, 0x7b, 0x52, 0x84, 0x48, 0x7b, 0x3a, 0x82, 0x2a, 0x7b,
  0x29, 0x82, 0x25, 0x7c, 0x2a, 0x84, 0x30, 0x7b, 0x33, 0x85, 0x34, 0x7a,
  0x30, 0x84, 0x2a, 0x7a, 0x26, 0x82, 0x22, 0x7b, 0x22, 0x82, 0x22, 0x7c,
  0x22, 0x82, 0x20, 0x7c, 0x1d, 0x81, 0x22, 0x7c, 0x21, 0x82, 0x22, 0x7c,
  0x22, 0x82, 0x25, 0x7c, 0x24, 0x85, 0x24, 0x7b, 0x24, 0x86, 0x24, 0x7a,
  0x24, 0x86, 0x24, 0x7a, 0x23, 0x85, 0x23, 0x7a, 0x23, 0x85, 0x22, 0x7a,
  0x22, 0x85, 0x22, 0x7a, 0x22, 0x85, 0x22, 0x7a, 0x22, 0x85, 0x21, 0x7a,
  0x21, 0x85, 0x21, 0x7a, 0x21, 0x85, 0x21, 0x7a, 0x21, 0x85, 0x21, 0x7a,
  0x21, 0x85, 0x21, 0x7a, 0x20, 0x85, 0x1f, 0x7a, 0x1c, 0x85, 0x1b, 0x7b,
  0x1b, 0x85, 0x1e, 0x7b, 0x28, 0x85, 0x38, 0x7a, 0x4b, 0x85, 0x5a, 0x7b,
  0x5c, 0x83, 0x50, 0x7c, 0x3f, 0x83, 0x33, 0x7c, 0x30, 0x83, 0x32, 0x7b,
  0x31, 0x83, 0x2d, 0x7b, 0x27, 0x82, 0x23, 0x7c, 0x1f, 0x81, 0x1d, 0x7d,
  0x1e, 0x80, 0x1e, 0x7d, 0x1d, 0x83, 0x1d, 0x7b, 0x1d, 0x83, 0x1d, 0x7b,
  0x1c, 0x83, 0x1c, 0x7b, 0x1c, 0x83, 0x1c, 0x7b, 0x1d, 0x83, 0x1d, 0x7b,
  0x1e, 0x84, 0x1e, 0x7b, 0x1f, 0x84, 0x1f, 0x7a, 0x1f, 0x85, 0x20, 0x7b,
  0x20, 0x85, 0x20, 0x7b, 0x20, 0x85, 0x20, 0x7a, 0x1f, 0x85, 0x1f, 0x7a,
  0x1f, 0x85, 0x1f, 0x7a, 0x1f, 0x85, 0x1e, 0x7a, 0x1e, 0x85, 0x1f, 0x7a,
  0x20, 0x85, 0x20, 0x7a, 0x1f, 0x85, 0x1f, 0x7a, 0x1f, 0x85, 0x1f, 0x7a,
  0x20, 0x84, 0x1f, 0x7a, 0x20, 0x84, 0x1f, 0x7a, 0x1f, 0x84, 0x20, 0x7a,
  0x20, 0x84, 0x1f, 0x7b, 0x1f, 0x84, 0x1f, 0x7a, 0x1f, 0x84, 0x1e, 0x7a,
  0x1e, 0x84, 0x1e, 0x7b, 0x1d, 0x84, 0x1d, 0x7b, 0x1d, 0x83, 0x1c, 0x7b,
  0x1d, 0x83, 0x1c, 0x7b, 0x1c, 0x83, 0x1d, 0x7b, 0x1d, 0x83, 0x1e, 0x7b,
  0x1e, 0x84, 0x1e, 0x7b, 0x1d, 0x81, 0x1c, 0x7c, 0x1d, 0x81, 0x1e, 0x7d,
  0x20, 0x82, 0x24, 0x7c, 0x2a, 0x84, 0x2d, 0x7a, 0x2f, 0x84, 0x31, 0x7b,
  0x34, 0x84, 0x35, 0x7b, 0x34, 0x83, 0x33, 0x7b, 0x33, 0x83, 0x39, 0x7b,
  0x43, 0x86, 0x4f, 0x7a, 0x5a, 0x8a, 0x60, 0x76, 0x60, 0x8c, 0x5a, 0x75,
  0x4f, 0x8a, 0x44, 0x76, 0x39, 0x88, 0x2f, 0x78, 0x28, 0x85, 0x24, 0x79,
  0x20, 0x85, 0x1e, 0x7a, 0x1d, 0x84, 0x1c, 0x7b, 0x1c, 0x84, 0x1c, 0x7b,
  0x1c, 0x84, 0x1d, 0x7a, 0x1d, 0x85, 0x1e, 0x7b, 0x1f, 0x85, 0x20, 0x7b,
  0x21, 0x85, 0x23, 0x7a, 0x24, 0x86, 0x24, 0x79, 0x27, 0x84, 0x24, 0x7a,
  0x23, 0x82, 0x22, 0x7c, 0x22, 0x82, 0x23, 0x7c, 0x1e, 0x82, 0x20, 0x7c,
  0x22, 0x83, 0x22, 0x7b, 0x22, 0x83, 0x22, 0x7b, 0x22, 0x82, 0x22, 0x7c,
  0x21, 0x82, 0x24, 0x7b, 0x2a, 0x85, 0x32, 0x79, 0x36, 0x87, 0x35, 0x78,
  0x2d, 0x83, 0x24, 0x7b, 0x25, 0x82, 0x25, 0x7c, 0x2c, 0x83, 0x3c, 0x7b,
  0x4c, 0x84, 0x55, 0x7b, 0x57, 0x86, 0x5e, 0x7a, 0x56, 0x7f, 0x3e, 0x7e,
  0x36, 0x75, 0x3a, 0x85, 0x36, 0x77, 0x2d, 0x83, 0x3c, 0x6b, 0x55, 0x8c,
  0x67, 0x60, 0x86, 0x93, 0xb6, 0x5e, 0xc7, 0x90, 0xc6, 0x5f, 0xc9, 0x8f,
  0xcb, 0x60, 0xd1, 0x8e, 0xda, 0x60, 0xdb, 0x8d, 0xd1, 0x60, 0xcf, 0x8d,
  0xcf, 0x61, 0xd5, 0x8c, 0xdf, 0x68, 0xa8, 0x8a, 0x49, 0x82, 0x30, 0x7c,
  0x31, 0x83, 0x3a, 0x7a, 0x47, 0x7e, 0x35, 0x7f, 0x37, 0x84, 0x35, 0x7b,
  0x34, 0x82, 0x33, 0x7c, 0x32, 0x82, 0x31, 0x7c, 0x30, 0x83, 0x2f, 0x7b,
  0x2f, 0x83, 0x2f, 0x7b, 0x2e, 0x82, 0x2e, 0x7b, 0x2e, 0x84, 0x2f, 0x7b,
  0x39, 0x75, 0x63, 0x89, 0x66, 0x6c, 0x63, 0x91, 0x7b, 0x6a, 0x9c, 0x8f,
  0xa6, 0x6d, 0x99, 0x8b, 0x44, 0x86, 0x30, 0x79, 0x35, 0x88, 0x37, 0x77,
  0x63, 0x84, 0x5b, 0x7a, 0x3c, 0x8d, 0x31, 0x73, 0x29, 0x83, 0x30, 0x7c,
  0x34, 0x7f, 0x46, 0x7f, 0x4a, 0x84, 0x47, 0x7b, 0x45, 0x83, 0x45, 0x7c,
  0x45, 0x83, 0x46, 0x7c, 0x46, 0x83, 0x44, 0x7b, 0x43, 0x83, 0x42, 0x7c,
  0x42, 0x83, 0x43, 0x7b, 0x42, 0x83, 0x3f, 0x7b, 0x3c, 0x83, 0x37, 0x7b,
  0x3e, 0x7d, 0x51, 0x7f, 0x17, 0x7d, 0x0c, 0x7f, 0x1b, 0x82, 0x30, 0x7b,
  0x24, 0x80, 0x45, 0x7d, 0xa0, 0x6a, 0xe2, 0x89, 0xd8, 0x61, 0xcd, 0x8c,
  0xce, 0x60, 0xd0, 0x8d, 0xd1, 0x60, 0xd2, 0x8d, 0xd3, 0x65, 0xba, 0x8b,
  0xab, 0x62, 0xce, 0x8d, 0xa5, 0x5f, 0x75, 0x92, 0x60, 0x67, 0x51, 0x8f,
  0x38, 0x74, 0x2f, 0x86, 0x34, 0x76, 0x31, 0x83, 0x30, 0x7c, 0x49, 0x80,
  0x5e, 0x85, 0x52, 0x7a, 0x4a, 0x83, 0x3c, 0x7b, 0x2f, 0x82, 0x28, 0x7b,
  0x27, 0x82, 0x22, 0x7c, 0x2c, 0x84, 0x33, 0x7b, 0x34, 0x85, 0x32, 0x7a,
  0x2c, 0x83, 0x26, 0x7b, 0x23, 0x81, 0x22, 0x7c, 0x23, 0x81, 0x23, 0x7c,
  0x22, 0x82, 0x22, 0x7c, 0x22, 0x82, 0x20, 0x7c, 0x1f, 0x82, 0x22, 0x7c,
  0x21, 0x82, 0x22, 0x7c, 0x23, 0x82, 0x26, 0x7c, 0x27, 0x86, 0x24, 0x7a,
  0x24, 0x86, 0x23, 0x7a, 0x22, 0x85, 0x22, 0x7a, 0x21, 0x85, 0x21, 0x7a,
  0x21, 0x85, 0x21, 0x7a, 0x20, 0x85, 0x21, 0x7a, 0x20, 0x85, 0x20, 0x7a,
  0x20, 0x85, 0x20, 0x7b, 0x1f, 0x85, 0x1e, 0x7b, 0x1d, 0x85, 0x1c, 0x7a,
  0x1b, 0x85, 0x1b, 0x7a, 0x1b, 0x85, 0x1c, 0x7a, 0x20, 0x85, 0x26, 0x7a,
  0x30, 0x85, 0x3c, 0x7a, 0x4a, 0x85, 0x55, 0x7b, 0x5a, 0x84, 0x56, 0x7b,
  0x4c, 0x83, 0x3f, 0x7c, 0x36, 0x83, 0x34, 0x7b, 0x35, 0x83, 0x35, 0x7b,
  0x32, 0x83, 0x2f, 0x7b, 0x29, 0x82, 0x24, 0x7c, 0x20, 0x81, 0x1e, 0x7c,
  0x1d, 0x80, 0x1d, 0x7d, 0x1d, 0x82, 0x1d, 0x7c, 0x1d, 0x84, 0x1d, 0x7b,
  0x1d, 0x83, 0x1c, 0x7b, 0x1c, 0x83, 0x1c, 0x7b, 0x1c, 0x83, 0x1c, 0x7b,
  0x1d, 0x83, 0x1e, 0x7b, 0x1e, 0x83, 0x1f, 0x7b, 0x1f, 0x84, 0x1f, 0x7b,
  0x20, 0x84, 0x20, 0x7b, 0x20, 0x84, 0x20, 0x7a, 0x20, 0x85, 0x20, 0x7a,
  0x20, 0x85, 0x1f, 0x7a, 0x1f, 0x85, 0x1f, 0x7b, 0x1f, 0x85, 0x1f, 0x7a,
  0x1f, 0x84, 0x1f, 0x7b, 0x1f, 0x85, 0x1f, 0x7a, 0x1f, 0x85, 0x1f, 0x7a,
  0x1f, 0x85, 0x1f, 0x7a, 0x1f, 0x85, 0x20, 0x7a, 0x20, 0x85, 0x1f, 0x7a,
  0x1f, 0x85, 0x20, 0x7a, 0x1f, 0x85, 0x1f, 0x7b, 0x1f, 0x85, 0x1e, 0x7b,
  0x1f, 0x84, 0x1e, 0x7b, 0x1e, 0x84, 0x1e, 0x7b, 0x1e, 0x84, 0x1e, 0x7b,
  0x1d, 0x83, 0x1d, 0x7b, 0x1d, 0x83, 0x1d, 0x7b, 0x1c, 0x83, 0x1c, 0x7b,
  0x1c, 0x83, 0x1d, 0x7b, 0x1d, 0x84, 0x1e, 0x7b, 0x1e, 0x83, 0x1e, 0x7b,
  0x1c, 0x81, 0x1d, 0x7c, 0x1d, 0x80, 0x1d, 0x7d, 0x1f, 0x82, 0x23, 0x7c,
  0x27, 0x83, 0x2b, 0x7b, 0x2e, 0x84, 0x32, 0x7a, 0x34, 0x84, 0x36, 0x7a,
  0x37, 0x84, 0x38, 0x7b, 0x37, 0x83, 0x35, 0x7b, 0x35, 0x83, 0x38, 0x7c,
  0x3d, 0x85, 0x43, 0x7a, 0x4a, 0x87, 0x50, 0x79, 0x54, 0x89, 0x56, 0x77,
  0x56, 0x8a, 0x53, 0x77, 0x4f, 0x8a, 0x4b, 0x76, 0x47, 0x8a, 0x42, 0x77,
  0x3d, 0x89, 0x3a, 0x77, 0x37, 0x87, 0x34, 0x78, 0x31, 0x87, 0x2f, 0x78,
  0x2d, 0x86, 0x2c, 0x79, 0x29, 0x85, 0x27, 0x7a, 0x25, 0x84, 0x22, 0x7b,
  0x24, 0x83, 0x25, 0x7b, 0x22, 0x82, 0x22, 0x7c, 0x22, 0x82, 0x23, 0x7c,
  0x1e, 0x82, 0x20, 0x7c, 0x22, 0x82, 0x22, 0x7b, 0x22, 0x83, 0x22, 0x7b,
  0x23, 0x82, 0x23, 0x7b, 0x22, 0x82, 0x22, 0x7c, 0x21, 0x82, 0x23, 0x7c,
  0x27, 0x84, 0x2f, 0x7a, 0x2d, 0x85, 0x2e, 0x79, 0x2e, 0x84, 0x28, 0x7a,
  0x25, 0x82, 0x25, 0x7c, 0x2b, 0x84, 0x36, 0x7b, 0x58, 0x83, 0x50, 0x7c,
  0x35, 0x76, 0x35, 0x84, 0x37, 0x77, 0x33, 0x83, 0x3a, 0x6c, 0x52, 0x8b,
  0x5f, 0x62, 0x6e, 0x92, 0x94, 0x5d, 0xc8, 0x92, 0xc5, 0x5e, 0xc9, 0x90,
  0xd2, 0x5e, 0xcc, 0x8f, 0xcc, 0x5f, 0xcb, 0x8e, 0xca, 0x61, 0xcd, 0x8e,
  0xd0, 0x62, 0xcf, 0x8c, 0xda, 0x62, 0xca, 0x8d, 0x7a, 0x79, 0x33, 0x82,
  0x2b, 0x85, 0x28, 0x7a, 0x0e, 0x7d, 0x2f, 0x7f, 0x3b, 0x7e, 0x1c, 0x7f,
  0x22, 0x82, 0x22, 0x7c, 0x22, 0x81, 0x22, 0x7c, 0x22, 0x81, 0x22, 0x7c,
  0x21, 0x81, 0x21, 0x7c, 0x21, 0x81, 0x21, 0x7c, 0x21, 0x82, 0x22, 0x7c,
  0x22, 0x81, 0x2c, 0x7d, 0x44, 0x73, 0x4a, 0x8c, 0x5b, 0x75, 0x59, 0x8a,
  0x3f, 0x76, 0x4a, 0x86, 0x5d, 0x6d, 0x6a, 0x8e, 0x42, 0x85, 0x33, 0x7a,
  0x35, 0x89, 0x39, 0x77, 0x65, 0x6f, 0xa5, 0x8a, 0xaa, 0x72, 0x8e, 0x88,
  0x77, 0x76, 0x78, 0x87, 0x5a, 0x74, 0x43, 0x89, 0x51, 0x86, 0x4e, 0x7a,
  0x4d, 0x83, 0x4c, 0x7c, 0x4a, 0x83, 0x49, 0x7b, 0x47, 0x84, 0x45, 0x7b,
  0x44, 0x83, 0x43, 0x7c, 0x41, 0x83, 0x40, 0x7b, 0x3e, 0x83, 0x3b, 0x7c,
  0x37, 0x82, 0x2f, 0x7c, 0x3b, 0x7e, 0x4f, 0x7f, 0x2a, 0x82, 0x11, 0x7b,
  0x0c, 0x7e, 0x0a, 0x7f, 0x2d, 0x85, 0x2a, 0x78, 0x31, 0x7a, 0x6e, 0x81,
  0xcc, 0x63, 0xda, 0x8d, 0xd1, 0x62, 0xd4, 0x8c, 0xd3, 0x61, 0xd6, 0x8c,
  0xc4, 0x6b, 0x4b, 0x89, 0x1d, 0x74, 0x61, 0x85, 0xc1, 0x5e, 0xbc, 0x90,
  0x92, 0x60, 0x6c, 0x92, 0x58, 0x6a, 0x3d, 0x8d, 0x2c, 0x77, 0x32, 0x84,
  0x36, 0x77, 0x2e, 0x83, 0x48, 0x83, 0x40, 0x7b, 0x28, 0x83, 0x2b, 0x7b,
  0x2c, 0x83, 0x2f, 0x7b, 0x32, 0x84, 0x30, 0x7a, 0x2b, 0x83, 0x2c, 0x7b,
  0x26, 0x82, 0x23, 0x7c, 0x22, 0x82, 0x22, 0x7c, 0x23, 0x82, 0x23, 0x7c,
  0x23, 0x82, 0x23, 0x7c, 0x22, 0x82, 0x22, 0x7c, 0x23, 0x81, 0x1f, 0x7c,
  0x20, 0x82, 0x22, 0x7c, 0x21, 0x82, 0x22, 0x7c, 0x22, 0x82, 0x24, 0x7c,
  0x23, 0x84, 0x24, 0x7b, 0x26, 0x85, 0x25, 0x7b, 0x25, 0x84, 0x24, 0x7b,
  0x24, 0x84, 0x23, 0x7b, 0x22, 0x84, 0x21, 0x7b, 0x20, 0x84, 0x20, 0x7b,
  0x21, 0x84, 0x21, 0x7b, 0x22, 0x84, 0x23, 0x7b, 0x25, 0x85, 0x28, 0x7a,
  0x2c, 0x85, 0x31, 0x7b, 0x37, 0x85, 0x3e, 0x7b, 0x44, 0x84, 0x4c, 0x7b,
  0x53, 0x84, 0x56, 0x7c, 0x55, 0x84, 0x51, 0x7c, 0x49, 0x83, 0x41, 0x7c,
  0x3a, 0x83, 0x36, 0x7b, 0x36, 0x83, 0x38, 0x7b, 0x39, 0x83, 0x37, 0x7b,
  0x32, 0x83, 0x2d, 0x7b, 0x29, 0x82, 0x24, 0x7c, 0x20, 0x81, 0x1e, 0x7c,
  0x1d, 0x80, 0x1d, 0x7d, 0x1c, 0x81, 0x1c, 0x7c, 0x1d, 0x84, 0x1d, 0x7b,
  0x1d, 0x83, 0x1d, 0x7b, 0x1c, 0x83, 0x1c, 0x7b, 0x1c, 0x83, 0x1c, 0x7b,
  0x1c, 0x83, 0x1d, 0x7b, 0x1d, 0x84, 0x1e, 0x7b, 0x1e, 0x84, 0x1e, 0x7b,
  0x1f, 0x84, 0x1f, 0x7b, 0x1f, 0x85, 0x20, 0x7b, 0x20, 0x84, 0x20, 0x7a,
  0x20, 0x85, 0x20, 0x7a, 0x1f, 0x85, 0x1f, 0x7b, 0x1f, 0x85, 0x1e, 0x7b,
  0x1e, 0x84, 0x1e, 0x7b, 0x1e, 0x84, 0x1e, 0x7b, 0x1f, 0x84, 0x1f, 0x7a,
  0x1f, 0x84, 0x1f, 0x7a, 0x1f, 0x84, 0x20, 0x7a, 0x20, 0x84, 0x1f, 0x7a,
  0x20, 0x84, 0x20, 0x7a, 0x1f, 0x84, 0x20, 0x7a, 0x1f, 0x84, 0x20, 0x7a,
  0x1f, 0x85, 0x1f, 0x7b, 0x1f, 0x84, 0x1f, 0x7b, 0x1f, 0x84, 0x1f, 0x7b,
  0x1e, 0x83, 0x1e, 0x7b, 0x1d, 0x83, 0x1c, 0x7b, 0x1c, 0x83, 0x1c, 0x7b,
  0x1c, 0x83, 0x1b, 0x7b, 0x1b, 0x83, 0x1c, 0x7b, 0x1c, 0x83, 0x1d, 0x7b,
  0x1d, 0x84, 0x1d, 0x7b, 0x1e, 0x83, 0x1d, 0x7b, 0x1c, 0x81, 0x1c, 0x7c,
  0x1d, 0x81, 0x1e, 0x7c, 0x1f, 0x81, 0x20, 0x7c, 0x23, 0x83, 0x26, 0x7b,
  0x2a, 0x84, 0x2d, 0x7a, 0x2f, 0x84, 0x32, 0x7a, 0x36, 0x84, 0x39, 0x7a,
  0x3d, 0x84, 0x3e, 0x7a, 0x3e, 0x84, 0x3d, 0x7b, 0x3b, 0x84, 0x3a, 0x7b,
  0x3a, 0x83, 0x3a, 0x7b, 0x3b, 0x83, 0x3d, 0x7b, 0x3e, 0x84, 0x3f, 0x7a,
  0x3f, 0x85, 0x3f, 0x7a, 0x3d, 0x84, 0x3c, 0x7a, 0x39, 0x84, 0x35, 0x7b,
  0x31, 0x83, 0x2d, 0x7b, 0x2a, 0x82, 0x27, 0x7c, 0x23, 0x81, 0x1f, 0x7c,
  0x1c, 0x80, 0x17, 0x7d, 0x1b, 0x82, 0x24, 0x7c, 0x21, 0x82, 0x22, 0x7c,
  0x22, 0x83, 0x23, 0x7c, 0x1f, 0x82, 0x20, 0x7c, 0x22, 0x83, 0x22, 0x7b,
  0x22, 0x83, 0x22, 0x7b, 0x22, 0x83, 0x22, 0x7b, 0x22, 0x83, 0x23, 0x7b,
  0x23, 0x82, 0x22, 0x7b, 0x22, 0x82, 0x20, 0x7c, 0x1f, 0x83, 0x2b, 0x7a,
  0x32, 0x87, 0x33, 0x78, 0x30, 0x84, 0x2c, 0x7a, 0x27, 0x85, 0x34, 0x7a,
  0x4c, 0x7c, 0x35, 0x80, 0x38, 0x76, 0x35, 0x84, 0x2e, 0x71, 0x40, 0x87,
  0x5d, 0x61, 0x6e, 0x93, 0x89, 0x5c, 0xab, 0x94, 0xc1, 0x64, 0x8a, 0x8d,
  0x3a, 0x75, 0x40, 0x85, 0x9c, 0x63, 0xd3, 0x8d, 0xcc, 0x5e, 0xcd, 0x8e,
  0xcd, 0x5f, 0xc9, 0x8e, 0xcf, 0x61, 0xde, 0x8d, 0xa8, 0x72, 0x4a, 0x86,
  0x1e, 0x84, 0x2b, 0x7a, 0x19, 0x7e, 0x10, 0x7e, 0x0c, 0x7d, 0x39, 0x7f,
  0x3e, 0x7d, 0x16, 0x7f, 0x1c, 0x81, 0x1b, 0x7c, 0x1b, 0x80, 0x1b, 0x7d,
  0x1b, 0x81, 0x1b, 0x7d, 0x1b, 0x81, 0x1b, 0x7d, 0x1b, 0x81, 0x1b, 0x7d,
  0x1a, 0x81, 0x1b, 0x7d, 0x1d, 0x81, 0x1a, 0x7d, 0x2f, 0x81, 0x43, 0x7d,
  0x4a, 0x7a, 0x75, 0x84, 0x98, 0x7a, 0x50, 0x85, 0x25, 0x8b, 0x2e, 0x75,
  0x33, 0x88, 0x35, 0x78, 0x35, 0x89, 0x33, 0x77, 0x2b, 0x82, 0x3c, 0x7c,
  0x60, 0x68, 0x76, 0x92, 0x7f, 0x65, 0x6e, 0x97, 0x4d, 0x79, 0x3e, 0x86,
  0x39, 0x84, 0x37, 0x7b, 0x36, 0x82, 0x34, 0x7c, 0x32, 0x82, 0x30, 0x7b,
  0x30, 0x82, 0x2e, 0x7c, 0x2d, 0x82, 0x2c, 0x7c, 0x2a, 0x82, 0x29, 0x7c,
  0x27, 0x81, 0x25, 0x7c, 0x25, 0x82, 0x23, 0x7b, 0x2b, 0x7a, 0x59, 0x81,
  0x42, 0x84, 0x30, 0x7a, 0x16, 0x7e, 0x16, 0x7e, 0x0a, 0x7f, 0x22, 0x7e,
  0x2b, 0x84, 0x22, 0x7a, 0x49, 0x73, 0xb5, 0x85, 0xe3, 0x64, 0xd4, 0x8b,
  0xd1, 0x61, 0xd2, 0x8c, 0xd3, 0x60, 0xc4, 0x8d, 0x78, 0x6c, 0x72, 0x89,
  0xbc, 0x62, 0xd1, 0x8c, 0xc6, 0x5e, 0xa3, 0x90, 0x72, 0x64, 0x5c, 0x91,
  0x4f, 0x6e, 0x36, 0x8a, 0x30, 0x79, 0x2d, 0x83, 0x2c, 0x80, 0x41, 0x7d,
  0x31, 0x85, 0x34, 0x7a, 0x36, 0x85, 0x35, 0x7a, 0x30, 0x84, 0x28, 0x7a,
  0x20, 0x81, 0x20, 0x7c, 0x21, 0x82, 0x22, 0x7c, 0x22, 0x82, 0x22, 0x7c,
  0x23, 0x82, 0x22, 0x7b, 0x22, 0x82, 0x22, 0x7c, 0x22, 0x82, 0x21, 0x7c,
  0x22, 0x82, 0x1e, 0x7c, 0x21, 0x82, 0x23, 0x7c, 0x22, 0x82, 0x22, 0x7c,
  0x23, 0x81, 0x1f, 0x7c, 0x14, 0x7f, 0x1a, 0x7d, 0x1d, 0x80, 0x22, 0x7d,
  0x25, 0x81, 0x29, 0x7c, 0x2d, 0x81, 0x31, 0x7c, 0x34, 0x82, 0x37, 0x7c,
  0x3b, 0x83, 0x3e, 0x7c, 0x41, 0x82, 0x45, 0x7c, 0x48, 0x82, 0x4c, 0x7c,
  0x4f, 0x82, 0x51, 0x7c, 0x51, 0x83, 0x50, 0x7c, 0x4d, 0x82, 0x4a, 0x7c,
  0x47, 0x83, 0x44, 0x7c, 0x40, 0x83, 0x3c, 0x7b, 0x3a, 0x83, 0x39, 0x7b,
  0x3b, 0x83, 0x3d, 0x7b, 0x3e, 0x84, 0x3d, 0x7b, 0x3a, 0x83, 0x35, 0x7b,
  0x2f, 0x83, 0x2a, 0x7b, 0x25, 0x82, 0x22, 0x7c, 0x20, 0x81, 0x1e, 0x7c,
  0x1e, 0x81, 0x1d, 0x7d, 0x1c, 0x81, 0x1c, 0x7c, 0x1c, 0x83, 0x1c, 0x7b,
  0x1d, 0x84, 0x1c, 0x7b, 0x1c, 0x83, 0x1b, 0x7b, 0x1b, 0x83, 0x1b, 0x7b,
  0x1c, 0x83, 0x1c, 0x7b, 0x1d, 0x83, 0x1d, 0x7b, 0x1e, 0x83, 0x1e, 0x7a,
  0x1f, 0x84, 0x1f, 0x7b, 0x1f, 0x84, 0x1f, 0x7a, 0x20, 0x84, 0x20, 0x7a,
  0x20, 0x84, 0x20, 0x7a, 0x20, 0x84, 0x20, 0x7a, 0x1f, 0x84, 0x1f, 0x7a,
  0x1f, 0x84, 0x1f, 0x7a, 0x1f, 0x84, 0x1e, 0x7a, 0x1f, 0x84, 0x1f, 0x7b,
  0x1e, 0x85, 0x1e, 0x7b, 0x1f, 0x84, 0x1f, 0x7b, 0x1e, 0x84, 0x1f, 0x7b,
  0x1f, 0x84, 0x20, 0x7b, 0x20, 0x84, 0x1f, 0x7b, 0x20, 0x84, 0x20, 0x7b,
  0x20, 0x84, 0x20, 0x7b, 0x20, 0x84, 0x20, 0x7a, 0x1f, 0x84, 0x1f, 0x7b,
  0x1f, 0x84, 0x1f, 0x7b, 0x1e, 0x84, 0x1e, 0x7b, 0x1e, 0x84, 0x1d, 0x7b,
  0x1c, 0x84, 0x1c, 0x7b, 0x1c, 0x83, 0x1b, 0x7b, 0x1b, 0x83, 0x1b, 0x7b,
  0x1b, 0x83, 0x1b, 0x7b, 0x1c, 0x83, 0x1c, 0x7b, 0x1d, 0x84, 0x1d, 0x7b,
  0x1d, 0x83, 0x1c, 0x7b, 0x1b, 0x81, 0x1b, 0x7d, 0x1c, 0x81, 0x1d, 0x7c,
  0x1d, 0x81, 0x1e, 0x7c, 0x1f, 0x82, 0x21, 0x7c, 0x24, 0x83, 0x27, 0x7b,
  0x2a, 0x84, 0x2c, 0x7b, 0x2f, 0x84, 0x32, 0x7b, 0x34, 0x84, 0x38, 0x7a,
  0x3b, 0x84, 0x3e, 0x7a, 0x40, 0x84, 0x41, 0x7b, 0x42, 0x84, 0x42, 0x7b,
  0x42, 0x84, 0x40, 0x7b, 0x3f, 0x84, 0x3f, 0x7c, 0x3e, 0x83, 0x3d, 0x7b,
  0x3c, 0x83, 0x3a, 0x7c, 0x38, 0x83, 0x35, 0x7c, 0x31, 0x83, 0x2c, 0x7c,
  0x28, 0x81, 0x23, 0x7c, 0x1e, 0x80, 0x19, 0x7d, 0x19, 0x81, 0x22, 0x7c,
  0x22, 0x82, 0x22, 0x7c, 0x22, 0x82, 0x22, 0x7c, 0x1f, 0x82, 0x1f, 0x7c,
  0x21, 0x82, 0x22, 0x7c, 0x22, 0x83, 0x22, 0x7b, 0x22, 0x83, 0x22, 0x7b,
  0x22, 0x83, 0x22, 0x7b, 0x22, 0x83, 0x22, 0x7b, 0x23, 0x82, 0x22, 0x7c,
  0x20, 0x82, 0x21, 0x7c, 0x22, 0x83, 0x28, 0x7b, 0x31, 0x87, 0x38, 0x79,
  0x36, 0x87, 0x3d, 0x79, 0x2d, 0x7c, 0x2d, 0x80, 0x31, 0x74, 0x3a, 0x86,
  0x54, 0x65, 0x60, 0x90, 0x6f, 0x5f, 0x97, 0x93, 0xbb, 0x5b, 0xc7, 0x92,
  0xbd, 0x67, 0x62, 0x8b, 0x47, 0x6f, 0x7c, 0x87, 0xbd, 0x5f, 0xcc, 0x8f,
  0xcc, 0x5f, 0xcc, 0x8e, 0xcb, 0x5e, 0xd6, 0x8e, 0xcd, 0x69, 0x7c, 0x8a,
  0x30, 0x83, 0x2e, 0x7b, 0x22, 0x80, 0x0d, 0x7d, 0x0b, 0x7f, 0x15, 0x7e,
  0x2a, 0x81, 0x4c, 0x7c, 0x3d, 0x7c, 0x13, 0x81, 0x19, 0x81, 0x17, 0x7d,
  0x16, 0x80, 0x16, 0x7d, 0x16, 0x80, 0x17, 0x7d, 0x17, 0x80, 0x17, 0x7d,
  0x17, 0x80, 0x17, 0x7d, 0x17, 0x80, 0x16, 0x7d, 0x17, 0x7f, 0x16, 0x7d,
  0x19, 0x82, 0x3e, 0x7c, 0x45, 0x85, 0x2c, 0x7b, 0x4b, 0x7b, 0x4e, 0x85,
  0x32, 0x88, 0x36, 0x78, 0x33, 0x88, 0x33, 0x78, 0x33, 0x87, 0x3b, 0x79,
  0x3f, 0x87, 0x3a, 0x79, 0x32, 0x8a, 0x2e, 0x76, 0x38, 0x7a, 0x52, 0x83,
  0x44, 0x7b, 0x38, 0x83, 0x2d, 0x83, 0x23, 0x7b, 0x22, 0x81, 0x22, 0x7d,
  0x22, 0x81, 0x22, 0x7c, 0x21, 0x81, 0x21, 0x7d, 0x21, 0x81, 0x1f, 0x7d,
  0x1f, 0x81, 0x1e, 0x7d, 0x1d, 0x81, 0x1d, 0x7d, 0x1c, 0x82, 0x1d, 0x7c,
  0x16, 0x79, 0x3e, 0x82, 0x5b, 0x80, 0x2a, 0x7d, 0x44, 0x85, 0x49, 0x79,
  0x07, 0x7d, 0x0e, 0x7f, 0x0e, 0x81, 0x32, 0x7c, 0x2d, 0x83, 0x40, 0x7b,
  0x8a, 0x6a, 0xd6, 0x8a, 0xd7, 0x5f, 0xcf, 0x8e, 0xd0, 0x60, 0xd4, 0x8d,
  0xda, 0x5e, 0xdc, 0x8e, 0xd0, 0x5e, 0xcc, 0x8f, 0xd0, 0x5d, 0xcf, 0x90,
  0xb1, 0x60, 0x77, 0x92, 0x57, 0x6b, 0x46, 0x8d, 0x2a, 0x79, 0x28, 0x82,
  0x23, 0x80, 0x34, 0x7d, 0x37, 0x86, 0x30, 0x7a, 0x2b, 0x83, 0x25, 0x7b,
  0x21, 0x82, 0x21, 0x7c, 0x21, 0x81, 0x22, 0x7c, 0x22, 0x82, 0x22, 0x7c,
  0x22, 0x82, 0x22, 0x7c, 0x22, 0x82, 0x22, 0x7c, 0x22, 0x82, 0x22, 0x7c,
  0x21, 0x82, 0x21, 0x7c, 0x21, 0x82, 0x1e, 0x7c, 0x22, 0x81, 0x23, 0x7c,
  0x23, 0x81, 0x23, 0x7c, 0x23, 0x81, 0x1d, 0x7c, 0x16, 0x80, 0x1b, 0x7e,
  0x1d, 0x81, 0x21, 0x7d, 0x26, 0x82, 0x29, 0x7c, 0x2c, 0x82, 0x2f, 0x7c,
  0x32, 0x82, 0x35, 0x7c, 0x38, 0x83, 0x39, 0x7c, 0x3a, 0x83, 0x3b, 0x7c,
  0x3b, 0x83, 0x3b, 0x7c, 0x3b, 0x83, 0x3b, 0x7c, 0x3b, 0x83, 0x3b, 0x7b,
  0x3b, 0x84, 0x3c, 0x7b, 0x3d, 0x84, 0x3f, 0x7b, 0x41, 0x84, 0x42, 0x7b,
  0x43, 0x84, 0x41, 0x7b, 0x3d, 0x84, 0x39, 0x7b, 0x33, 0x83, 0x2f, 0x7b,
  0x2a, 0x82, 0x25, 0x7c, 0x22, 0x82, 0x20, 0x7c, 0x1e, 0x81, 0x1e, 0x7d,
  0x1e, 0x81, 0x1d, 0x7d, 0x1c, 0x81, 0x1b, 0x7d, 0x1b, 0x83, 0x1c, 0x7b,
  0x1c, 0x84, 0x1c, 0x7b, 0x1b, 0x83, 0x1b, 0x7b, 0x1b, 0x83, 0x1b, 0x7b,
  0x1b, 0x83, 0x1c, 0x7b, 0x1c, 0x83, 0x1d, 0x7b, 0x1d, 0x84, 0x1d, 0x7b,
  0x1e, 0x84, 0x1e, 0x7b, 0x1e, 0x84, 0x1e, 0x7b, 0x1f, 0x84, 0x20, 0x7b,
  0x1f, 0x84, 0x20, 0x7b, 0x20, 0x84, 0x1f, 0x7b, 0x1f, 0x84, 0x1f, 0x7b,
  0x1f, 0x84, 0x1f, 0x7b, 0x1e, 0x84, 0x1f, 0x7b, 0x1e, 0x84, 0x1e, 0x7b,
  0x1e, 0x84, 0x1e, 0x7b, 0x1f, 0x84, 0x1e, 0x7b, 0x1e, 0x84, 0x1f, 0x7b,
  0x1e, 0x84, 0x1f, 0x7b, 0x1f, 0x84, 0x20, 0x7b, 0x20, 0x84, 0x20, 0x7b,
  0x20, 0x84, 0x20, 0x7a, 0x20, 0x84, 0x20, 0x7a, 0x20, 0x84, 0x1f, 0x7a,
  0x1f, 0x84, 0x1f, 0x7b, 0x1f, 0x84, 0x1f, 0x7b, 0x1f, 0x84, 0x1f, 0x7b,
  0x1e, 0x84, 0x1e, 0x7b, 0x1e, 0x83, 0x1d, 0x7b, 0x1d, 0x83, 0x1c, 0x7b,
  0x1b, 0x83, 0x1b, 0x7b, 0x1b, 0x83, 0x1a, 0x7b, 0x1a, 0x83, 0x1b, 0x7c,
  0x1b, 0x83, 0x1c, 0x7b, 0x1c, 0x83, 0x1c, 0x7b, 0x1c, 0x83, 0x1c, 0x7c,
  0x1a, 0x82, 0x1a, 0x7d, 0x1b, 0x81, 0x1c, 0x7d, 0x1d, 0x81, 0x1d, 0x7d,
  0x1e, 0x81, 0x1f, 0x7c, 0x20, 0x82, 0x20, 0x7c, 0x22, 0x82, 0x24, 0x7c,
  0x26, 0x83, 0x28, 0x7b, 0x2b, 0x83, 0x2d, 0x7b, 0x2e, 0x84, 0x31, 0x7b,
  0x32, 0x84, 0x33, 0x7b, 0x34, 0x84, 0x36, 0x7b, 0x37, 0x84, 0x37, 0x7b,
  0x38, 0x84, 0x38, 0x7b, 0x38, 0x83, 0x38, 0x7b, 0x37, 0x83, 0x34, 0x7b,
  0x30, 0x82, 0x2b, 0x7b, 0x27, 0x82, 0x23, 0x7c, 0x1f, 0x80, 0x1b, 0x7d,
  0x17, 0x80, 0x1b, 0x7d, 0x22, 0x82, 0x22, 0x7c, 0x22, 0x82, 0x22, 0x7c,
  0x1f, 0x81, 0x1e, 0x7c, 0x21, 0x82, 0x22, 0x7c, 0x23, 0x82, 0x23, 0x7c,
  0x23, 0x82, 0x23, 0x7c, 0x23, 0x82, 0x23, 0x7c, 0x23, 0x83, 0x23, 0x7b,
  0x23, 0x82, 0x22, 0x7c, 0x20, 0x82, 0x21, 0x7c, 0x22, 0x82, 0x22, 0x7c,
  0x23, 0x84, 0x27, 0x7b, 0x2e, 0x85, 0x36, 0x7a, 0x22, 0x7e, 0x25, 0x7e,
  0x24, 0x73, 0x40, 0x86, 0x59, 0x62, 0x6b, 0x91, 0x9c, 0x5c, 0xc5, 0x92,
  0xc9, 0x5c, 0xc2, 0x91, 0xc3, 0x5c, 0xcf, 0x91, 0xc7, 0x5d, 0xd1, 0x90,
  0xcd, 0x5d, 0xc9, 0x8f, 0xc9, 0x5e, 0xcd, 0x8e, 0xda, 0x63, 0xae, 0x8d,
  0x4e, 0x7e, 0x25, 0x7f, 0x31, 0x81, 0x1d, 0x7b, 0x0a, 0x7d, 0x12, 0x7f,
  0x28, 0x81, 0x16, 0x7c, 0x3b, 0x7e, 0x51, 0x7e, 0x23, 0x7f, 0x1a, 0x7e,
  0x1d, 0x83, 0x1d, 0x7b, 0x1e, 0x83, 0x1e, 0x7b, 0x1f, 0x83, 0x20, 0x7b,
  0x22, 0x84, 0x22, 0x7b, 0x23, 0x84, 0x24, 0x7a, 0x24, 0x84, 0x23, 0x7a,
  0x21, 0x83, 0x21, 0x7b, 0x1f, 0x82, 0x21, 0x7b, 0x3c, 0x87, 0x34, 0x79,
  0x30, 0x88, 0x31, 0x77, 0x36, 0x87, 0x34, 0x78, 0x34, 0x8a, 0x30, 0x77,
  0x39, 0x79, 0x82, 0x83, 0x70, 0x7a, 0x44, 0x83, 0x50, 0x80, 0x70, 0x7d,
  0x7f, 0x66, 0x81, 0x94, 0x54, 0x74, 0x32, 0x89, 0x1e, 0x83, 0x1d, 0x7b,
  0x1c, 0x80, 0x1c, 0x7d, 0x1c, 0x80, 0x1c, 0x7d, 0x1c, 0x80, 0x1c, 0x7d,
  0x1b, 0x80, 0x1b, 0x7d, 0x1a, 0x80, 0x1a, 0x7d, 0x1a, 0x80, 0x19, 0x7d,
  0x18, 0x80, 0x19, 0x7d, 0x19, 0x7e, 0x16, 0x7e, 0x47, 0x77, 0x5d, 0x83,
  0x3f, 0x86, 0x1e, 0x79, 0x46, 0x82, 0x20, 0x7b, 0x10, 0x7d, 0x10, 0x7f,
  0x2c, 0x84, 0x2b, 0x7a, 0x26, 0x7c, 0x5e, 0x7f, 0xbf, 0x63, 0xdd, 0x8d,
  0xd1, 0x61, 0xcf, 0x8c, 0xcf, 0x60, 0xd2, 0x8d, 0xd1, 0x5d, 0xc6, 0x8f,
  0xb4, 0x60, 0xa7, 0x90, 0xa3, 0x62, 0x9c, 0x90, 0x51, 0x6f, 0x2c, 0x89,
  0x1f, 0x7b, 0x21, 0x80, 0x24, 0x80, 0x2c, 0x7d, 0x28, 0x83, 0x21, 0x7b,
  0x22, 0x82, 0x23, 0x7c, 0x23, 0x82, 0x22, 0x7c, 0x20, 0x82, 0x22, 0x7c,
  0x22, 0x82, 0x22, 0x7c, 0x22, 0x82, 0x22, 0x7c, 0x22, 0x82, 0x22, 0x7c,
  0x22, 0x82, 0x22, 0x7c, 0x22, 0x82, 0x21, 0x7c, 0x21, 0x81, 0x1e, 0x7c,
  0x22, 0x81, 0x22, 0x7c, 0x22, 0x81, 0x22, 0x7c, 0x24, 0x80, 0x1b, 0x7d,
  0x18, 0x80, 0x1e, 0x7d, 0x22, 0x82, 0x27, 0x7c, 0x2d, 0x83, 0x32, 0x7c,
  0x37, 0x83, 0x3a, 0x7b, 0x3d, 0x84, 0x3f, 0x7b, 0x41, 0x84, 0x43, 0x7b,
  0x44, 0x84, 0x45, 0x7b, 0x45, 0x84, 0x44, 0x7b, 0x45, 0x84, 0x45, 0x7b,
  0x44, 0x84, 0x43, 0x7b, 0x42, 0x84, 0x41, 0x7b, 0x3e, 0x84, 0x3b, 0x7b,
  0x38, 0x84, 0x35, 0x7b, 0x31, 0x83, 0x2e, 0x7b, 0x2a, 0x83, 0x26, 0x7b,
  0x24, 0x82, 0x22, 0x7c, 0x1f, 0x81, 0x1f, 0x7c, 0x1e, 0x81, 0x1e, 0x7d,
  0x1e, 0x80, 0x1c, 0x7d, 0x1b, 0x81, 0x1a, 0x7d, 0x1b, 0x83, 0x1b, 0x7c,
  0x1c, 0x83, 0x1b, 0x7c, 0x1b, 0x83, 0x1b, 0x7c, 0x1a, 0x83, 0x1a, 0x7c,
  0x1b, 0x83, 0x1b, 0x7b, 0x1b, 0x83, 0x1c, 0x7b, 0x1c, 0x83, 0x1d, 0x7b,
  0x1d, 0x84, 0x1d, 0x7b, 0x1e, 0x84, 0x1f, 0x7b, 0x1f, 0x84, 0x1f, 0x7b,
  0x1f, 0x84, 0x20, 0x7b, 0x20, 0x84, 0x20, 0x7b, 0x20, 0x84, 0x20, 0x7b,
  0x1f, 0x84, 0x1f, 0x7b, 0x1f, 0x84, 0x1f, 0x7b, 0x1f, 0x84, 0x1e, 0x7b,
  0x1e, 0x84, 0x1e, 0x7b, 0x1e, 0x84, 0x1e, 0x7b, 0x1f, 0x85, 0x1e, 0x7a,
  0x1f, 0x85, 0x1e, 0x7a, 0x1e, 0x85, 0x1f, 0x7a, 0x1f, 0x85, 0x1f, 0x7a,
  0x1f, 0x85, 0x1f, 0x7a, 0x1f, 0x85, 0x20, 0x7a, 0x20, 0x85, 0x20, 0x7a,
  0x20, 0x85, 0x20, 0x7a, 0x20, 0x85, 0x1f, 0x7a, 0x20, 0x85, 0x1f, 0x7a,
  0x1f, 0x85, 0x1f, 0x7b, 0x1e, 0x85, 0x1e, 0x7a, 0x1e, 0x84, 0x1e, 0x7a,
  0x1d, 0x84, 0x1d, 0x7a, 0x1c, 0x84, 0x1b, 0x7b, 0x1a, 0x83, 0x1a, 0x7b,
  0x1a, 0x83, 0x1a, 0x7c, 0x1a, 0x83, 0x1a, 0x7c, 0x1a, 0x83, 0x1a, 0x7c,
  0x1a, 0x83, 0x1b, 0x7b, 0x1b, 0x84, 0x1b, 0x7b, 0x1b, 0x82, 0x1a, 0x7c,
  0x1a, 0x81, 0x1b, 0x7c, 0x1d, 0x81, 0x1e, 0x7c, 0x1e, 0x81, 0x1e, 0x7c,
  0x1e, 0x81, 0x1e, 0x7c, 0x1e, 0x82, 0x1f, 0x7c, 0x20, 0x82, 0x21, 0x7c,
  0x22, 0x83, 0x23, 0x7c, 0x24, 0x83, 0x25, 0x7b, 0x25, 0x83, 0x26, 0x7b,
  0x26, 0x83, 0x26, 0x7c, 0x26, 0x83, 0x27, 0x7b, 0x27, 0x82, 0x26, 0x7c,
  0x25, 0x82, 0x24, 0x7c, 0x22, 0x82, 0x21, 0x7c, 0x20, 0x81, 0x1f, 0x7c,
  0x1d, 0x81, 0x1a, 0x7d, 0x17, 0x80, 0x14, 0x7d, 0x16, 0x80, 0x1b, 0x7d,
  0x1e, 0x82, 0x21, 0x7c, 0x1f, 0x82, 0x1e, 0x7c, 0x22, 0x82, 0x22, 0x7b,
  0x22, 0x83, 0x22, 0x7b, 0x23, 0x83, 0x22, 0x7b, 0x22, 0x83, 0x22, 0x7b,
  0x23, 0x83, 0x22, 0x7b, 0x22, 0x83, 0x22, 0x7b, 0x1f, 0x82, 0x22, 0x7b,
  0x23, 0x83, 0x23, 0x7b, 0x23, 0x83, 0x20, 0x7b, 0x23, 0x83, 0x2d, 0x7b,
  0x22, 0x7e, 0x21, 0x7e, 0x1c, 0x78, 0x23, 0x83, 0x44, 0x69, 0x94, 0x8c,
  0x91, 0x61, 0x91, 0x91, 0xa7, 0x5d, 0xc1, 0x91, 0xca, 0x5e, 0xc7, 0x90,
  0xc7, 0x5e, 0xc6, 0x8f, 0xc9, 0x5d, 0xc7, 0x8f, 0xd0, 0x5e, 0xcd, 0x8f,
  0x81, 0x78, 0x34, 0x83, 0x2d, 0x84, 0x23, 0x7a, 0x0f, 0x7e, 0x08, 0x7f,
  0x30, 0x81, 0x31, 0x7b, 0x3a, 0x83, 0x2d, 0x7a, 0x57, 0x7b, 0x34, 0x81,
  0x19, 0x83, 0x1f, 0x7b, 0x1e, 0x84, 0x1d, 0x7b, 0x1e, 0x84, 0x1e, 0x7a,
  0x1e, 0x84, 0x1f, 0x7a, 0x20, 0x85, 0x21, 0x7a, 0x21, 0x85, 0x22, 0x7a,
  0x22, 0x85, 0x24, 0x7a, 0x25, 0x86, 0x27, 0x79, 0x29, 0x86, 0x29, 0x79,
  0x29, 0x86, 0x2e, 0x79, 0x30, 0x87, 0x31, 0x79, 0x31, 0x87, 0x32, 0x79,
  0x34, 0x87, 0x34, 0x78, 0x37, 0x86, 0x3f, 0x79, 0x32, 0x7e, 0x67, 0x80,
  0x8e, 0x6d, 0x5f, 0x8e, 0x39, 0x7e, 0x26, 0x81, 0x39, 0x82, 0x24, 0x7c,
  0x17, 0x80, 0x19, 0x7d, 0x18, 0x80, 0x18, 0x7d, 0x18, 0x80, 0x18, 0x7d,
  0x18, 0x80, 0x18, 0x7d, 0x19, 0x80, 0x19, 0x7d, 0x18, 0x80, 0x18, 0x7d,
  0x18, 0x80, 0x17, 0x7d, 0x17, 0x80, 0x16, 0x7d, 0x16, 0x81, 0x16, 0x7d,
  0x10, 0x7a, 0x2f, 0x81, 0x5b, 0x7c, 0x4c, 0x80, 0x3a, 0x86, 0x40, 0x78,
  0x39, 0x7f, 0x11, 0x7d, 0x0d, 0x7e, 0x12, 0x7e, 0x2f, 0x85, 0x22, 0x79,
  0x4b, 0x76, 0xa6, 0x83, 0xdc, 0x61, 0xd2, 0x8d, 0xc8, 0x5f, 0xb6, 0x8e,
  0xa5, 0x60, 0x9f, 0x90, 0xa0, 0x61, 0xa2, 0x90, 0x93, 0x67, 0x6c, 0x8d,
  0x33, 0x73, 0x23, 0x86, 0x19, 0x7c, 0x1f, 0x80, 0x22, 0x80, 0x2d, 0x7d,
  0x26, 0x83, 0x23, 0x7b, 0x23, 0x82, 0x23, 0x7b, 0x23, 0x82, 0x23, 0x7b,
  0x20, 0x82, 0x22, 0x7c, 0x22, 0x82, 0x22, 0x7b, 0x22, 0x82, 0x22, 0x7b,
  0x22, 0x82, 0x21, 0x7b, 0x21, 0x82, 0x21, 0x7b, 0x21, 0x82, 0x22, 0x7c,
  0x21, 0x81, 0x1e, 0x7c, 0x22, 0x82, 0x21, 0x7c, 0x21, 0x82, 0x21, 0x7c,
  0x1d, 0x80, 0x16, 0x7d, 0x1a, 0x80, 0x1e, 0x7d, 0x21, 0x81, 0x23, 0x7c,
  0x26, 0x82, 0x29, 0x7c, 0x2b, 0x82, 0x2e, 0x7b, 0x30, 0x83, 0x31, 0x7b,
  0x33, 0x83, 0x34, 0x7b, 0x35, 0x84, 0x35, 0x7b, 0x35, 0x83, 0x34, 0x7b,
  0x33, 0x83, 0x31, 0x7b, 0x31, 0x83, 0x2f, 0x7b, 0x2e, 0x83, 0x2c, 0x7b,
  0x2a, 0x83, 0x28, 0x7b, 0x25, 0x82, 0x24, 0x7c, 0x21, 0x82, 0x20, 0x7c,
  0x1f, 0x82, 0x1e, 0x7c, 0x1e, 0x81, 0x1e, 0x7c, 0x1e, 0x81, 0x1e, 0x7c,
  0x1d, 0x81, 0x1c, 0x7c, 0x1a, 0x81, 0x19, 0x7c, 0x19, 0x83, 0x1a, 0x7b,
  0x1a, 0x83, 0x1a, 0x7b, 0x1a, 0x83, 0x1a, 0x7b, 0x19, 0x82, 0x1a, 0x7b,
  0x1a, 0x83, 0x1a, 0x7b, 0x1b, 0x83, 0x1c, 0x7b, 0x1c, 0x84, 0x1d, 0x7b,
  0x1d, 0x84, 0x1d, 0x7b, 0x1e, 0x85, 0x1e, 0x7b, 0x1e, 0x84, 0x1e, 0x7a,
  0x1f, 0x85, 0x1f, 0x7a, 0x1f, 0x85, 0x1f, 0x7a, 0x20, 0x85, 0x1f, 0x7a,
  0x20, 0x85, 0x1f, 0x7a, 0x1f, 0x85, 0x1f, 0x7a, 0x1f, 0x85, 0x1e, 0x7a,
  0x1e, 0x85, 0x1e, 0x7a, 0x1e, 0x85, 0x1e, 0x7a, 0x1e, 0x85, 0x1e, 0x7a,
  0x1e, 0x85, 0x1f, 0x7b, 0x1f, 0x84, 0x1f, 0x7b, 0x1f, 0x84, 0x1f, 0x7a,
  0x1f, 0x85, 0x1f, 0x7a, 0x20, 0x84, 0x20, 0x7a, 0x20, 0x85, 0x20, 0x7a,
  0x20, 0x84, 0x20, 0x7a, 0x20, 0x85, 0x20, 0x7a, 0x1f, 0x85, 0x20, 0x7a,
  0x20, 0x84, 0x20, 0x7a, 0x20, 0x84, 0x20, 0x7b, 0x1f, 0x84, 0x1f, 0x7b,
  0x1f, 0x84, 0x1f, 0x7a, 0x1f, 0x84, 0x1e, 0x7b, 0x1d, 0x84, 0x1d, 0x7b,
  0x1c, 0x83, 0x1c, 0x7b, 0x1b, 0x83, 0x1a, 0x7c, 0x1a, 0x83, 0x1a, 0x7c,
  0x19, 0x83, 0x19, 0x7c, 0x19, 0x83, 0x19, 0x7c, 0x19, 0x83, 0x19, 0x7c,
  0x19, 0x83, 0x1a, 0x7c, 0x19, 0x83, 0x18, 0x7c, 0x18, 0x82, 0x19, 0x7d,
  0x1a, 0x81, 0x1b, 0x7d, 0x1c, 0x81, 0x1d, 0x7d, 0x1e, 0x81, 0x1e, 0x7c,
  0x1e, 0x82, 0x1d, 0x7c, 0x1d, 0x82, 0x1d, 0x7c, 0x1d, 0x81, 0x1d, 0x7c,
  0x1d, 0x82, 0x1d, 0x7c, 0x1e, 0x82, 0x1d, 0x7c, 0x1e, 0x82, 0x1e, 0x7c,
  0x1e, 0x81, 0x1d, 0x7d, 0x1d, 0x81, 0x1c, 0x7c, 0x1c, 0x81, 0x1b, 0x7d,
  0x1a, 0x81, 0x19, 0x7d, 0x19, 0x80, 0x18, 0x7d, 0x16, 0x7f, 0x14, 0x7e,
  0x12, 0x7f, 0x11, 0x7e, 0x14, 0x80, 0x19, 0x7d, 0x1e, 0x81, 0x1e, 0x7d,
  0x22, 0x82, 0x21, 0x7c, 0x22, 0x82, 0x22, 0x7c, 0x22, 0x83, 0x22, 0x7c,
  0x22, 0x83, 0x23, 0x7b, 0x22, 0x83, 0x22, 0x7b, 0x22, 0x83, 0x22, 0x7c,
  0x20, 0x82, 0x21, 0x7c, 0x22, 0x83, 0x22, 0x7b, 0x22, 0x83, 0x22, 0x7b,
  0x24, 0x83, 0x2c, 0x7b, 0x21, 0x7e, 0x1f, 0x7e, 0x18, 0x7a, 0x1f, 0x81,
  0x26, 0x70, 0x5d, 0x88, 0x9a, 0x67, 0xa8, 0x8d, 0x9c, 0x63, 0x90, 0x8f,
  0x9c, 0x5f, 0xb7, 0x90, 0xca, 0x5d, 0xcc, 0x90, 0xcc, 0x5e, 0xd9, 0x8f,
  0xad, 0x6f, 0x4e, 0x88, 0x29, 0x85, 0x2e, 0x7a, 0x1e, 0x7f, 0x0a, 0x7e,
  0x1b, 0x7f, 0x1d, 0x7d, 0x48, 0x85, 0x42, 0x79, 0x3d, 0x7c, 0x5d, 0x80,
  0x36, 0x7e, 0x19, 0x7f, 0x1c, 0x84, 0x1b, 0x7b, 0x1b, 0x82, 0x1b, 0x7c,
  0x1b, 0x83, 0x1b, 0x7c, 0x1b, 0x83, 0x1b, 0x7b, 0x1b, 0x83, 0x1b, 0x7c,
  0x1b, 0x83, 0x1b, 0x7b, 0x1c, 0x83, 0x1c, 0x7b, 0x1d, 0x83, 0x1e, 0x7b,
  0x1f, 0x84, 0x22, 0x7b, 0x25, 0x85, 0x28, 0x7a, 0x2a, 0x86, 0x2d, 0x79,
  0x30, 0x87, 0x32, 0x79, 0x34, 0x87, 0x34, 0x78, 0x34, 0x89, 0x33, 0x77,
  0x30, 0x82, 0x41, 0x7d, 0x36, 0x82, 0x28, 0x7d, 0x2a, 0x88, 0x3b, 0x77,
  0x2e, 0x82, 0x14, 0x7c, 0x19, 0x80, 0x19, 0x7d, 0x19, 0x81, 0x1a, 0x7d,
  0x1a, 0x81, 0x19, 0x7c, 0x19, 0x82, 0x19, 0x7c, 0x19, 0x82, 0x19, 0x7c,
  0x18, 0x82, 0x18, 0x7c, 0x17, 0x81, 0x16, 0x7d, 0x16, 0x81, 0x15, 0x7d,
  0x14, 0x80, 0x14, 0x7d, 0x15, 0x82, 0x0e, 0x7c, 0x1d, 0x78, 0x58, 0x83,
  0x61, 0x80, 0x3e, 0x7d, 0x30, 0x86, 0x48, 0x78, 0x14, 0x7e, 0x10, 0x7e,
  0x0e, 0x80, 0x30, 0x7c, 0x2d, 0x84, 0x35, 0x7a, 0x7a, 0x69, 0xbc, 0x8b,
  0x9c, 0x60, 0xa6, 0x90, 0xa9, 0x64, 0x96, 0x8e, 0x72, 0x69, 0x50, 0x8d,
  0x42, 0x6e, 0x3a, 0x8a, 0x2c, 0x73, 0x26, 0x86, 0x1a, 0x7c, 0x1e, 0x80,
  0x20, 0x81, 0x2d, 0x7d, 0x25, 0x83, 0x23, 0x7b, 0x23, 0x82, 0x23, 0x7c,
  0x23, 0x83, 0x22, 0x7c, 0x21, 0x83, 0x22, 0x7c, 0x21, 0x83, 0x21, 0x7c,
  0x21, 0x83, 0x21, 0x7c, 0x21, 0x83, 0x21, 0x7c, 0x21, 0x82, 0x20, 0x7c,
  0x21, 0x82, 0x20, 0x7c, 0x20, 0x82, 0x1f, 0x7c, 0x22, 0x81, 0x1f, 0x7c,
  0x1c, 0x81, 0x17, 0x7d, 0x14, 0x7f, 0x15, 0x7e, 0x18, 0x80, 0x19, 0x7d,
  0x1b, 0x81, 0x1d, 0x7c, 0x1e, 0x81, 0x1e, 0x7c, 0x1f, 0x82, 0x21, 0x7c,
  0x21, 0x82, 0x22, 0x7c, 0x23, 0x82, 0x23, 0x7c, 0x23, 0x82, 0x23, 0x7c,
  0x23, 0x82, 0x23, 0x7c, 0x22, 0x83, 0x22, 0x7c, 0x22, 0x82, 0x21, 0x7c,
  0x20, 0x82, 0x20, 0x7c, 0x1e, 0x82, 0x1e, 0x7c, 0x1d, 0x81, 0x1d, 0x7c,
  0x1d, 0x81, 0x1d, 0x7c, 0x1d, 0x81, 0x1d, 0x7c, 0x1d, 0x81, 0x1c, 0x7d,
  0x1b, 0x81, 0x1a, 0x7d, 0x19, 0x82, 0x19, 0x7c, 0x19, 0x82, 0x19, 0x7c,
  0x19, 0x82, 0x19, 0x7c, 0x19, 0x82, 0x19, 0x7c, 0x19, 0x82, 0x1a, 0x7c,
  0x1a, 0x83, 0x1a, 0x7c, 0x1b, 0x83, 0x1c, 0x7b, 0x1c, 0x83, 0x1d, 0x7b,
  0x1d, 0x84, 0x1e, 0x7b, 0x1e, 0x84, 0x1e, 0x7a, 0x1e, 0x84, 0x1e, 0x7b,
  0x1f, 0x84, 0x1f, 0x7a, 0x1f, 0x84, 0x20, 0x7a, 0x20, 0x84, 0x20, 0x7a,
  0x1f, 0x84, 0x20, 0x7a, 0x20, 0x85, 0x1f, 0x7a, 0x1f, 0x84, 0x1f, 0x7a,
  0x1e, 0x84, 0x1e, 0x7b, 0x1e, 0x84, 0x1f, 0x7b, 0x1e, 0x84, 0x1e, 0x7b,
  0x1f, 0x84, 0x1f, 0x7b, 0x1e, 0x84, 0x1f, 0x7a, 0x1f, 0x84, 0x1f, 0x7a,
  0x1f, 0x84, 0x1e, 0x7a, 0x1f, 0x84, 0x1e, 0x7a, 0x1f, 0x84, 0x1f, 0x7a,
  0x20, 0x84, 0x20, 0x7a, 0x20, 0x84, 0x20, 0x7a, 0x20, 0x84, 0x20, 0x7a,
  0x20, 0x85, 0x20, 0x7a, 0x20, 0x84, 0x20, 0x7a, 0x20, 0x84, 0x20, 0x7a,
  0x1f, 0x84, 0x1f, 0x7a, 0x1f, 0x84, 0x1f, 0x7a, 0x1f, 0x84, 0x1f, 0x7a,
  0x1e, 0x84, 0x1e, 0x7a, 0x1e, 0x84, 0x1d, 0x7b, 0x1c, 0x83, 0x1c, 0x7b,
  0x1b, 0x83, 0x1b, 0x7b, 0x1b, 0x82, 0x1a, 0x7c, 0x19, 0x82, 0x19, 0x7c,
  0x18, 0x82, 0x18, 0x7c, 0x17, 0x81, 0x17, 0x7c, 0x17, 0x82, 0x17, 0x7c,
  0x17, 0x82, 0x16, 0x7c, 0x16, 0x81, 0x16, 0x7c, 0x16, 0x81, 0x16, 0x7d,
  0x17, 0x81, 0x18, 0x7d, 0x19, 0x81, 0x1a, 0x7d, 0x1b, 0x81, 0x1b, 0x7d,
  0x1c, 0x81, 0x1c, 0x7c, 0x1c, 0x80, 0x1d, 0x7d, 0x1d, 0x81, 0x1c, 0x7d,
  0x1c, 0x81, 0x1c, 0x7c, 0x1c, 0x81, 0x1c, 0x7d, 0x1b, 0x81, 0x1b, 0x7d,
  0x1a, 0x81, 0x19, 0x7d, 0x18, 0x80, 0x17, 0x7d, 0x17, 0x7f, 0x16, 0x7d,
  0x15, 0x7f, 0x14, 0x7e, 0x12, 0x7f, 0x11, 0x7e, 0x10, 0x7e, 0x10, 0x7e,
  0x12, 0x7f, 0x14, 0x7e, 0x1d, 0x82, 0x21, 0x7c, 0x22, 0x82, 0x22, 0x7c,
  0x22, 0x82, 0x22, 0x7b, 0x22, 0x83, 0x22, 0x7b, 0x23, 0x83, 0x23, 0x7b,
  0x23, 0x82, 0x22, 0x7b, 0x1f, 0x82, 0x21, 0x7b, 0x23, 0x83, 0x22, 0x7b,
  0x23, 0x83, 0x23, 0x7b, 0x24, 0x83, 0x2b, 0x7b, 0x1f, 0x7f, 0x1d, 0x7e,
  0x19, 0x79, 0x22, 0x82, 0x2b, 0x70, 0x3a, 0x88, 0x44, 0x6c, 0x59, 0x8c,
  0x82, 0x67, 0x9f, 0x8c, 0x9d, 0x63, 0x8d, 0x8f, 0x8f, 0x60, 0xb3, 0x90,
  0xcf, 0x69, 0x86, 0x8a, 0x36, 0x83, 0x28, 0x7b, 0x21, 0x80, 0x13, 0x7c,
  0x0f, 0x7e, 0x21, 0x7f, 0x36, 0x85, 0x51, 0x78, 0x24, 0x7f, 0x50, 0x7d,
  0x4e, 0x7a, 0x27, 0x81, 0x1e, 0x85, 0x23, 0x7a, 0x23, 0x84, 0x23, 0x7a,
  0x23, 0x84, 0x23, 0x7a, 0x23, 0x84, 0x23, 0x7a, 0x23, 0x84, 0x23, 0x7a,
  0x23, 0x84, 0x23, 0x7a, 0x22, 0x84, 0x21, 0x7a, 0x22, 0x84, 0x22, 0x7a,
  0x21, 0x84, 0x22, 0x7a, 0x24, 0x84, 0x26, 0x7a, 0x29, 0x85, 0x2c, 0x7a,
  0x2f, 0x87, 0x31, 0x79, 0x33, 0x87, 0x34, 0x78, 0x34, 0x87, 0x34, 0x78,
  0x33, 0x87, 0x33, 0x79, 0x33, 0x87, 0x2e, 0x79, 0x2c, 0x87, 0x2a, 0x79,
  0x27, 0x84, 0x28, 0x7b, 0x1b, 0x82, 0x1d, 0x7c, 0x1c, 0x82, 0x1b, 0x7c,
  0x1a, 0x82, 0x19, 0x7c, 0x19, 0x82, 0x19, 0x7c, 0x18, 0x82, 0x19, 0x7c,
  0x18, 0x82, 0x19, 0x7c, 0x19, 0x82, 0x19, 0x7c, 0x19, 0x82, 0x1a, 0x7c,
  0x1a, 0x82, 0x1b, 0x7c, 0x1b, 0x82, 0x1b, 0x7c, 0x1b, 0x83, 0x1c, 0x7b,
  0x19, 0x82, 0x14, 0x7c, 0x3d, 0x77, 0x5c, 0x84, 0x46, 0x85, 0x32, 0x79,
  0x4c, 0x83, 0x22, 0x7a, 0x12, 0x7c, 0x0f, 0x80, 0x1e, 0x83, 0x30, 0x7b,
  0x2b, 0x7d, 0x7e, 0x7f, 0xa4, 0x65, 0x71, 0x8f, 0x58, 0x6b, 0x49, 0x8c,
  0x47, 0x6c, 0x4b, 0x8c, 0x4d, 0x6e, 0x3d, 0x8a, 0x2a, 0x75, 0x23, 0x85,
  0x19, 0x7c, 0x1d, 0x80, 0x20, 0x82, 0x2d, 0x7c, 0x24, 0x83, 0x23, 0x7b,
  0x23, 0x83, 0x23, 0x7c, 0x23, 0x82, 0x21, 0x7c, 0x21, 0x82, 0x22, 0x7c,
  0x22, 0x82, 0x22, 0x7c, 0x22, 0x82, 0x21, 0x7c, 0x21, 0x81, 0x21, 0x7c,
  0x20, 0x81, 0x20, 0x7c, 0x21, 0x82, 0x21, 0x7c, 0x1e, 0x81, 0x1c, 0x7d,
  0x18, 0x80, 0x14, 0x7e, 0x12, 0x7f, 0x12, 0x7e, 0x14, 0x80, 0x16, 0x7e,
  0x16, 0x80, 0x17, 0x7d, 0x18, 0x80, 0x19, 0x7d, 0x1a, 0x81, 0x1b, 0x7d,
  0x1b, 0x80, 0x1c, 0x7d, 0x1c, 0x81, 0x1c, 0x7d, 0x1d, 0x81, 0x1d, 0x7d,
  0x1d, 0x81, 0x1d, 0x7d, 0x1d, 0x81, 0x1c, 0x7d, 0x1d, 0x81, 0x1d, 0x7c,
  0x1d, 0x81, 0x1d, 0x7c, 0x1d, 0x81, 0x1d, 0x7c, 0x1d, 0x81, 0x1d, 0x7c,
  0x1d, 0x81, 0x1c, 0x7d, 0x1b, 0x81, 0x1a, 0x7d, 0x18, 0x80, 0x17, 0x7d,
  0x16, 0x81, 0x16, 0x7d, 0x17, 0x81, 0x17, 0x7c, 0x17, 0x82, 0x17, 0x7c,
  0x17, 0x81, 0x17, 0x7c, 0x18, 0x81, 0x19, 0x7c, 0x19, 0x82, 0x1a, 0x7c,
  0x1b, 0x82, 0x1b, 0x7b, 0x1c, 0x83, 0x1b, 0x7b, 0x1c, 0x83, 0x1d, 0x7b,
  0x1e, 0x84, 0x1e, 0x7b, 0x1e, 0x84, 0x1e, 0x7b, 0x1e, 0x84, 0x1e, 0x7b,
  0x1e, 0x84, 0x1e, 0x7a, 0x1f, 0x84, 0x1f, 0x7a, 0x1f, 0x84, 0x1f, 0x7a,
  0x1f, 0x84, 0x1f, 0x7a, 0x1f, 0x84, 0x1f, 0x7a, 0x1f, 0x84, 0x1f, 0x7a,
  0x1f, 0x84, 0x1e, 0x7a, 0x1e, 0x84, 0x1e, 0x7b, 0x1e, 0x84, 0x1e, 0x7b,
  0x1e, 0x84, 0x1e, 0x7b, 0x1e, 0x84, 0x1e, 0x7b, 0x1f, 0x85, 0x1e, 0x7a,
  0x1e, 0x85, 0x1e, 0x7a, 0x1e, 0x85, 0x1e, 0x7a, 0x1e, 0x85, 0x1f, 0x7a,
  0x1e, 0x85, 0x1f, 0x7a, 0x20, 0x85, 0x20, 0x7a, 0x20, 0x85, 0x20, 0x7a,
  0x20, 0x85, 0x20, 0x7a, 0x20, 0x85, 0x20, 0x7a, 0x20, 0x85, 0x20, 0x7a,
  0x20, 0x85, 0x20, 0x7a, 0x1f, 0x85, 0x1f, 0x7a, 0x1f, 0x85, 0x1f, 0x7a,
  0x20, 0x84, 0x20, 0x7a, 0x1f, 0x84, 0x1e, 0x7a, 0x1e, 0x84, 0x1e, 0x7a,
  0x1e, 0x84, 0x1d, 0x7a, 0x1d, 0x84, 0x1d, 0x7b, 0x1c, 0x83, 0x1b, 0x7b,
  0x1b, 0x83, 0x1a, 0x7b, 0x1a, 0x83, 0x1a, 0x7b, 0x19, 0x82, 0x19, 0x7b,
  0x18, 0x82, 0x18, 0x7c, 0x17, 0x81, 0x16, 0x7c, 0x16, 0x81, 0x16, 0x7c,
  0x15, 0x81, 0x14, 0x7d, 0x14, 0x81, 0x13, 0x7d, 0x13, 0x80, 0x13, 0x7d,
  0x13, 0x80, 0x13, 0x7d, 0x13, 0x80, 0x14, 0x7d, 0x15, 0x80, 0x15, 0x7d,
  0x16, 0x80, 0x16, 0x7d, 0x16, 0x80, 0x16, 0x7d, 0x16, 0x80, 0x15, 0x7d,
  0x15, 0x80, 0x14, 0x7d, 0x14, 0x80, 0x13, 0x7d, 0x13, 0x80, 0x13, 0x7d,
  0x12, 0x80, 0x12, 0x7e, 0x11, 0x80, 0x11, 0x7e, 0x11, 0x7f, 0x11, 0x7e,
  0x11, 0x7f, 0x11, 0x7e, 0x11, 0x7f, 0x11, 0x7e, 0x12, 0x80, 0x17, 0x7d,
  0x1d, 0x82, 0x21, 0x7c, 0x22, 0x82, 0x22, 0x7b, 0x22, 0x82, 0x22, 0x7b,
  0x22, 0x83, 0x23, 0x7b, 0x22, 0x83, 0x23, 0x7b, 0x1f, 0x82, 0x20, 0x7c,
  0x22, 0x83, 0x23, 0x7b, 0x23, 0x83, 0x23, 0x7b, 0x23, 0x83, 0x2c, 0x7b,
  0x1f, 0x7f, 0x1d, 0x7e, 0x19, 0x79, 0x22, 0x82, 0x2a, 0x71, 0x3d, 0x88,
  0x4b, 0x6e, 0x47, 0x8a, 0x41, 0x6d, 0x4a, 0x8b, 0x6a, 0x69, 0x92, 0x8c,
  0xa6, 0x65, 0xa8, 0x8e, 0x63, 0x7b, 0x20, 0x80, 0x29, 0x84, 0x22, 0x7a,
  0x10, 0x7e, 0x16, 0x7f, 0x1d, 0x82, 0x4b, 0x7b, 0x28, 0x83, 0x46, 0x7a,
  0x61, 0x79, 0x41, 0x81, 0x25, 0x85, 0x27, 0x7a, 0x2a, 0x86, 0x2a, 0x79,
  0x2a, 0x85, 0x2b, 0x79, 0x2b, 0x86, 0x2a, 0x79, 0x2a, 0x86, 0x2b, 0x79,
  0x2b, 0x86, 0x2b, 0x79, 0x2c, 0x86, 0x2b, 0x79, 0x2b, 0x86, 0x29, 0x79,
  0x28, 0x86, 0x28, 0x79, 0x2a, 0x86, 0x2c, 0x79, 0x2d, 0x86, 0x2e, 0x79,
  0x2f, 0x86, 0x30, 0x79, 0x32, 0x87, 0x33, 0x78, 0x34, 0x87, 0x34, 0x78,
  0x34, 0x88, 0x34, 0x78, 0x33, 0x87, 0x32, 0x78, 0x32, 0x86, 0x2f, 0x79,
  0x2c, 0x85, 0x2a, 0x7a, 0x27, 0x84, 0x22, 0x7a, 0x22, 0x83, 0x20, 0x7b,
  0x1e, 0x83, 0x1d, 0x7b, 0x1e, 0x84, 0x1f, 0x7b, 0x1f, 0x84, 0x20, 0x7a,
  0x22, 0x84, 0x22, 0x7a, 0x23, 0x84, 0x24, 0x7a, 0x25, 0x85, 0x25, 0x7a,
  0x25, 0x85, 0x26, 0x7a, 0x25, 0x85, 0x25, 0x7a, 0x25, 0x85, 0x25, 0x7a,
  0x24, 0x84, 0x23, 0x7a, 0x23, 0x86, 0x24, 0x79, 0x1b, 0x81, 0x2c, 0x7c,
  0x5c, 0x7a, 0x5c, 0x81, 0x38, 0x86, 0x33, 0x78, 0x45, 0x7f, 0x08, 0x7d,
  0x0c, 0x80, 0x15, 0x7d, 0x32, 0x7e, 0x67, 0x7d, 0x59, 0x69, 0x42, 0x8e,
  0x4b, 0x6c, 0x4d, 0x8b, 0x4e, 0x6c, 0x4d, 0x8b, 0x4e, 0x6d, 0x3e, 0x8b,
  0x2a, 0x75, 0x21, 0x85, 0x19, 0x7c, 0x1e, 0x7f, 0x21, 0x82, 0x2e, 0x7c,
  0x23, 0x84, 0x23, 0x7b, 0x23, 0x82, 0x23, 0x7b, 0x23, 0x82, 0x21, 0x7c,
  0x21, 0x82, 0x23, 0x7c, 0x22, 0x82, 0x22, 0x7c, 0x21, 0x82, 0x21, 0x7c,
  0x21, 0x82, 0x21, 0x7c, 0x21, 0x81, 0x20, 0x7b, 0x1e, 0x81, 0x1a, 0x7c,
  0x14, 0x80, 0x12, 0x7d, 0x10, 0x7f, 0x10, 0x7e, 0x11, 0x7f, 0x11, 0x7e,
  0x11, 0x7f, 0x12, 0x7e, 0x13, 0x7f, 0x14, 0x7e, 0x15, 0x80, 0x15, 0x7d,
  0x16, 0x80, 0x17, 0x7d, 0x18, 0x80, 0x19, 0x7d, 0x1a, 0x81, 0x1a, 0x7d,
  0x1b, 0x81, 0x1b, 0x7d, 0x1b, 0x81, 0x1b, 0x7d, 0x1b, 0x81, 0x1b, 0x7d,
  0x1b, 0x81, 0x1b, 0x7c, 0x1b, 0x80, 0x1a, 0x7d, 0x1a, 0x80, 0x19, 0x7d,
  0x18, 0x80, 0x17, 0x7d, 0x16, 0x80, 0x15, 0x7d, 0x14, 0x80, 0x14, 0x7d,
  0x14, 0x81, 0x14, 0x7d, 0x15, 0x81, 0x15, 0x7c, 0x16, 0x81, 0x16, 0x7c,
  0x18, 0x82, 0x18, 0x7c, 0x18, 0x82, 0x19, 0x7c, 0x1a, 0x82, 0x1a, 0x7b,
  0x1b, 0x83, 0x1c, 0x7b, 0x1c, 0x83, 0x1d, 0x7b, 0x1c, 0x83, 0x1d, 0x7b,
  0x1d, 0x84, 0x1e, 0x7b, 0x1e, 0x84, 0x1e, 0x7a, 0x1f, 0x84, 0x1e, 0x7b,
  0x1e, 0x84, 0x1f, 0x7a, 0x1f, 0x85, 0x1e, 0x7a, 0x1f, 0x85, 0x1f, 0x7a,
  0x1f, 0x85, 0x1f, 0x7a, 0x1f, 0x85, 0x1f, 0x7a, 0x1f, 0x85, 0x1f, 0x7a,
  0x1f, 0x85, 0x1f, 0x7a, 0x1f, 0x85, 0x1e, 0x7a, 0x1e, 0x84, 0x1e, 0x7a,
  0x1e, 0x84, 0x1e, 0x7a, 0x1e, 0x84, 0x1e, 0x7a, 0x1e, 0x84, 0x1e, 0x7a,
  0x1e, 0x85, 0x1e, 0x7a, 0x1f, 0x85, 0x1f, 0x7b, 0x1e, 0x84, 0x1f, 0x7b,
  0x1f, 0x85, 0x1f, 0x7a, 0x1f, 0x85, 0x1f, 0x7a, 0x20, 0x85, 0x1f, 0x7a,
  0x20, 0x85, 0x20, 0x7a, 0x20, 0x85, 0x20, 0x7a, 0x20, 0x85, 0x20, 0x7a,
  0x20, 0x84, 0x20, 0x7a, 0x20, 0x85, 0x20, 0x7a, 0x20, 0x85, 0x1f, 0x7a,
  0x20, 0x84, 0x20, 0x7a, 0x20, 0x85, 0x20, 0x7a, 0x20, 0x85, 0x20, 0x7a,
  0x20, 0x84, 0x1f, 0x7b, 0x1f, 0x84, 0x1f, 0x7b, 0x1e, 0x84, 0x1e, 0x7b,
  0x1d, 0x85, 0x1e, 0x7a, 0x1d, 0x84, 0x1c, 0x7a, 0x1d, 0x84, 0x1c, 0x7b,
  0x1c, 0x84, 0x1b, 0x7b, 0x1b, 0x83, 0x1a, 0x7b, 0x1a, 0x83, 0x19, 0x7b,
  0x19, 0x83, 0x18, 0x7c, 0x18, 0x82, 0x18, 0x7c, 0x17, 0x82, 0x17, 0x7c,
  0x17, 0x81, 0x16, 0x7c, 0x16, 0x81, 0x15, 0x7c, 0x15, 0x81, 0x15, 0x7d,
  0x14, 0x81, 0x14, 0x7d, 0x14, 0x81, 0x14, 0x7d, 0x14, 0x81, 0x14, 0x7d,
  0x14, 0x81, 0x14, 0x7d, 0x14, 0x81, 0x14, 0x7d, 0x14, 0x81, 0x14, 0x7d,
  0x14, 0x81, 0x15, 0x7d, 0x15, 0x81, 0x15, 0x7d, 0x15, 0x81, 0x15, 0x7d,
  0x14, 0x80, 0x14, 0x7d, 0x13, 0x80, 0x13, 0x7d, 0x13, 0x80, 0x13, 0x7d,
  0x13, 0x80, 0x11, 0x7d, 0x11, 0x80, 0x15, 0x7d, 0x1a, 0x81, 0x1f, 0x7c,
  0x22, 0x82, 0x22, 0x7b, 0x22, 0x82, 0x22, 0x7b, 0x22, 0x82, 0x22, 0x7b,
  0x1f, 0x82, 0x20, 0x7c, 0x21, 0x83, 0x22, 0x7b, 0x22, 0x83, 0x23, 0x7b,
  0x23, 0x83, 0x2c, 0x7b, 0x1f, 0x7f, 0x1d, 0x7e, 0x19, 0x7a, 0x21, 0x81,
  0x27, 0x72, 0x38, 0x87, 0x48, 0x6e, 0x4b, 0x8a, 0x4e, 0x6d, 0x4e, 0x8b,
  0x48, 0x6d, 0x44, 0x8b, 0x56, 0x6d, 0x78, 0x8a, 0x37, 0x82, 0x25, 0x7c,
  0x12, 0x7e, 0x11, 0x7e, 0x13, 0x80, 0x3d, 0x7c, 0x31, 0x85, 0x2a, 0x79,
  0x52, 0x79, 0x54, 0x82, 0x31, 0x83, 0x26, 0x7c, 0x2d, 0x88, 0x2c, 0x78,
  0x2d, 0x87, 0x2d, 0x79, 0x2d, 0x87, 0x2d, 0x79, 0x2e, 0x86, 0x2d, 0x79,
  0x2e, 0x86, 0x2e, 0x78, 0x2d, 0x86, 0x2e, 0x78, 0x2e, 0x86, 0x2e, 0x79,
  0x2c, 0x87, 0x2d, 0x79, 0x35, 0x87, 0x35, 0x79, 0x31, 0x87, 0x2e, 0x79,
  0x2e, 0x86, 0x2f, 0x79, 0x30, 0x87, 0x31, 0x79, 0x32, 0x87, 0x33, 0x79,
  0x33, 0x87, 0x33, 0x78, 0x33, 0x87, 0x33, 0x78, 0x32, 0x87, 0x31, 0x78,
  0x30, 0x86, 0x30, 0x79, 0x30, 0x86, 0x2f, 0x79, 0x2e, 0x86, 0x2d, 0x79,
  0x2a, 0x86, 0x29, 0x79, 0x27, 0x85, 0x27, 0x7a, 0x27, 0x85, 0x25, 0x7a,
  0x27, 0x85, 0x29, 0x79, 0x2a, 0x86, 0x2b, 0x79, 0x2b, 0x86, 0x2b, 0x79,
  0x2b, 0x86, 0x2b, 0x79, 0x2c, 0x86, 0x2b, 0x79, 0x2b, 0x86, 0x2b, 0x79,
  0x2a, 0x86, 0x29, 0x79, 0x29, 0x86, 0x29, 0x79, 0x28, 0x86, 0x29, 0x7a,
  0x2a, 0x88, 0x25, 0x78, 0x23, 0x7d, 0x49, 0x80, 0x5a, 0x7d, 0x42, 0x7f,
  0x2a, 0x86, 0x40, 0x78, 0x35, 0x80, 0x0a, 0x7d, 0x1f, 0x79, 0x6a, 0x81,
  0x55, 0x6a, 0x4a, 0x8c, 0x4e, 0x6c, 0x4c, 0x8b, 0x4b, 0x6c, 0x4a, 0x8b,
  0x4b, 0x6e, 0x3b, 0x8a, 0x2b, 0x75, 0x21, 0x85, 0x1a, 0x7d, 0x1e, 0x7f,
  0x22, 0x83, 0x2d, 0x7c, 0x22, 0x83, 0x23, 0x7b, 0x22, 0x82, 0x22, 0x7c,
  0x22, 0x82, 0x21, 0x7c, 0x21, 0x82, 0x22, 0x7c, 0x21, 0x82, 0x20, 0x7c,
  0x21, 0x82, 0x22, 0x7c, 0x21, 0x81, 0x1f, 0x7c, 0x1b, 0x80, 0x16, 0x7d,
  0x12, 0x7f, 0x11, 0x7d, 0x11, 0x7f, 0x12, 0x7d, 0x12, 0x80, 0x13, 0x7d,
  0x13, 0x80, 0x12, 0x7d, 0x13, 0x80, 0x14, 0x7d, 0x13, 0x80, 0x13, 0x7d,
  0x13, 0x80, 0x13, 0x7d, 0x13, 0x80, 0x13, 0x7e, 0x13, 0x7f, 0x13, 0x7d,
  0x13, 0x7f, 0x13, 0x7d, 0x14, 0x7f, 0x14, 0x7d, 0x14, 0x7f, 0x14, 0x7d,
  0x14, 0x80, 0x14, 0x7d, 0x14, 0x80, 0x14, 0x7d, 0x14, 0x80, 0x14, 0x7d,
  0x14, 0x80, 0x14, 0x7d, 0x14, 0x81, 0x14, 0x7d, 0x14, 0x81, 0x15, 0x7d,
  0x16, 0x81, 0x17, 0x7c, 0x18, 0x82, 0x17, 0x7c, 0x18, 0x82, 0x19, 0x7c,
  0x19, 0x82, 0x19, 0x7c, 0x1a, 0x83, 0x1a, 0x7c, 0x1b, 0x83, 0x1c, 0x7b,
  0x1d, 0x83, 0x1c, 0x7b, 0x1c, 0x84, 0x1d, 0x7b, 0x1d, 0x84, 0x1e, 0x7a,
  0x1e, 0x84, 0x1e, 0x7b, 0x1f, 0x84, 0x1f, 0x7b, 0x1f, 0x84, 0x1f, 0x7b,
  0x1f, 0x85, 0x1f, 0x7b, 0x1f, 0x84, 0x1f, 0x7a, 0x1f, 0x85, 0x1f, 0x7a,
  0x1f, 0x84, 0x1f, 0x7a, 0x1f, 0x85, 0x1f, 0x7a, 0x1f, 0x84, 0x20, 0x7b,
  0x20, 0x84, 0x1f, 0x7a, 0x1f, 0x84, 0x1f, 0x7b, 0x1f, 0x84, 0x1f, 0x7b,
  0x1f, 0x85, 0x1f, 0x7b, 0x1e, 0x85, 0x1e, 0x7a, 0x1e, 0x84, 0x1e, 0x7b,
  0x1e, 0x84, 0x1e, 0x7b, 0x1e, 0x85, 0x1e, 0x7a, 0x1e, 0x85, 0x1e, 0x7a,
  0x1e, 0x85, 0x1e, 0x7a, 0x1f, 0x85, 0x1f, 0x7a, 0x1f, 0x85, 0x1f, 0x7a,
  0x1f, 0x85, 0x20, 0x7a, 0x20, 0x85, 0x20, 0x7a, 0x20, 0x85, 0x20, 0x7a,
  0x20, 0x85, 0x20, 0x7a, 0x20, 0x85, 0x20, 0x7a, 0x20, 0x85, 0x20, 0x7a,
  0x20, 0x85, 0x20, 0x7a, 0x20, 0x85, 0x20, 0x7a, 0x20, 0x85, 0x20, 0x7a,
  0x20, 0x85, 0x20, 0x7a, 0x20, 0x85, 0x20, 0x7a, 0x20, 0x85, 0x20, 0x7a,
  0x20, 0x85, 0x1f, 0x7a, 0x1f, 0x84, 0x1f, 0x7a, 0x1f, 0x84, 0x1e, 0x7b,
  0x1e, 0x84, 0x1e, 0x7a, 0x1e, 0x84, 0x1e, 0x7b, 0x1e, 0x84, 0x1d, 0x7b,
  0x1d, 0x84, 0x1d, 0x7b, 0x1d, 0x84, 0x1c, 0x7b, 0x1c, 0x84, 0x1b, 0x7b,
  0x1b, 0x84, 0x1b, 0x7b, 0x1b, 0x83, 0x1b, 0x7b, 0x1b, 0x83, 0x1b, 0x7b,
  0x1b, 0x83, 0x1a, 0x7b, 0x1a, 0x83, 0x1b, 0x7c, 0x1a, 0x83, 0x1a, 0x7c,
  0x1a, 0x83, 0x1a, 0x7b, 0x1a, 0x83, 0x1a, 0x7c, 0x1a, 0x83, 0x19, 0x7c,
  0x1a, 0x83, 0x19, 0x7c, 0x19, 0x82, 0x19, 0x7c, 0x19, 0x82, 0x18, 0x7c,
  0x17, 0x82, 0x17, 0x7c, 0x16, 0x81, 0x16, 0x7d, 0x15, 0x81, 0x14, 0x7d,
  0x14, 0x80, 0x14, 0x7d, 0x13, 0x80, 0x13, 0x7d, 0x13, 0x80, 0x12, 0x7d,
  0x12, 0x80, 0x14, 0x7d, 0x18, 0x81, 0x1e, 0x7c, 0x21, 0x82, 0x22, 0x7b,
  0x22, 0x82, 0x22, 0x7c, 0x1e, 0x82, 0x1f, 0x7c, 0x22, 0x83, 0x22, 0x7c,
  0x22, 0x82, 0x23, 0x7b, 0x23, 0x84, 0x2b, 0x7b, 0x1f, 0x80, 0x1d, 0x7d,
  0x19, 0x7a, 0x20, 0x81, 0x27, 0x72, 0x3a, 0x87, 0x4a, 0x6d, 0x4b, 0x8b,
  0x4c, 0x6d, 0x4c, 0x8a, 0x4c, 0x6e, 0x4c, 0x8a, 0x45, 0x6e, 0x62, 0x8a,
  0x34, 0x7e, 0x11, 0x7f, 0x0f, 0x7f, 0x1e, 0x7e, 0x48, 0x85, 0x21, 0x79,
  0x46, 0x7c, 0x5c, 0x80, 0x47, 0x7d, 0x25, 0x7f, 0x27, 0x88, 0x2b, 0x78,
  0x2b, 0x86, 0x2c, 0x7a, 0x2d, 0x87, 0x2d, 0x79, 0x2e, 0x87, 0x2f, 0x79,
  0x2f, 0x87, 0x2f, 0x79, 0x2e, 0x87, 0x2e, 0x79, 0x2f, 0x87, 0x2f, 0x79,
  0x2e, 0x87, 0x2e, 0x79, 0x36, 0x87, 0x47, 0x79, 0x4f, 0x87, 0x4e, 0x79,
  0x4c, 0x87, 0x49, 0x79, 0x3f, 0x87, 0x33, 0x79, 0x31, 0x87, 0x32, 0x79,
  0x33, 0x87, 0x33, 0x79, 0x34, 0x87, 0x34, 0x79, 0x33, 0x87, 0x33, 0x79,
  0x32, 0x87, 0x32, 0x79, 0x32, 0x87, 0x32, 0x79, 0x31, 0x87, 0x30, 0x79,
  0x2f, 0x87, 0x2d, 0x79, 0x2e, 0x87, 0x2d, 0x79, 0x2b, 0x87, 0x2a, 0x79,
  0x2b, 0x87, 0x32, 0x79, 0x2f, 0x87, 0x2b, 0x79, 0x2c, 0x86, 0x2d, 0x79,
  0x2d, 0x87, 0x2d, 0x79, 0x2e, 0x87, 0x2d, 0x79, 0x2d, 0x87, 0x2d, 0x79,
  0x2d, 0x87, 0x2c, 0x79, 0x2b, 0x87, 0x2b, 0x79, 0x2b, 0x87, 0x2a, 0x79,
  0x29, 0x86, 0x28, 0x7a, 0x27, 0x85, 0x26, 0x7a, 0x25, 0x86, 0x1c, 0x79,
  0x32, 0x78, 0x5c, 0x83, 0x4d, 0x83, 0x43, 0x7b, 0x2e, 0x84, 0x17, 0x7a,
  0x1c, 0x79, 0x66, 0x82, 0x50, 0x6b, 0x4b, 0x8c, 0x4d, 0x6d, 0x4d, 0x8b,
  0x4d, 0x6c, 0x4d, 0x8b, 0x4c, 0x6e, 0x37, 0x8a, 0x23, 0x79, 0x19, 0x82,
  0x1a, 0x80, 0x1c, 0x7d, 0x24, 0x83, 0x2c, 0x7b, 0x22, 0x83, 0x23, 0x7c,
  0x23, 0x82, 0x23, 0x7c, 0x22, 0x82, 0x21, 0x7c, 0x21, 0x82, 0x22, 0x7c,
  0x22, 0x81, 0x21, 0x7c, 0x20, 0x81, 0x1c, 0x7c, 0x17, 0x80, 0x13, 0x7d,
  0x11, 0x7f, 0x11, 0x7e, 0x12, 0x80, 0x13, 0x7d, 0x13, 0x80, 0x14, 0x7d,
  0x14, 0x80, 0x14, 0x7d, 0x15, 0x81, 0x16, 0x7d, 0x16, 0x81, 0x17, 0x7d,
  0x18, 0x82, 0x18, 0x7c, 0x18, 0x82, 0x18, 0x7c, 0x18, 0x82, 0x18, 0x7c,
  0x18, 0x82, 0x17, 0x7c, 0x18, 0x82, 0x18, 0x7c, 0x17, 0x82, 0x18, 0x7c,
  0x18, 0x82, 0x18, 0x7c, 0x18, 0x82, 0x18, 0x7c, 0x18, 0x82, 0x18, 0x7c,
  0x19, 0x82, 0x19, 0x7c, 0x19, 0x82, 0x19, 0x7c, 0x19, 0x83, 0x1a, 0x7c,
  0x1a, 0x83, 0x1b, 0x7b, 0x1b, 0x83, 0x1b, 0x7b, 0x1b, 0x83, 0x1c, 0x7b,
  0x1c, 0x83, 0x1d, 0x7b, 0x1d, 0x84, 0x1c, 0x7b, 0x1d, 0x84, 0x1d, 0x7b,
  0x1e, 0x84, 0x1e, 0x7b, 0x1e, 0x84, 0x1e, 0x7b, 0x1f, 0x84, 0x1f, 0x7a,
  0x1f, 0x84, 0x1f, 0x7a, 0x1f, 0x84, 0x1f, 0x7a, 0x20, 0x84, 0x20, 0x7b,
  0x20, 0x85, 0x1f, 0x7a, 0x20, 0x85, 0x1f, 0x7a, 0x1f, 0x85, 0x1f, 0x7a,
  0x1f, 0x85, 0x1f, 0x7a, 0x1f, 0x85, 0x20, 0x7a, 0x1f, 0x85, 0x20, 0x7a,
  0x20, 0x85, 0x20, 0x7a, 0x1f, 0x85, 0x1f, 0x7a, 0x1f, 0x85, 0x1e, 0x7b,
  0x1e, 0x85, 0x1f, 0x7b, 0x1f, 0x85, 0x1f, 0x7a, 0x1e, 0x85, 0x1e, 0x7a,
  0x1e, 0x85, 0x1e, 0x7b, 0x1e, 0x85, 0x1e, 0x7b, 0x1f, 0x84, 0x1e, 0x7a,
  0x1e, 0x84, 0x1e, 0x7a, 0x1f, 0x84, 0x1f, 0x7b, 0x1f, 0x84, 0x1e, 0x7a,
  0x1f, 0x84, 0x1f, 0x7a, 0x1f, 0x84, 0x20, 0x7a, 0x20, 0x84, 0x20, 0x7a,
  0x20, 0x84, 0x20, 0x7a, 0x1f, 0x85, 0x20, 0x7a, 0x20, 0x84, 0x20, 0x7a,
  0x20, 0x84, 0x20, 0x7a, 0x20, 0x84, 0x20, 0x7a, 0x20, 0x85, 0x20, 0x7a,
  0x20, 0x84, 0x20, 0x7a, 0x20, 0x85, 0x20, 0x7b, 0x20, 0x84, 0x20, 0x7a,
  0x20, 0x84, 0x20, 0x7a, 0x20, 0x85, 0x20, 0x7a, 0x20, 0x84, 0x20, 0x7a,
  0x1f, 0x84, 0x1f, 0x7a, 0x1f, 0x84, 0x1f, 0x7a, 0x20, 0x84, 0x1f, 0x7a,
  0x1f, 0x84, 0x1f, 0x7a, 0x1f, 0x84, 0x1e, 0x7a, 0x1e, 0x84, 0x1e, 0x7a,
  0x1e, 0x84, 0x1e, 0x7a, 0x1d, 0x84, 0x1d, 0x7a, 0x1e, 0x84, 0x1e, 0x7a,
  0x1e, 0x84, 0x1e, 0x7a, 0x1d, 0x84, 0x1d, 0x7a, 0x1d, 0x84, 0x1d, 0x7b,
  0x1d, 0x84, 0x1d, 0x7a, 0x1c, 0x84, 0x1c, 0x7a, 0x1c, 0x84, 0x1c, 0x7a,
  0x1c, 0x84, 0x1c, 0x7b, 0x1c, 0x83, 0x1b, 0x7b, 0x1b, 0x83, 0x1b, 0x7b,
  0x1b, 0x82, 0x1a, 0x7b, 0x19, 0x82, 0x18, 0x7c, 0x18, 0x82, 0x17, 0x7c,
  0x16, 0x81, 0x16, 0x7d, 0x15, 0x81, 0x15, 0x7d, 0x15, 0x81, 0x14, 0x7d,
  0x13, 0x80, 0x13, 0x7d, 0x13, 0x80, 0x12, 0x7d, 0x12, 0x7f, 0x12, 0x7e,
  0x15, 0x80, 0x1b, 0x7d, 0x20, 0x82, 0x22, 0x7c, 0x1f, 0x82, 0x1f, 0x7c,
  0x21, 0x82, 0x22, 0x7b, 0x22, 0x82, 0x22, 0x7b, 0x22, 0x83, 0x2b, 0x7b,
  0x1e, 0x81, 0x1a, 0x7d, 0x17, 0x7e, 0x15, 0x7e, 0x21, 0x74, 0x3a, 0x86,
  0x4d, 0x6c, 0x4e, 0x8b, 0x4b, 0x6e, 0x4a, 0x8a, 0x4a, 0x6d, 0x4c, 0x8a,
  0x4c, 0x6d, 0x6c, 0x8b, 0x30, 0x7d, 0x06, 0x7f, 0x41, 0x84, 0x2a, 0x7a,
  0x2c, 0x80, 0x4c, 0x7d, 0x52, 0x79, 0x2e, 0x82, 0x20, 0x86, 0x27, 0x79,
  0x28, 0x85, 0x29, 0x7a, 0x2a, 0x86, 0x2b, 0x79, 0x2c, 0x86, 0x2d, 0x79,
  0x2e, 0x86, 0x2e, 0x79, 0x2e, 0x87, 0x2e, 0x79, 0x2e, 0x87, 0x2e, 0x79,
  0x2f, 0x87, 0x30, 0x79, 0x39, 0x87, 0x45, 0x79, 0x49, 0x86, 0x49, 0x79,
  0x47, 0x85, 0x47, 0x7a, 0x47, 0x85, 0x4e, 0x7a, 0x55, 0x87, 0x4e, 0x7a,
  0x38, 0x87, 0x32, 0x79, 0x33, 0x87, 0x33, 0x79, 0x33, 0x87, 0x33, 0x79,
  0x33, 0x87, 0x32, 0x79, 0x32, 0x87, 0x32, 0x79, 0x32, 0x87, 0x31, 0x79,
  0x31, 0x86, 0x2f, 0x79, 0x2e, 0x86, 0x2d, 0x79, 0x2b, 0x86, 0x2c, 0x79,
  0x34, 0x87, 0x3f, 0x79, 0x47, 0x86, 0x4b, 0x7a, 0x48, 0x86, 0x3c, 0x79,
  0x2f, 0x87, 0x2c, 0x79, 0x2e, 0x86, 0x2e, 0x79, 0x2e, 0x87, 0x2e, 0x79,
  0x2f, 0x87, 0x2e, 0x79, 0x2e, 0x86, 0x2d, 0x79, 0x2c, 0x86, 0x2b, 0x79,
  0x2a, 0x86, 0x29, 0x7a, 0x28, 0x85, 0x26, 0x7a, 0x25, 0x85, 0x24, 0x7a,
  0x23, 0x85, 0x23, 0x7a, 0x1d, 0x81, 0x1f, 0x7c, 0x4b, 0x77, 0x54, 0x84,
  0x33, 0x8a, 0x39, 0x76, 0x36, 0x7a, 0x69, 0x81, 0x52, 0x6a, 0x4d, 0x8d,
  0x4f, 0x6c, 0x4f, 0x8b, 0x4a, 0x6e, 0x41, 0x8a, 0x2e, 0x78, 0x1c, 0x82,
  0x14, 0x7f, 0x15, 0x7d, 0x1b, 0x80, 0x1b, 0x7d, 0x26, 0x83, 0x2c, 0x7b,
  0x21, 0x82, 0x22, 0x7b, 0x22, 0x82, 0x22, 0x7b, 0x22, 0x82, 0x21, 0x7c,
  0x22, 0x81, 0x21, 0x7c, 0x1d, 0x80, 0x18, 0x7d, 0x14, 0x80, 0x12, 0x7e,
  0x11, 0x80, 0x12, 0x7e, 0x12, 0x80, 0x13, 0x7d, 0x14, 0x80, 0x14, 0x7d,
  0x14, 0x81, 0x15, 0x7d, 0x15, 0x81, 0x16, 0x7c, 0x17, 0x82, 0x17, 0x7d,
  0x18, 0x82, 0x19, 0x7c, 0x19, 0x82, 0x19, 0x7b, 0x1a, 0x83, 0x1b, 0x7b,
  0x1b, 0x83, 0x1b, 0x7b, 0x1b, 0x83, 0x1c, 0x7b, 0x1c, 0x83, 0x1c, 0x7b,
  0x1c, 0x83, 0x1c, 0x7b, 0x1c, 0x83, 0x1c, 0x7b, 0x1c, 0x83, 0x1c, 0x7b,
  0x1c, 0x83, 0x1c, 0x7b, 0x1c, 0x83, 0x1c, 0x7b, 0x1c, 0x83, 0x1c, 0x7b,
  0x1c, 0x83, 0x1d, 0x7b, 0x1d, 0x84, 0x1d, 0x7a, 0x1d, 0x84, 0x1d, 0x7b,
  0x1d, 0x84, 0x1e, 0x7b, 0x1e, 0x83, 0x1e, 0x7b, 0x1f, 0x84, 0x1e, 0x7b,
  0x1e, 0x83, 0x1f, 0x7b, 0x1f, 0x84, 0x1f, 0x7b, 0x1f, 0x84, 0x1f, 0x7b,
  0x20, 0x84, 0x20, 0x7a, 0x20, 0x84, 0x20, 0x7b, 0x20, 0x84, 0x20, 0x7a,
  0x20, 0x84, 0x20, 0x7a, 0x1f, 0x84, 0x20, 0x7a, 0x20, 0x84, 0x1f, 0x7a,
  0x1f, 0x84, 0x20, 0x7a, 0x1f, 0x84, 0x20, 0x7a, 0x1f, 0x84, 0x20, 0x7a,
  0x20, 0x84, 0x20, 0x7a, 0x1f, 0x84, 0x1f, 0x7a, 0x1f, 0x84, 0x1f, 0x7a,
  0x1f, 0x84, 0x1f, 0x7b, 0x1f, 0x84, 0x1f, 0x7a, 0x1f, 0x84, 0x1f, 0x7a,
  0x1e, 0x84, 0x1e, 0x7b, 0x1e, 0x84, 0x1e, 0x7a, 0x1e, 0x84, 0x1e, 0x7a,
  0x1f, 0x85, 0x1e, 0x7a, 0x1e, 0x85, 0x1f, 0x7a, 0x1e, 0x84, 0x1f, 0x7a,
  0x1e, 0x84, 0x1e, 0x7b, 0x1f, 0x85, 0x1f, 0x7a, 0x1f, 0x85, 0x1f, 0x7a,
  0x1f, 0x85, 0x20, 0x7a, 0x20, 0x85, 0x20, 0x7a, 0x1f, 0x85, 0x1f, 0x7a,
  0x20, 0x85, 0x20, 0x7a, 0x20, 0x85, 0x20, 0x7a, 0x20, 0x85, 0x20, 0x7a,
  0x20, 0x85, 0x20, 0x7a, 0x20, 0x85, 0x20, 0x7a, 0x20, 0x85, 0x20, 0x7a,
  0x20, 0x85, 0x20, 0x7a, 0x20, 0x85, 0x20, 0x7a, 0x20, 0x85, 0x20, 0x7a,
  0x20, 0x85, 0x20, 0x7a, 0x20, 0x85, 0x20, 0x7a, 0x20, 0x85, 0x20, 0x7a,
  0x20, 0x85, 0x20, 0x7a, 0x20, 0x85, 0x20, 0x7a, 0x20, 0x85, 0x1f, 0x7a,
  0x20, 0x84, 0x1f, 0x7a, 0x1f, 0x85, 0x1f, 0x7a, 0x1f, 0x84, 0x1e, 0x7a,
  0x1f, 0x84, 0x1f, 0x7a, 0x1f, 0x84, 0x1f, 0x7a, 0x1f, 0x84, 0x1f, 0x7a,
  0x1e, 0x84, 0x1f, 0x7a, 0x1f, 0x84, 0x1f, 0x7a, 0x1e, 0x84, 0x1e, 0x7a,
  0x1e, 0x84, 0x1e, 0x7a, 0x1e, 0x84, 0x1d, 0x7b, 0x1d, 0x84, 0x1d, 0x7b,
  0x1d, 0x83, 0x1c, 0x7b, 0x1b, 0x84, 0x1b, 0x7b, 0x1b, 0x83, 0x1a, 0x7c,
  0x19, 0x82, 0x18, 0x7c, 0x18, 0x82, 0x18, 0x7c, 0x17, 0x82, 0x17, 0x7c,
  0x16, 0x81, 0x15, 0x7c, 0x15, 0x81, 0x14, 0x7d, 0x14, 0x80, 0x14, 0x7d,
  0x13, 0x80, 0x12, 0x7d, 0x11, 0x80, 0x11, 0x7e, 0x14, 0x80, 0x19, 0x7d,
  0x1c, 0x82, 0x1f, 0x7c, 0x22, 0x83, 0x22, 0x7b, 0x22, 0x82, 0x22, 0x7b,
  0x22, 0x83, 0x2b, 0x7b, 0x1e, 0x81, 0x19, 0x7c, 0x18, 0x80, 0x15, 0x7d,
  0x14, 0x7e, 0x1a, 0x7e, 0x2a, 0x74, 0x3d, 0x86, 0x49, 0x6e, 0x4c, 0x8a,
  0x4c, 0x6e, 0x4c, 0x8a, 0x4c, 0x6d, 0x6b, 0x8b, 0x3c, 0x81, 0x26, 0x7c,
  0x3c, 0x86, 0x44, 0x79, 0x5a, 0x77, 0x43, 0x83, 0x1d, 0x83, 0x1d, 0x7b,
  0x23, 0x85, 0x24, 0x7a, 0x26, 0x86, 0x27, 0x7a, 0x29, 0x86, 0x2a, 0x7a,
  0x2b, 0x87, 0x2c, 0x79, 0x2d, 0x87, 0x2e, 0x79, 0x2e, 0x87, 0x2e, 0x79,
  0x2e, 0x86, 0x2e, 0x79, 0x2e, 0x87, 0x2e, 0x79, 0x2b, 0x84, 0x2c, 0x7a,
  0x37, 0x85, 0x44, 0x7a, 0x4b, 0x86, 0x4b, 0x7a, 0x4e, 0x85, 0x48, 0x7a,
  0x38, 0x83, 0x2a, 0x7b, 0x2e, 0x85, 0x32, 0x7a, 0x31, 0x87, 0x32, 0x79,
  0x32, 0x87, 0x32, 0x79, 0x32, 0x87, 0x32, 0x79, 0x32, 0x87, 0x31, 0x79,
  0x31, 0x87, 0x31, 0x79, 0x30, 0x87, 0x30, 0x79, 0x2f, 0x87, 0x2f, 0x79,
  0x39, 0x87, 0x47, 0x78, 0x49, 0x86, 0x48, 0x7a, 0x47, 0x84, 0x45, 0x7a,
  0x46, 0x85, 0x47, 0x7a, 0x48, 0x86, 0x3e, 0x7a, 0x30, 0x87, 0x2f, 0x79,
  0x2e, 0x87, 0x2f, 0x79, 0x2f, 0x87, 0x2e, 0x79, 0x2e, 0x86, 0x2c, 0x79,
  0x2b, 0x86, 0x2a, 0x7a, 0x29, 0x86, 0x28, 0x7a, 0x26, 0x85, 0x24, 0x7a,
  0x22, 0x85, 0x21, 0x7a, 0x20, 0x83, 0x1e, 0x7b, 0x1e, 0x84, 0x1b, 0x7a,
  0x14, 0x7c, 0x34, 0x81, 0x61, 0x7e, 0x4b, 0x7f, 0x3c, 0x7c, 0x6c, 0x80,
  0x53, 0x69, 0x4e, 0x8e, 0x42, 0x73, 0x2f, 0x86, 0x1c, 0x7d, 0x13, 0x7f,
  0x13, 0x81, 0x15, 0x7d, 0x17, 0x80, 0x18, 0x7e, 0x1b, 0x80, 0x1a, 0x7d,
  0x29, 0x84, 0x2b, 0x7b, 0x21, 0x83, 0x22, 0x7b, 0x22, 0x82, 0x22, 0x7c,
  0x20, 0x82, 0x1c, 0x7c, 0x19, 0x80, 0x15, 0x7d, 0x12, 0x80, 0x11, 0x7e,
  0x12, 0x80, 0x13, 0x7d, 0x13, 0x80, 0x14, 0x7d, 0x15, 0x81, 0x15, 0x7d,
  0x15, 0x81, 0x15, 0x7d, 0x16, 0x82, 0x17, 0x7c, 0x17, 0x82, 0x18, 0x7c,
  0x19, 0x82, 0x1a, 0x7c, 0x1a, 0x83, 0x1a, 0x7c, 0x1b, 0x83, 0x1b, 0x7b,
  0x1c, 0x83, 0x1c, 0x7b, 0x1c, 0x84, 0x1d, 0x7b, 0x1e, 0x84, 0x1d, 0x7b,
  0x1d, 0x84, 0x1e, 0x7b, 0x1e, 0x84, 0x1e, 0x7b, 0x1e, 0x84, 0x1e, 0x7b,
  0x1e, 0x84, 0x1e, 0x7b, 0x1e, 0x84, 0x1e, 0x7b, 0x1e, 0x84, 0x1e, 0x7b,
  0x1e, 0x84, 0x1e, 0x7b, 0x1e, 0x84, 0x1f, 0x7a, 0x1f, 0x84, 0x1f, 0x7a,
  0x1f, 0x84, 0x1f, 0x7a, 0x1f, 0x84, 0x1f, 0x7b, 0x1f, 0x84, 0x1f, 0x7a,
  0x1f, 0x84, 0x1f, 0x7a, 0x1f, 0x84, 0x1f, 0x7b, 0x20, 0x84, 0x20, 0x7a,
  0x20, 0x85, 0x20, 0x7a, 0x20, 0x85, 0x1f, 0x7a, 0x1f, 0x85, 0x20, 0x7a,
  0x20, 0x85, 0x20, 0x7a, 0x20, 0x85, 0x20, 0x7a, 0x1f, 0x85, 0x20, 0x7a,
  0x1f, 0x85, 0x20, 0x7a, 0x20, 0x85, 0x20, 0x7a, 0x20, 0x85, 0x20, 0x7a,
  0x1f, 0x85, 0x1f, 0x7a, 0x20, 0x85, 0x1f, 0x7a, 0x1f, 0x84, 0x1f, 0x7a,
  0x1e, 0x85, 0x1f, 0x7a, 0x1f, 0x84, 0x1e, 0x7b, 0x1e, 0x85, 0x1f, 0x7b,
  0x1e, 0x85, 0x1e, 0x7a, 0x1e, 0x85, 0x1e, 0x7b, 0x1e, 0x84, 0x1e, 0x7a,
  0x1e, 0x84, 0x1e, 0x7a, 0x1f, 0x85, 0x1f, 0x7b, 0x1e, 0x85, 0x1e, 0x7b,
  0x1e, 0x85, 0x1f, 0x7b, 0x1f, 0x85, 0x1f, 0x7b, 0x1f, 0x85, 0x1f, 0x7b,
  0x1f, 0x85, 0x1f, 0x7b, 0x1f, 0x85, 0x20, 0x7a, 0x20, 0x85, 0x1f, 0x7a,
  0x1f, 0x85, 0x1f, 0x7a, 0x20, 0x85, 0x1f, 0x7a, 0x1f, 0x85, 0x20, 0x7a,
  0x20, 0x85, 0x20, 0x7a, 0x20, 0x85, 0x20, 0x7a, 0x20, 0x85, 0x20, 0x7a,
  0x20, 0x85, 0x20, 0x7a, 0x20, 0x85, 0x20, 0x7a, 0x20, 0x85, 0x20, 0x7a,
  0x20, 0x85, 0x20, 0x7a, 0x20, 0x85, 0x20, 0x7a, 0x20, 0x85, 0x20, 0x7a,
  0x20, 0x85, 0x20, 0x7a, 0x20, 0x85, 0x20, 0x7a, 0x20, 0x85, 0x20, 0x7a,
  0x20, 0x85, 0x20, 0x7a, 0x20, 0x85, 0x20, 0x7a, 0x1f, 0x85, 0x20, 0x7a,
  0x1f, 0x85, 0x1f, 0x7a, 0x20, 0x85, 0x20, 0x7a, 0x20, 0x85, 0x1f, 0x7a,
  0x20, 0x85, 0x20, 0x7a, 0x1f, 0x85, 0x20, 0x7b, 0x20, 0x85, 0x20, 0x7a,
  0x20, 0x85, 0x1f, 0x7a, 0x1f, 0x85, 0x1f, 0x7a, 0x1f, 0x84, 0x1e, 0x7b,
  0x1e, 0x84, 0x1e, 0x7b, 0x1e, 0x84, 0x1d, 0x7b, 0x1d, 0x84, 0x1d, 0x7b,
  0x1c, 0x83, 0x1b, 0x7b, 0x1a, 0x83, 0x1a, 0x7b, 0x19, 0x82, 0x19, 0x7b,
  0x19, 0x82, 0x19, 0x7c, 0x18, 0x82, 0x17, 0x7c, 0x17, 0x81, 0x16, 0x7c,
  0x16, 0x81, 0x15, 0x7d, 0x14, 0x80, 0x14, 0x7d, 0x13, 0x80, 0x13, 0x7d,
  0x11, 0x80, 0x11, 0x7e, 0x13, 0x80, 0x15, 0x7d, 0x1e, 0x82, 0x21, 0x7c,
  0x22, 0x82, 0x22, 0x7c, 0x21, 0x83, 0x2a, 0x7b, 0x1f, 0x81, 0x19, 0x7c,
  0x1a, 0x7f, 0x18, 0x7e, 0x16, 0x7f, 0x13, 0x7e, 0x0f, 0x7f, 0x10, 0x7e,
  0x1e, 0x77, 0x33, 0x83, 0x45, 0x6d, 0x50, 0x8a, 0x50, 0x6b, 0x69, 0x8c,
  0x47, 0x84, 0x38, 0x7a, 0x4c, 0x7a, 0x58, 0x81, 0x2c, 0x7e, 0x16, 0x7f,
  0x1d, 0x84, 0x20, 0x7a, 0x20, 0x84, 0x22, 0x7b, 0x23, 0x85, 0x25, 0x7a,
  0x26, 0x86, 0x27, 0x7a, 0x29, 0x86, 0x2a, 0x7a, 0x2c, 0x86, 0x2d, 0x79,
  0x2e, 0x86, 0x2d, 0x79, 0x2d, 0x87, 0x2d, 0x79, 0x2c, 0x86, 0x2b, 0x79,
  0x21, 0x83, 0x1d, 0x7c, 0x23, 0x82, 0x29, 0x7c, 0x33, 0x84, 0x3f, 0x7b,
  0x33, 0x83, 0x29, 0x7b, 0x25, 0x82, 0x24, 0x7c, 0x27, 0x85, 0x2f, 0x7a,
  0x30, 0x87, 0x31, 0x79, 0x31, 0x87, 0x31, 0x79, 0x31, 0x87, 0x31, 0x79,
  0x31, 0x87, 0x31, 0x79, 0x31, 0x87, 0x30, 0x79, 0x30, 0x87, 0x2f, 0x79,
  0x2f, 0x86, 0x2c, 0x7a, 0x34, 0x84, 0x42, 0x7b, 0x4a, 0x85, 0x4c, 0x7a,
  0x49, 0x85, 0x49, 0x7a, 0x48, 0x85, 0x41, 0x7a, 0x34, 0x83, 0x2b, 0x7b,
  0x2d, 0x86, 0x2f, 0x7a, 0x2e, 0x87, 0x2e, 0x79, 0x2f, 0x86, 0x2e, 0x79,
  0x2d, 0x86, 0x2b, 0x79, 0x29, 0x86, 0x29, 0x7a, 0x28, 0x86, 0x26, 0x7a,
  0x24, 0x85, 0x23, 0x7a, 0x21, 0x84, 0x1f, 0x7b, 0x1e, 0x83, 0x1d, 0x7b,
  0x1b, 0x83, 0x1b, 0x7c, 0x1b, 0x83, 0x12, 0x7c, 0x1f, 0x79, 0x4f, 0x82,
  0x5b, 0x70, 0x56, 0x88, 0x30, 0x76, 0x23, 0x84, 0x15, 0x80, 0x0f, 0x7d,
  0x0f, 0x80, 0x10, 0x7d, 0x12, 0x7f, 0x15, 0x7e, 0x18, 0x80, 0x1a, 0x7d,
  0x1b, 0x80, 0x1a, 0x7d, 0x2a, 0x83, 0x28, 0x7b, 0x22, 0x82, 0x22, 0x7c,
  0x1f, 0x81, 0x1c, 0x7d, 0x16, 0x80, 0x11, 0x7d, 0x11, 0x7f, 0x12, 0x7e,
  0x13, 0x80, 0x13, 0x7d, 0x14, 0x80, 0x15, 0x7d, 0x15, 0x80, 0x16, 0x7d,
  0x16, 0x81, 0x16, 0x7c, 0x17, 0x82, 0x17, 0x7c, 0x17, 0x82, 0x18, 0x7c,
  0x19, 0x83, 0x19, 0x7b, 0x1a, 0x83, 0x1b, 0x7b, 0x1c, 0x83, 0x1c, 0x7b,
  0x1c, 0x83, 0x1d, 0x7b, 0x1d, 0x84, 0x1d, 0x7b, 0x1e, 0x84, 0x1e, 0x7b,
  0x1f, 0x84, 0x1f, 0x7b, 0x1f, 0x85, 0x1f, 0x7a, 0x1f, 0x85, 0x1f, 0x7a,
  0x1f, 0x85, 0x20, 0x7b, 0x1f, 0x85, 0x1f, 0x7b, 0x20, 0x85, 0x20, 0x7a,
  0x20, 0x85, 0x1f, 0x7b, 0x1f, 0x85, 0x1f, 0x7b, 0x20, 0x85, 0x20, 0x7a,
  0x20, 0x85, 0x20, 0x7b, 0x20, 0x85, 0x1f, 0x7b, 0x1f, 0x85, 0x20, 0x7b,
  0x20, 0x85, 0x1f, 0x7a, 0x1f, 0x85, 0x20, 0x7a, 0x20, 0x85, 0x20, 0x7b,
  0x20, 0x85, 0x20, 0x7a, 0x20, 0x85, 0x20, 0x7b, 0x20, 0x85, 0x20, 0x7a,
  0x20, 0x85, 0x20, 0x7a, 0x20, 0x85, 0x20, 0x7a, 0x20, 0x85, 0x20, 0x7a,
  0x1f, 0x85, 0x20, 0x7a, 0x20, 0x85, 0x1f, 0x7a, 0x1f, 0x85, 0x20, 0x7a,
  0x1f, 0x85, 0x1f, 0x7a, 0x1f, 0x85, 0x1f, 0x7a, 0x20, 0x85, 0x1f, 0x7a,
  0x1f, 0x85, 0x1f, 0x7b, 0x1f, 0x85, 0x1f, 0x7b, 0x1f, 0x85, 0x1e, 0x7b,
  0x1e, 0x85, 0x1f, 0x7b, 0x1f, 0x85, 0x1f, 0x7b, 0x1f, 0x85, 0x1e, 0x7a,
  0x1e, 0x84, 0x1e, 0x7b, 0x1e, 0x84, 0x1e, 0x7a, 0x1e, 0x84, 0x1e, 0x7b,
  0x1e, 0x85, 0x1e, 0x7b, 0x1e, 0x85, 0x1e, 0x7b, 0x1f, 0x85, 0x1f, 0x7b,
  0x1f, 0x85, 0x1f, 0x7b, 0x1e, 0x84, 0x1f, 0x7b, 0x1f, 0x85, 0x1f, 0x7b,
  0x1f, 0x85, 0x1f, 0x7a, 0x1f, 0x85, 0x1f, 0x7b, 0x1f, 0x85, 0x1f, 0x7a,
  0x1f, 0x85, 0x20, 0x7a, 0x20, 0x85, 0x20, 0x7b, 0x20, 0x85, 0x20, 0x7b,
  0x1f, 0x85, 0x20, 0x7a, 0x20, 0x85, 0x20, 0x7b, 0x20, 0x85, 0x20, 0x7b,
  0x20, 0x85, 0x21, 0x7b, 0x21, 0x85, 0x21, 0x7a, 0x21, 0x85, 0x21, 0x7a,
  0x21, 0x85, 0x20, 0x7a, 0x21, 0x85, 0x20, 0x7b, 0x20, 0x85, 0x20, 0x7a,
  0x20, 0x85, 0x20, 0x7a, 0x21, 0x85, 0x20, 0x7a, 0x20, 0x85, 0x20, 0x7a,
  0x20, 0x85, 0x20, 0x7a, 0x20, 0x85, 0x20, 0x7a, 0x20, 0x85, 0x20, 0x7a,
  0x21, 0x85, 0x21, 0x7a, 0x21, 0x85, 0x20, 0x7a, 0x21, 0x85, 0x20, 0x7a,
  0x21, 0x85, 0x20, 0x7a, 0x20, 0x85, 0x20, 0x7a, 0x20, 0x85, 0x20, 0x7a,
  0x20, 0x85, 0x1f, 0x7b, 0x1f, 0x85, 0x1f, 0x7b, 0x1e, 0x84, 0x1e, 0x7b,
  0x1e, 0x84, 0x1e, 0x7b, 0x1d, 0x84, 0x1c, 0x7b, 0x1c, 0x83, 0x1c, 0x7b,
  0x1b, 0x83, 0x1b, 0x7b, 0x1b, 0x82, 0x1a, 0x7c, 0x19, 0x82, 0x19, 0x7c,
  0x18, 0x82, 0x18, 0x7c, 0x18, 0x81, 0x17, 0x7c, 0x16, 0x81, 0x16, 0x7d,
  0x15, 0x81, 0x14, 0x7d, 0x14, 0x80, 0x13, 0x7d, 0x13, 0x80, 0x12, 0x7e,
  0x13, 0x80, 0x16, 0x7e, 0x1b, 0x81, 0x20, 0x7c, 0x21, 0x83, 0x28, 0x7b,
  0x21, 0x81, 0x19, 0x7c, 0x1a, 0x80, 0x18, 0x7e, 0x15, 0x7f, 0x12, 0x7e,
  0x11, 0x7f, 0x11, 0x7e, 0x10, 0x81, 0x11, 0x7d, 0x1a, 0x7a, 0x2e, 0x82,
  0x3b, 0x70, 0x5f, 0x89, 0x52, 0x77, 0x52, 0x83, 0x43, 0x7b, 0x1a, 0x81,
  0x17, 0x83, 0x1c, 0x7b, 0x1c, 0x83, 0x1e, 0x7c, 0x1f, 0x84, 0x20, 0x7b,
  0x22, 0x84, 0x23, 0x7b, 0x25, 0x85, 0x26, 0x7a, 0x28, 0x86, 0x2a, 0x7a,
  0x2b, 0x86, 0x2c, 0x79, 0x2d, 0x86, 0x2d, 0x79, 0x2d, 0x86, 0x2c, 0x79,
  0x2c, 0x86, 0x2a, 0x79, 0x23, 0x84, 0x1e, 0x7b, 0x1e, 0x82, 0x1f, 0x7c,
  0x21, 0x81, 0x23, 0x7c, 0x22, 0x81, 0x21, 0x7c, 0x1f, 0x82, 0x22, 0x7c,
  0x27, 0x86, 0x2d, 0x7a, 0x30, 0x87, 0x30, 0x79, 0x31, 0x87, 0x30, 0x79,
  0x30, 0x86, 0x30, 0x79, 0x30, 0x87, 0x31, 0x79, 0x30, 0x86, 0x30, 0x79,
  0x30, 0x87, 0x2f, 0x79, 0x2f, 0x85, 0x27, 0x7a, 0x1d, 0x81, 0x21, 0x7d,
  0x2b, 0x84, 0x3c, 0x7b, 0x46, 0x84, 0x3c, 0x7b, 0x31, 0x82, 0x26, 0x7c,
  0x1f, 0x81, 0x1e, 0x7d, 0x27, 0x85, 0x2c, 0x7a, 0x2d, 0x86, 0x2e, 0x79,
  0x2e, 0x86, 0x2d, 0x79, 0x2c, 0x86, 0x2b, 0x79, 0x2a, 0x85, 0x28, 0x7a,
  0x27, 0x85, 0x25, 0x7a, 0x24, 0x84, 0x22, 0x7b, 0x21, 0x84, 0x1f, 0x7b,
  0x1d, 0x83, 0x1c, 0x7c, 0x1b, 0x82, 0x19, 0x7c, 0x18, 0x82, 0x19, 0x7c,
  0x13, 0x80, 0x13, 0x7d, 0x2b, 0x7c, 0x1a, 0x81, 0x11, 0x82, 0x12, 0x7c,
  0x13, 0x80, 0x14, 0x7d, 0x13, 0x80, 0x12, 0x7e, 0x11, 0x7f, 0x12, 0x7e,
  0x16, 0x80, 0x1b, 0x7d, 0x1d, 0x81, 0x1e, 0x7d, 0x26, 0x83, 0x1f, 0x7c,
  0x1c, 0x81, 0x18, 0x7d, 0x15, 0x80, 0x12, 0x7e, 0x12, 0x80, 0x13, 0x7e,
  0x14, 0x80, 0x15, 0x7d, 0x14, 0x81, 0x15, 0x7d, 0x16, 0x81, 0x17, 0x7d,
  0x17, 0x82, 0x17, 0x7d, 0x18, 0x82, 0x18, 0x7c, 0x18, 0x82, 0x19, 0x7c,
  0x1a, 0x82, 0x1a, 0x7c, 0x1b, 0x83, 0x1c, 0x7c, 0x1c, 0x83, 0x1d, 0x7b,
  0x1d, 0x83, 0x1e, 0x7b, 0x1e, 0x84, 0x1e, 0x7b, 0x1e, 0x84, 0x1f, 0x7b,
  0x1f, 0x85, 0x1f, 0x7b, 0x1f, 0x85, 0x20, 0x7b, 0x20, 0x85, 0x20, 0x7a,
  0x20, 0x85, 0x20, 0x7a, 0x20, 0x85, 0x20, 0x7a, 0x20, 0x85, 0x20, 0x7a,
  0x20, 0x85, 0x20, 0x7b, 0x20, 0x85, 0x20, 0x7b, 0x20, 0x85, 0x20, 0x7a,
  0x20, 0x85, 0x20, 0x7a, 0x21, 0x85, 0x20, 0x7a, 0x20, 0x85, 0x21, 0x7b,
  0x20, 0x85, 0x20, 0x7a, 0x20, 0x85, 0x20, 0x7b, 0x20, 0x85, 0x20, 0x7a,
  0x20, 0x85, 0x20, 0x7a, 0x20, 0x85, 0x20, 0x7b, 0x20, 0x85, 0x20, 0x7a,
  0x20, 0x85, 0x20, 0x7b, 0x20, 0x85, 0x20, 0x7b, 0x20, 0x85, 0x20, 0x7b,
  0x20, 0x85, 0x20, 0x7b, 0x20, 0x85, 0x20, 0x7b, 0x20, 0x85, 0x20, 0x7b,
  0x20, 0x85, 0x20, 0x7a, 0x1f, 0x85, 0x1f, 0x7b, 0x1f, 0x85, 0x1f, 0x7b,
  0x1f, 0x85, 0x1f, 0x7b, 0x1e, 0x85, 0x1e, 0x7b, 0x1f, 0x85, 0x1e, 0x7b,
  0x1f, 0x85, 0x1f, 0x7b, 0x1e, 0x85, 0x1e, 0x7b, 0x1e, 0x84, 0x1f, 0x7b,
  0x1e, 0x85, 0x1e, 0x7b, 0x1e, 0x84, 0x1e, 0x7b, 0x1e, 0x84, 0x1e, 0x7b,
  0x1e, 0x84, 0x1e, 0x7a, 0x1e, 0x84, 0x1f, 0x7a, 0x1f, 0x84, 0x1f, 0x7a,
  0x1f, 0x84, 0x1f, 0x7a, 0x1f, 0x84, 0x1f, 0x7b, 0x1f, 0x84, 0x1e, 0x7a,
  0x1f, 0x84, 0x1f, 0x7a, 0x1f, 0x85, 0x1f, 0x7a, 0x1f, 0x84, 0x1f, 0x7a,
  0x1f, 0x85, 0x1f, 0x7a, 0x1f, 0x85, 0x1f, 0x7a, 0x20, 0x85, 0x20, 0x7a,
  0x1f, 0x85, 0x1f, 0x7a, 0x20, 0x85, 0x20, 0x7a, 0x20, 0x84, 0x20, 0x7a,
  0x20, 0x85, 0x20, 0x7a, 0x20, 0x85, 0x20, 0x7a, 0x21, 0x85, 0x21, 0x7a,
  0x20, 0x85, 0x21, 0x7a, 0x21, 0x85, 0x20, 0x7a, 0x20, 0x85, 0x20, 0x7a,
  0x20, 0x85, 0x20, 0x7a, 0x20, 0x85, 0x21, 0x7a, 0x21, 0x85, 0x21, 0x7a,
  0x20, 0x85, 0x21, 0x7a, 0x20, 0x85, 0x20, 0x7a, 0x21, 0x85, 0x21, 0x7a,
  0x21, 0x85, 0x21, 0x7a, 0x21, 0x85, 0x21, 0x7a, 0x21, 0x85, 0x21, 0x7a,
  0x21, 0x85, 0x21, 0x7a, 0x21, 0x85, 0x20, 0x7a, 0x20, 0x85, 0x20, 0x7a,
  0x20, 0x85, 0x20, 0x7a, 0x20, 0x85, 0x20, 0x7a, 0x20, 0x85, 0x20, 0x7a,
  0x20, 0x84, 0x1f, 0x7a, 0x1f, 0x84, 0x1f, 0x7a, 0x1f, 0x84, 0x1e, 0x7a,
  0x1e, 0x83, 0x1d, 0x7b, 0x1d, 0x83, 0x1d, 0x7b, 0x1c, 0x83, 0x1c, 0x7b,
  0x1b, 0x82, 0x1b, 0x7b, 0x1a, 0x82, 0x1a, 0x7c, 0x19, 0x82, 0x18, 0x7c,
  0x18, 0x81, 0x17, 0x7c, 0x17, 0x81, 0x16, 0x7c, 0x15, 0x81, 0x15, 0x7c,
  0x14, 0x80, 0x14, 0x7d, 0x12, 0x80, 0x11, 0x7d, 0x11, 0x7f, 0x14, 0x7e,
  0x18, 0x81, 0x1f, 0x7c, 0x22, 0x81, 0x1b, 0x7c, 0x1a, 0x80, 0x16, 0x7d,
  0x11, 0x7f, 0x11, 0x7e, 0x12, 0x80, 0x13, 0x7d, 0x13, 0x80, 0x14, 0x7d,
  0x13, 0x82, 0x12, 0x7b, 0x13, 0x7d, 0x26, 0x7f, 0x45, 0x77, 0x29, 0x83,
  0x12, 0x82, 0x19, 0x7b, 0x1b, 0x82, 0x1b, 0x7c, 0x1c, 0x83, 0x1d, 0x7c,
  0x1e, 0x83, 0x20, 0x7b, 0x22, 0x84, 0x23, 0x7a, 0x25, 0x85, 0x27, 0x7a,
  0x28, 0x86, 0x2a, 0x7a, 0x2b, 0x87, 0x2c, 0x79, 0x2c, 0x86, 0x2c, 0x79,
  0x2c, 0x86, 0x2c, 0x79, 0x2c, 0x87, 0x2c, 0x79, 0x2a, 0x86, 0x28, 0x7a,
  0x24, 0x84, 0x20, 0x7b, 0x1e, 0x82, 0x1e, 0x7c, 0x1f, 0x82, 0x20, 0x7c,
  0x23, 0x85, 0x29, 0x7a, 0x2d, 0x87, 0x2f, 0x79, 0x2f, 0x86, 0x30, 0x79,
  0x30, 0x86, 0x2f, 0x79, 0x2f, 0x87, 0x2f, 0x79, 0x2f, 0x86, 0x2f, 0x79,
  0x2f, 0x86, 0x2f, 0x79, 0x2f, 0x86, 0x2e, 0x79, 0x2e, 0x86, 0x2a, 0x7a,
  0x21, 0x82, 0x1e, 0x7b, 0x1c, 0x81, 0x21, 0x7c, 0x27, 0x82, 0x25, 0x7c,
  0x22, 0x81, 0x1f, 0x7c, 0x1e, 0x82, 0x20, 0x7c, 0x25, 0x85, 0x2a, 0x7a,
  0x2c, 0x86, 0x2c, 0x79, 0x2d, 0x86, 0x2c, 0x79, 0x2c, 0x86, 0x2b, 0x79,
  0x29, 0x86, 0x29, 0x7a, 0x27, 0x86, 0x26, 0x7a, 0x24, 0x85, 0x23, 0x7a,
  0x21, 0x84, 0x20, 0x7b, 0x1e, 0x83, 0x1c, 0x7b, 0x1b, 0x82, 0x1a, 0x7c,
  0x19, 0x81, 0x18, 0x7c, 0x18, 0x81, 0x17, 0x7c, 0x12, 0x82, 0x15, 0x7c,
  0x16, 0x80, 0x15, 0x7d, 0x14, 0x80, 0x14, 0x7d, 0x13, 0x80, 0x14, 0x7d,
  0x14, 0x80, 0x13, 0x7d, 0x12, 0x7f, 0x15, 0x7d, 0x1a, 0x81, 0x1d, 0x7c,
  0x19, 0x80, 0x13, 0x7d, 0x11, 0x7f, 0x11, 0x7d, 0x12, 0x80, 0x14, 0x7d,
  0x15, 0x80, 0x15, 0x7d, 0x15, 0x81, 0x16, 0x7c, 0x17, 0x81, 0x17, 0x7c,
  0x18, 0x81, 0x18, 0x7c, 0x19, 0x82, 0x19, 0x7c, 0x1a, 0x83, 0x1a, 0x7c,
  0x1b, 0x83, 0x1b, 0x7b, 0x1c, 0x83, 0x1d, 0x7b, 0x1d, 0x83, 0x1d, 0x7b,
  0x1e, 0x84, 0x1e, 0x7b, 0x1e, 0x84, 0x1f, 0x7b, 0x1f, 0x84, 0x20, 0x7a,
  0x20, 0x84, 0x20, 0x7a, 0x20, 0x84, 0x20, 0x7a, 0x20, 0x84, 0x21, 0x7a,
  0x21, 0x85, 0x21, 0x7a, 0x21, 0x85, 0x21, 0x7a, 0x21, 0x85, 0x21, 0x7a,
  0x21, 0x85, 0x21, 0x7a, 0x21, 0x85, 0x21, 0x7a, 0x21, 0x85, 0x21, 0x7a,
  0x20, 0x85, 0x21, 0x7a, 0x21, 0x85, 0x20, 0x7a, 0x21, 0x85, 0x21, 0x7a,
  0x21, 0x85, 0x21, 0x7a, 0x21, 0x85, 0x21, 0x7a, 0x21, 0x85, 0x20, 0x7a,
  0x20, 0x85, 0x20, 0x7a, 0x20, 0x85, 0x20, 0x7a, 0x20, 0x85, 0x20, 0x7a,
  0x20, 0x85, 0x20, 0x7a, 0x20, 0x85, 0x20, 0x7a, 0x20, 0x85, 0x20, 0x7a,
  0x20, 0x85, 0x20, 0x7a, 0x20, 0x85, 0x20, 0x7a, 0x1f, 0x85, 0x20, 0x7a,
  0x20, 0x85, 0x20, 0x7a, 0x20, 0x85, 0x20, 0x7a, 0x20, 0x85, 0x1f, 0x7a,
  0x20, 0x84, 0x1f, 0x7a, 0x1f, 0x85, 0x1f, 0x7a, 0x1f, 0x85, 0x1f, 0x7a,
  0x1f, 0x85, 0x1f, 0x7a, 0x1f, 0x85, 0x1f, 0x7a, 0x1f, 0x85, 0x1f, 0x7a,
  0x1f, 0x84, 0x1f, 0x7a, 0x1e, 0x84, 0x1f, 0x7a, 0x1e, 0x84, 0x1e, 0x7a,
  0x1e, 0x84, 0x1e, 0x7a, 0x1e, 0x85, 0x1e, 0x7a, 0x1e, 0x84, 0x1e, 0x7a,
  0x1e, 0x85, 0x1e, 0x7a, 0x1e, 0x85, 0x1f, 0x7a, 0x1e, 0x85, 0x1e, 0x7a,
  0x1e, 0x85, 0x1e, 0x7a, 0x1f, 0x85, 0x1e, 0x7a, 0x1e, 0x85, 0x1f, 0x7a,
  0x1e, 0x85, 0x1e, 0x7a, 0x1f, 0x85, 0x1f, 0x7a, 0x1f, 0x85, 0x1f, 0x7a,
  0x20, 0x85, 0x20, 0x7a, 0x1f, 0x85, 0x1f, 0x7a, 0x1f, 0x85, 0x1f, 0x7a,
  0x20, 0x85, 0x20, 0x7a, 0x20, 0x85, 0x20, 0x7a, 0x20, 0x85, 0x20, 0x7a,
  0x20, 0x85, 0x21, 0x7a, 0x21, 0x85, 0x20, 0x7a, 0x21, 0x85, 0x21, 0x7a,
  0x20, 0x85, 0x20, 0x7a, 0x21, 0x85, 0x20, 0x7a, 0x20, 0x85, 0x21, 0x7a,
  0x21, 0x85, 0x21, 0x7a, 0x21, 0x85, 0x21, 0x79, 0x21, 0x85, 0x21, 0x7a,
  0x21, 0x85, 0x21, 0x7a, 0x21, 0x85, 0x21, 0x7a, 0x21, 0x85, 0x21, 0x7a,
  0x21, 0x85, 0x21, 0x7a, 0x21, 0x85, 0x21, 0x7a, 0x21, 0x85, 0x21, 0x7a,
  0x21, 0x85, 0x21, 0x7a, 0x21, 0x85, 0x21, 0x7a, 0x20, 0x85, 0x21, 0x7a,
  0x21, 0x85, 0x21, 0x7a, 0x21, 0x85, 0x20, 0x7a, 0x20, 0x85, 0x20, 0x7a,
  0x1f, 0x85, 0x1f, 0x7a, 0x1f, 0x84, 0x1e, 0x7a, 0x1e, 0x84, 0x1d, 0x7b,
  0x1d, 0x84, 0x1d, 0x7b, 0x1c, 0x84, 0x1c, 0x7b, 0x1b, 0x83, 0x1b, 0x7b,
  0x1b, 0x83, 0x1b, 0x7b, 0x1a, 0x83, 0x1a, 0x7b, 0x19, 0x82, 0x18, 0x7c,
  0x17, 0x82, 0x17, 0x7c, 0x16, 0x82, 0x15, 0x7c, 0x14, 0x81, 0x14, 0x7d,
  0x13, 0x80, 0x12, 0x7d, 0x11, 0x80, 0x12, 0x7e, 0x16, 0x80, 0x17, 0x7d,
  0x14, 0x80, 0x12, 0x7d, 0x13, 0x80, 0x14, 0x7d, 0x14, 0x81, 0x14, 0x7d,
  0x14, 0x81, 0x15, 0x7d, 0x15, 0x80, 0x16, 0x7d, 0x16, 0x82, 0x13, 0x7c,
  0x11, 0x82, 0x14, 0x7c, 0x19, 0x82, 0x19, 0x7c, 0x1a, 0x82, 0x1b, 0x7c,
  0x1d, 0x83, 0x1e, 0x7b, 0x20, 0x84, 0x21, 0x7b, 0x22, 0x85, 0x24, 0x7a,
  0x26, 0x85, 0x27, 0x7a, 0x29, 0x86, 0x2a, 0x7a, 0x2b, 0x87, 0x2b, 0x79,
  0x2c, 0x86, 0x2b, 0x79, 0x2b, 0x86, 0x2b, 0x79, 0x2b, 0x86, 0x2b, 0x79,
  0x2b, 0x87, 0x2b, 0x79, 0x2a, 0x86, 0x2a, 0x7a, 0x28, 0x86, 0x26, 0x7a,
  0x26, 0x86, 0x2a, 0x7a, 0x2c, 0x86, 0x2d, 0x79, 0x2d, 0x87, 0x2e, 0x79,
  0x2f, 0x87, 0x2e, 0x79, 0x2e, 0x87, 0x2e, 0x79, 0x2e, 0x87, 0x2e, 0x79,
  0x2e, 0x87, 0x2e, 0x79, 0x2e, 0x87, 0x2e, 0x79, 0x2d, 0x87, 0x2d, 0x79,
  0x2d, 0x86, 0x2c, 0x79, 0x28, 0x85, 0x24, 0x7a, 0x22, 0x83, 0x21, 0x7b,
  0x1f, 0x82, 0x21, 0x7c, 0x21, 0x83, 0x1f, 0x7c, 0x22, 0x85, 0x26, 0x7a,
  0x2a, 0x86, 0x2b, 0x79, 0x2c, 0x87, 0x2c, 0x79, 0x2c, 0x86, 0x2b, 0x79,
  0x2b, 0x86, 0x2a, 0x79, 0x2a, 0x86, 0x29, 0x79, 0x28, 0x86, 0x27, 0x7a,
  0x26, 0x86, 0x24, 0x7a, 0x23, 0x85, 0x21, 0x7a, 0x20, 0x83, 0x1e, 0x7b,
  0x1d, 0x83, 0x1b, 0x7b, 0x1a, 0x82, 0x19, 0x7c, 0x18, 0x82, 0x17, 0x7c,
  0x18, 0x81, 0x17, 0x7d, 0x16, 0x81, 0x15, 0x7d, 0x15, 0x81, 0x16, 0x7d,
  0x15, 0x81, 0x15, 0x7d, 0x15, 0x81, 0x15, 0x7d, 0x15, 0x81, 0x14, 0x7d,
  0x13, 0x80, 0x13, 0x7d, 0x12, 0x80, 0x12, 0x7d, 0x13, 0x81, 0x15, 0x7d,
  0x16, 0x81, 0x16, 0x7d, 0x17, 0x82, 0x17, 0x7c, 0x17, 0x82, 0x18, 0x7c,
  0x19, 0x82, 0x1a, 0x7c, 0x1a, 0x83, 0x1a, 0x7b, 0x1b, 0x83, 0x1b, 0x7b,
  0x1c, 0x83, 0x1c, 0x7b, 0x1d, 0x84, 0x1d, 0x7b, 0x1d, 0x84, 0x1e, 0x7b,
  0x1e, 0x84, 0x1e, 0x7b, 0x1f, 0x85, 0x1f, 0x7a, 0x20, 0x85, 0x20, 0x7a,
  0x20, 0x85, 0x20, 0x7a, 0x21, 0x85, 0x20, 0x7a, 0x20, 0x85, 0x20, 0x7a,
  0x21, 0x85, 0x22, 0x7a, 0x22, 0x86, 0x22, 0x7a, 0x22, 0x85, 0x22, 0x7a,
  0x22, 0x85, 0x22, 0x7a, 0x22, 0x85, 0x22, 0x7a, 0x22, 0x85, 0x21, 0x7a,
  0x21, 0x86, 0x22, 0x7a, 0x21, 0x85, 0x21, 0x7a, 0x21, 0x86, 0x21, 0x7a,
  0x21, 0x85, 0x21, 0x7a, 0x21, 0x85, 0x22, 0x7a, 0x21, 0x85, 0x21, 0x7a,
  0x21, 0x85, 0x20, 0x7a, 0x21, 0x85, 0x21, 0x7a, 0x21, 0x85, 0x21, 0x7a,
  0x21, 0x85, 0x20, 0x7a, 0x20, 0x85, 0x20, 0x7a, 0x20, 0x85, 0x20, 0x7a,
  0x20, 0x85, 0x20, 0x7a, 0x20, 0x85, 0x20, 0x7a, 0x20, 0x85, 0x20, 0x7a,
  0x20, 0x85, 0x1f, 0x7a, 0x20, 0x85, 0x20, 0x7a, 0x20, 0x85, 0x20, 0x7a,
  0x20, 0x84, 0x1f, 0x7a, 0x1f, 0x85, 0x1f, 0x7a, 0x1f, 0x85, 0x1f, 0x7a,
  0x1f, 0x85, 0x1e, 0x7a, 0x1e, 0x85, 0x1f, 0x7a, 0x1f, 0x85, 0x1f, 0x7a,
  0x1f, 0x85, 0x1e, 0x7a, 0x1f, 0x85, 0x1e, 0x7a, 0x1e, 0x85, 0x1f, 0x7a,
  0x1e, 0x84, 0x1e, 0x7a, 0x1e, 0x84, 0x1e, 0x7a, 0x1e, 0x84, 0x1e, 0x7b,
  0x1e, 0x85, 0x1e, 0x7a, 0x1e, 0x85, 0x1e, 0x7a, 0x1e, 0x85, 0x1f, 0x7b,
  0x1e, 0x85, 0x1e, 0x7a, 0x1f, 0x85, 0x1f, 0x7a, 0x1e, 0x85, 0x1f, 0x7a,
  0x1e, 0x85, 0x1e, 0x7a, 0x1e, 0x85, 0x1f, 0x7a, 0x1e, 0x85, 0x1f, 0x7a,
  0x1f, 0x85, 0x20, 0x7a, 0x1f, 0x85, 0x20, 0x7a, 0x1f, 0x85, 0x1f, 0x7a,
  0x1f, 0x85, 0x1f, 0x7a, 0x20, 0x85, 0x20, 0x7a, 0x20, 0x85, 0x20, 0x7a,
  0x20, 0x85, 0x20, 0x7a, 0x20, 0x85, 0x20, 0x7a, 0x20, 0x85, 0x20, 0x7a,
  0x20, 0x85, 0x20, 0x7a, 0x20, 0x85, 0x20, 0x7a, 0x21, 0x85, 0x20, 0x7a,
  0x20, 0x85, 0x20, 0x7a, 0x20, 0x85, 0x20, 0x7a, 0x21, 0x85, 0x21, 0x7a,
  0x21, 0x85, 0x21, 0x7a, 0x21, 0x85, 0x21, 0x7a, 0x21, 0x85, 0x21, 0x7a,
  0x21, 0x85, 0x21, 0x7a, 0x21, 0x85, 0x21, 0x7a, 0x21, 0x85, 0x21, 0x7a,
  0x21, 0x85, 0x21, 0x7a, 0x21, 0x85, 0x21, 0x7a, 0x21, 0x85, 0x21, 0x7a,
  0x21, 0x85, 0x21, 0x7a, 0x20, 0x85, 0x21, 0x7a, 0x21, 0x85, 0x21, 0x7a,
  0x21, 0x85, 0x20, 0x7a, 0x20, 0x85, 0x20, 0x7a, 0x1f, 0x84, 0x1f, 0x7a,
  0x1f, 0x84, 0x1f, 0x7a, 0x1e, 0x84, 0x1e, 0x7a, 0x1d, 0x84, 0x1d, 0x7b,
  0x1d, 0x84, 0x1d, 0x7b, 0x1c, 0x84, 0x1c, 0x7b, 0x1c, 0x83, 0x1b, 0x7b,
  0x1a, 0x83, 0x19, 0x7b, 0x19, 0x82, 0x19, 0x7c, 0x18, 0x82, 0x18, 0x7c,
  0x17, 0x81, 0x17, 0x7c, 0x16, 0x81, 0x15, 0x7c, 0x15, 0x81, 0x14, 0x7d,
  0x13, 0x81, 0x14, 0x7d, 0x16, 0x81, 0x16, 0x7c, 0x16, 0x81, 0x16, 0x7c,
  0x15, 0x81, 0x15, 0x7d, 0x15, 0x81, 0x16, 0x7c, 0x15, 0x81, 0x16, 0x7d,
  0x16, 0x81, 0x17, 0x7c, 0x18, 0x81, 0x19, 0x7c, 0x19, 0x82, 0x1a, 0x7c,
  0x1b, 0x83, 0x1c, 0x7b, 0x1e, 0x84, 0x1f, 0x7b, 0x21, 0x84, 0x23, 0x7a,
  0x24, 0x85, 0x25, 0x7a, 0x27, 0x86, 0x28, 0x79, 0x29, 0x86, 0x2a, 0x79,
  0x2b, 0x86, 0x2b, 0x79, 0x2b, 0x86, 0x2b, 0x79, 0x2b, 0x86, 0x2b, 0x79,
  0x2b, 0x86, 0x2b, 0x79, 0x2c, 0x86, 0x2c, 0x79, 0x2c, 0x86, 0x2b, 0x79,
  0x2b, 0x86, 0x2b, 0x79, 0x2b, 0x86, 0x2c, 0x79, 0x2d, 0x86, 0x2d, 0x79,
  0x2e, 0x86, 0x2d, 0x79, 0x2d, 0x86, 0x2d, 0x79, 0x2d, 0x86, 0x2d, 0x79,
  0x2e, 0x86, 0x2e, 0x79, 0x2d, 0x86, 0x2d, 0x79, 0x2d, 0x86, 0x2d, 0x79,
  0x2d, 0x86, 0x2d, 0x79, 0x2d, 0x86, 0x2c, 0x79, 0x2b, 0x86, 0x2a, 0x79,
  0x2a, 0x86, 0x28, 0x7a, 0x26, 0x85, 0x26, 0x7a, 0x26, 0x85, 0x28, 0x7a,
  0x29, 0x86, 0x2a, 0x79, 0x2b, 0x86, 0x2b, 0x79, 0x2c, 0x86, 0x2c, 0x79,
  0x2c, 0x86, 0x2b, 0x79, 0x2b, 0x86, 0x2b, 0x79, 0x2a, 0x86, 0x29, 0x79,
  0x28, 0x86, 0x28, 0x79, 0x27, 0x85, 0x26, 0x79, 0x24, 0x85, 0x23, 0x7a,
  0x22, 0x84, 0x20, 0x7a, 0x1f, 0x84, 0x1d, 0x7b, 0x1c, 0x83, 0x1b, 0x7b,
  0x19, 0x82, 0x18, 0x7c, 0x18, 0x82, 0x17, 0x7c, 0x17, 0x81, 0x17, 0x7c,
  0x17, 0x81, 0x17, 0x7c, 0x17, 0x81, 0x17, 0x7c, 0x18, 0x81, 0x18, 0x7c,
  0x18, 0x82, 0x18, 0x7c, 0x18, 0x82, 0x17, 0x7c, 0x17, 0x81, 0x17, 0x7c,
  0x17, 0x81, 0x17, 0x7c, 0x18, 0x82, 0x18, 0x7c, 0x19, 0x82, 0x19, 0x7c,
  0x19, 0x83, 0x1a, 0x7c, 0x1a, 0x83, 0x1b, 0x7b, 0x1b, 0x83, 0x1c, 0x7b,
  0x1c, 0x84, 0x1d, 0x7b, 0x1d, 0x84, 0x1e, 0x7b, 0x1e, 0x84, 0x1e, 0x7a,
  0x1f, 0x84, 0x1f, 0x7a, 0x1f, 0x84, 0x1f, 0x7a, 0x1f, 0x85, 0x20, 0x7a,
  0x20, 0x85, 0x20, 0x7a, 0x21, 0x85, 0x21, 0x7a, 0x21, 0x85, 0x21, 0x7a,
  0x21, 0x85, 0x21, 0x7a, 0x21, 0x85, 0x22, 0x7a, 0x22, 0x85, 0x22, 0x7a,
  0x22, 0x85, 0x22, 0x7a, 0x22, 0x85, 0x22, 0x7a, 0x21, 0x85, 0x21, 0x79,
  0x22, 0x85, 0x22, 0x7a, 0x22, 0x85, 0x21, 0x7a, 0x21, 0x85, 0x21, 0x7a,
  0x21, 0x85, 0x21, 0x7a, 0x21, 0x85, 0x21, 0x7a, 0x21, 0x85, 0x21, 0x7a,
  0x21, 0x85, 0x21, 0x7a, 0x21, 0x85, 0x20, 0x7a, 0x21, 0x85, 0x21, 0x7a,
  0x21, 0x85, 0x21, 0x7a, 0x20, 0x85, 0x20, 0x7a, 0x20, 0x85, 0x20, 0x7a,
  0x20, 0x85, 0x20, 0x7a, 0x20, 0x85, 0x20, 0x7a, 0x20, 0x85, 0x20, 0x7a,
  0x20, 0x85, 0x20, 0x7a, 0x20, 0x85, 0x1f, 0x7a, 0x1f, 0x85, 0x20, 0x7a,
  0x20, 0x85, 0x20, 0x7a, 0x1f, 0x85, 0x1f, 0x7a, 0x1f, 0x85, 0x1f, 0x7a,
  0x1f, 0x85, 0x1f, 0x7a, 0x1f, 0x85, 0x1e, 0x7a, 0x1e, 0x85, 0x1f, 0x7a,
  0x1f, 0x85, 0x1f, 0x7a, 0x1f, 0x85, 0x1e, 0x7a, 0x1e, 0x85, 0x1e, 0x7a,
  0x1e, 0x85, 0x1e, 0x7a, 0x1e, 0x84, 0x1e, 0x7b, 0x1d, 0x84, 0x1e, 0x7b,
  0x1d, 0x85, 0x1e, 0x7b, 0x1e, 0x85, 0x1e, 0x7b, 0x1e, 0x84, 0x1e, 0x7b,
  0x1e, 0x85, 0x1f, 0x7b, 0x1f, 0x84, 0x1f, 0x7b, 0x1f, 0x85, 0x1f, 0x7a,
  0x1f, 0x85, 0x1f, 0x7a, 0x1f, 0x85, 0x1f, 0x7a, 0x1f, 0x85, 0x1e, 0x7a,
  0x1f, 0x85, 0x1f, 0x7a, 0x1f, 0x85, 0x1f, 0x7a, 0x1f, 0x85, 0x20, 0x7a,
  0x20, 0x85, 0x20, 0x7a, 0x1f, 0x85, 0x1f, 0x7a, 0x20, 0x85, 0x20, 0x7a,
  0x20, 0x85, 0x20, 0x7a, 0x20, 0x85, 0x20, 0x7a, 0x20, 0x85, 0x20, 0x7a,
  0x20, 0x85, 0x20, 0x7a, 0x20, 0x85, 0x20, 0x7a, 0x20, 0x85, 0x20, 0x7a,
  0x20, 0x85, 0x20, 0x7a, 0x20, 0x85, 0x20, 0x7a, 0x20, 0x85, 0x20, 0x7a,
  0x21, 0x85, 0x20, 0x7a, 0x21, 0x85, 0x21, 0x7a, 0x21, 0x85, 0x21, 0x79,
  0x21, 0x85, 0x21, 0x7a, 0x21, 0x85, 0x21, 0x7a, 0x21, 0x85, 0x21, 0x7a,
  0x21, 0x85, 0x21, 0x7a, 0x21, 0x85, 0x21, 0x7a, 0x21, 0x85, 0x21, 0x7a,
  0x21, 0x85, 0x21, 0x7a, 0x20, 0x85, 0x21, 0x7a, 0x21, 0x85, 0x21, 0x7a,
  0x21, 0x85, 0x21, 0x7a, 0x21, 0x85, 0x21, 0x7a, 0x21, 0x85, 0x20, 0x7a,
  0x20, 0x85, 0x20, 0x7a, 0x1f, 0x85, 0x1f, 0x7a, 0x1f, 0x85, 0x1f, 0x7a,
  0x1e, 0x84, 0x1e, 0x7b, 0x1e, 0x84, 0x1e, 0x7b, 0x1e, 0x84, 0x1d, 0x7b,
  0x1d, 0x84, 0x1d, 0x7b, 0x1c, 0x84, 0x1b, 0x7b, 0x1b, 0x83, 0x1a, 0x7b,
  0x1a, 0x83, 0x1a, 0x7b, 0x1a, 0x83, 0x19, 0x7b, 0x19, 0x83, 0x18, 0x7b,
  0x18, 0x83, 0x19, 0x7b, 0x19, 0x83, 0x19, 0x7c, 0x19, 0x82, 0x19, 0x7c,
  0x19, 0x82, 0x18, 0x7c, 0x18, 0x82, 0x17, 0x7c, 0x17, 0x81, 0x17, 0x7c,
  0x17, 0x81, 0x17, 0x7c, 0x17, 0x81, 0x18, 0x7c, 0x19, 0x82, 0x1a, 0x7b,
  0x1a, 0x83, 0x1b, 0x7b, 0x1d, 0x84, 0x1f, 0x7b, 0x20, 0x85, 0x22, 0x7b,
  0x23, 0x85, 0x24, 0x7a, 0x25, 0x86, 0x26, 0x7a, 0x27, 0x86, 0x28, 0x79,
  0x29, 0x86, 0x2a, 0x79, 0x2a, 0x86, 0x2b, 0x79, 0x2b, 0x86, 0x2a, 0x79,
  0x2b, 0x87, 0x2b, 0x79, 0x2b, 0x87, 0x2c, 0x79, 0x2b, 0x87, 0x2c, 0x79,
  0x2c, 0x86, 0x2c, 0x79, 0x2c, 0x86, 0x2c, 0x79, 0x2c, 0x86, 0x2d, 0x79,
  0x2d, 0x87, 0x2d, 0x79, 0x2d, 0x87, 0x2d, 0x79, 0x2d, 0x86, 0x2d, 0x79,
  0x2d, 0x87, 0x2d, 0x79, 0x2e, 0x86, 0x2d, 0x79, 0x2d, 0x87, 0x2d, 0x79,
  0x2d, 0x87, 0x2d, 0x79, 0x2c, 0x86, 0x2c, 0x79, 0x2c, 0x87, 0x2c, 0x79,
  0x2b, 0x86, 0x2b, 0x79, 0x2b, 0x86, 0x2b, 0x79, 0x2a, 0x87, 0x2a, 0x79,
  0x2a, 0x87, 0x2a, 0x79, 0x2b, 0x86, 0x2b, 0x79, 0x2b, 0x87, 0x2b, 0x79,
  0x2b, 0x87, 0x2b, 0x79, 0x2b, 0x86, 0x2b, 0x79, 0x2b, 0x86, 0x2b, 0x79,
  0x2a, 0x86, 0x29, 0x79, 0x29, 0x86, 0x28, 0x79, 0x27, 0x86, 0x26, 0x79,
  0x25, 0x85, 0x24, 0x7a, 0x23, 0x85, 0x22, 0x7a, 0x21, 0x85, 0x1f, 0x7a,
  0x1e, 0x84, 0x1d, 0x7b, 0x1b, 0x83, 0x1b, 0x7b, 0x1a, 0x82, 0x19, 0x7b,
  0x19, 0x82, 0x19, 0x7c, 0x19, 0x82, 0x1a, 0x7c, 0x1a, 0x82, 0x1a, 0x7b,
  0x1a, 0x83, 0x1b, 0x7b, 0x1b, 0x83, 0x1b, 0x7b, 0x1b, 0x83, 0x1b, 0x7b,
  0x1a, 0x83, 0x1a, 0x7b, 0x1a, 0x83, 0x1a, 0x7b, 0x1a, 0x83, 0x1b, 0x7b,
  0x1b, 0x83, 0x1b, 0x7b, 0x1b, 0x83, 0x1c, 0x7b, 0x1c, 0x84, 0x1d, 0x7b,
  0x1d, 0x84, 0x1d, 0x7b, 0x1d, 0x84, 0x1e, 0x7b, 0x1e, 0x84, 0x1f, 0x7b,
  0x1f, 0x85, 0x1f, 0x7a, 0x1f, 0x85, 0x1f, 0x7a, 0x1f, 0x85, 0x1f, 0x7a,
  0x20, 0x85, 0x20, 0x7a, 0x20, 0x85, 0x21, 0x7a, 0x21, 0x85, 0x21, 0x7a,
  0x21, 0x85, 0x21, 0x7a, 0x21, 0x85, 0x21, 0x7a, 0x21, 0x86, 0x22, 0x7a,
  0x22, 0x85, 0x22, 0x7a, 0x22, 0x85, 0x22, 0x7a, 0x22, 0x86, 0x22, 0x79,
  0x22, 0x85, 0x22, 0x7a, 0x22, 0x85, 0x22, 0x7a, 0x21, 0x85, 0x21, 0x79,
  0x21, 0x85, 0x21, 0x7a, 0x21, 0x85, 0x21, 0x7a, 0x21, 0x85, 0x21, 0x7a,
  0x21, 0x85, 0x21, 0x7a, 0x21, 0x85, 0x21, 0x7a, 0x21, 0x85, 0x21, 0x7a,
  0x21, 0x85, 0x21, 0x7a, 0x21, 0x85, 0x20, 0x7a, 0x20, 0x85, 0x20, 0x7a,
  0x20, 0x85, 0x20, 0x7a, 0x20, 0x85, 0x20, 0x7a, 0x20, 0x85, 0x20, 0x7a,
  0x20, 0x85, 0x20, 0x7a, 0x20, 0x85, 0x20, 0x7a, 0x20, 0x85, 0x20, 0x7a,
  0x20, 0x85, 0x1f, 0x7a, 0x1f, 0x85, 0x1f, 0x7a, 0x1f, 0x85, 0x1f, 0x7a,
  0x1f, 0x85, 0x1f, 0x7a, 0x1f, 0x85, 0x1f, 0x7a, 0x1f, 0x85, 0x1f, 0x7a,
  0x1f, 0x85, 0x1f, 0x7b, 0x1f, 0x85, 0x1f, 0x7a, 0x1f, 0x84, 0x1f, 0x7a,
  0x1e, 0x84, 0x1e, 0x7b, 0x1e, 0x84, 0x1e, 0x7b, 0x1e, 0x84, 0x1e, 0x7a,
  0x1e, 0x84, 0x1e, 0x7b, 0x1e, 0x85, 0x1e, 0x7b, 0x1d, 0x84, 0x1e, 0x7a,
  0x1e, 0x85, 0x1e, 0x7a, 0x1f, 0x85, 0x1e, 0x7b, 0x1e, 0x85, 0x1e, 0x7b,
  0x1f, 0x85, 0x1f, 0x7b, 0x1f, 0x85, 0x1f, 0x7a, 0x1f, 0x85, 0x1e, 0x7b,
  0x1e, 0x85, 0x1e, 0x7b, 0x1f, 0x85, 0x1f, 0x7a, 0x1f, 0x85, 0x1f, 0x7a,
  0x20, 0x85, 0x20, 0x7a, 0x1f, 0x85, 0x1f, 0x7a, 0x1f, 0x85, 0x1f, 0x7a,
  0x1f, 0x85, 0x20, 0x7a, 0x20, 0x85, 0x20, 0x7a, 0x20, 0x85, 0x20, 0x7a,
  0x20, 0x85, 0x20, 0x7a, 0x20, 0x85, 0x20, 0x7a, 0x20, 0x85, 0x20, 0x7a,
  0x20, 0x85, 0x20, 0x7a, 0x20, 0x85, 0x20, 0x7a, 0x20, 0x85, 0x20, 0x7a,
  0x20, 0x85, 0x20, 0x7a, 0x20, 0x85, 0x21, 0x7a, 0x20, 0x85, 0x20, 0x7a,
  0x21, 0x85, 0x21, 0x7a, 0x21, 0x85, 0x20, 0x7a, 0x21, 0x85, 0x21, 0x7a,
  0x21, 0x85, 0x21, 0x7a, 0x21, 0x85, 0x21, 0x7a, 0x21, 0x85, 0x21, 0x7a,
  0x21, 0x85, 0x21, 0x7a, 0x21, 0x85, 0x21, 0x7a, 0x21, 0x85, 0x21, 0x7a,
  0x21, 0x85, 0x21, 0x7a, 0x21, 0x85, 0x21, 0x7a, 0x21, 0x85, 0x21, 0x7a,
  0x21, 0x85, 0x21, 0x7a, 0x21, 0x85, 0x21, 0x7a, 0x21, 0x84, 0x20, 0x7a,
  0x20, 0x85, 0x1f, 0x7a, 0x1f, 0x85, 0x1f, 0x7a, 0x1f, 0x84, 0x1f, 0x7a,
  0x1f, 0x84, 0x1f, 0x7a, 0x1f, 0x84, 0x1e, 0x7a, 0x1d, 0x84, 0x1c, 0x7a,
  0x1c, 0x84, 0x1c, 0x7b, 0x1c, 0x84, 0x1c, 0x7b, 0x1c, 0x83, 0x1b, 0x7b,
  0x1b, 0x83, 0x1b, 0x7b, 0x1b, 0x83, 0x1b, 0x7b, 0x1b, 0x83, 0x1b, 0x7b,
  0x1b, 0x83, 0x1b, 0x7b, 0x1b, 0x83, 0x1b, 0x7b, 0x1a, 0x83, 0x19, 0x7b,
  0x19, 0x82, 0x19, 0x7c, 0x19, 0x82, 0x19, 0x7c, 0x19, 0x82, 0x1a, 0x7c,
  0x1b, 0x82, 0x1c, 0x7b, 0x1d, 0x84, 0x1f, 0x7b, 0x20, 0x84, 0x21, 0x7a,
  0x22, 0x84, 0x23, 0x7a, 0x24, 0x85, 0x25, 0x7a, 0x26, 0x85, 0x27, 0x7a,
  0x28, 0x86, 0x28, 0x7a, 0x29, 0x86, 0x29, 0x7a, 0x2a, 0x86, 0x2a, 0x79,
  0x2a, 0x86, 0x2a, 0x79, 0x2b, 0x86, 0x2b, 0x79, 0x2b, 0x86, 0x2b, 0x79,
  0x2b, 0x86, 0x2b, 0x79, 0x2b, 0x86, 0x2b, 0x79, 0x2b, 0x86, 0x2c, 0x79,
  0x2c, 0x86, 0x2d, 0x7a, 0x2d, 0x86, 0x2d, 0x79, 0x2d, 0x86, 0x2d, 0x79,
  0x2d, 0x86, 0x2d, 0x79, 0x2d, 0x86, 0x2d, 0x79, 0x2d, 0x86, 0x2d, 0x79,
  0x2d, 0x87, 0x2c, 0x7a, 0x2d, 0x87, 0x2c, 0x79, 0x2c, 0x86, 0x2c, 0x79,
  0x2c, 0x87, 0x2b, 0x79, 0x2b, 0x86, 0x2b, 0x79, 0x2a, 0x86, 0x2a, 0x79,
  0x2a, 0x86, 0x2a, 0x79, 0x2a, 0x86, 0x2a, 0x79, 0x2a, 0x86, 0x2a, 0x79,
  0x2a, 0x86, 0x2a, 0x79, 0x2a, 0x86, 0x2b, 0x79, 0x2b, 0x86, 0x2b, 0x79,
  0x2b, 0x86, 0x2a, 0x79, 0x2a, 0x86, 0x29, 0x79, 0x28, 0x86, 0x28, 0x7a,
  0x27, 0x86, 0x26, 0x7a, 0x26, 0x85, 0x25, 0x7a, 0x24, 0x85, 0x23, 0x7a,
  0x22, 0x84, 0x22, 0x7a, 0x20, 0x84, 0x1f, 0x7a, 0x1e, 0x84, 0x1d, 0x7b,
  0x1c, 0x83, 0x1b, 0x7b, 0x1b, 0x83, 0x1b, 0x7b, 0x1b, 0x83, 0x1c, 0x7b,
  0x1c, 0x83, 0x1c, 0x7b, 0x1d, 0x83, 0x1c, 0x7b, 0x1c, 0x83, 0x1c, 0x7b,
  0x1c, 0x83, 0x1c, 0x7b, 0x1d, 0x83, 0x1d, 0x7b, 0x1d, 0x83, 0x1d, 0x7b,
  0x1c, 0x83, 0x1c, 0x7b, 0x1c, 0x84, 0x1d, 0x7b, 0x1c, 0x84, 0x1d, 0x7b,
  0x1d, 0x84, 0x1e, 0x7b, 0x1e, 0x84, 0x1f, 0x7a, 0x1f, 0x84, 0x1f, 0x7a,
  0x20, 0x85, 0x20, 0x7a, 0x20, 0x85, 0x20, 0x7a, 0x20, 0x84, 0x20, 0x7a,
  0x21, 0x85, 0x21, 0x7a, 0x20, 0x85, 0x20, 0x7a, 0x20, 0x85, 0x21, 0x7a,
  0x21, 0x85, 0x21, 0x7a, 0x21, 0x85, 0x21, 0x7a, 0x21, 0x85, 0x21, 0x7a,
  0x22, 0x85, 0x22, 0x7a, 0x22, 0x85, 0x22, 0x7a, 0x22, 0x85, 0x22, 0x7a,
  0x22, 0x85, 0x22, 0x7a, 0x22, 0x85, 0x22, 0x7a, 0x22, 0x85, 0x22, 0x7a,
  0x22, 0x85, 0x21, 0x7a, 0x21, 0x85, 0x21, 0x7a, 0x21, 0x85, 0x21, 0x7a,
  0x21, 0x85, 0x21, 0x7a, 0x21, 0x85, 0x21, 0x7a, 0x21, 0x85, 0x21, 0x7a,
  0x21, 0x85, 0x21, 0x7a, 0x21, 0x85, 0x20, 0x7a, 0x21, 0x85, 0x20, 0x7a,
  0x20, 0x85, 0x20, 0x7a, 0x20, 0x85, 0x20, 0x7a, 0x20, 0x85, 0x20, 0x7a,
  0x20, 0x85, 0x20, 0x7a, 0x20, 0x85, 0x20, 0x7a, 0x20, 0x85, 0x1f, 0x7a,
  0x1f, 0x85, 0x1f, 0x7a, 0x1f, 0x85, 0x1f, 0x7a, 0x1f, 0x85, 0x1f, 0x7a,
  0x1e, 0x85, 0x1f, 0x7a, 0x1e, 0x85, 0x1f, 0x7a, 0x1f, 0x85, 0x1f, 0x7b,
  0x1e, 0x85, 0x1f, 0x7b, 0x1f, 0x85, 0x1f, 0x7b, 0x1e, 0x85, 0x1e, 0x7b,
  0x1f, 0x85, 0x1e, 0x7b, 0x1e, 0x84, 0x1e, 0x7a, 0x1e, 0x84, 0x1d, 0x7b,
  0x1e, 0x85, 0x1e, 0x7b, 0x1d, 0x84, 0x1e, 0x7a, 0x1e, 0x84, 0x1e, 0x7a,
  0x1e, 0x84, 0x1e, 0x7a, 0x1e, 0x84, 0x1e, 0x7a, 0x1f, 0x84, 0x1f, 0x7a,
  0x1e, 0x84, 0x1f, 0x7a, 0x1f, 0x84, 0x1e, 0x7a, 0x1f, 0x84, 0x1f, 0x7a,
  0x1f, 0x84, 0x1f, 0x7a, 0x1e, 0x84, 0x1e, 0x7a, 0x1f, 0x85, 0x1f, 0x7a,
  0x1f, 0x85, 0x1f, 0x7a, 0x1f, 0x84, 0x1f, 0x7a, 0x1f, 0x84, 0x1f, 0x7a,
  0x1f, 0x85, 0x1f, 0x7a, 0x1f, 0x85, 0x20, 0x7a, 0x20, 0x85, 0x20, 0x7a,
  0x1f, 0x85, 0x20, 0x7a, 0x20, 0x84, 0x20, 0x7a, 0x20, 0x85, 0x20, 0x7a,
  0x20, 0x85, 0x20, 0x7a, 0x20, 0x85, 0x20, 0x7a, 0x20, 0x85, 0x20, 0x7a,
  0x20, 0x85, 0x20, 0x7a, 0x20, 0x85, 0x20, 0x7a, 0x20, 0x85, 0x20, 0x7a,
  0x20, 0x85, 0x20, 0x7a, 0x21, 0x85, 0x21, 0x7a, 0x21, 0x85, 0x20, 0x7a,
  0x20, 0x85, 0x20, 0x7a, 0x21, 0x85, 0x21, 0x7a, 0x21, 0x85, 0x21, 0x7a,
  0x21, 0x85, 0x21, 0x7a, 0x21, 0x85, 0x20, 0x7a, 0x21, 0x85, 0x21, 0x7a,
  0x21, 0x85, 0x21, 0x7a, 0x21, 0x85, 0x21, 0x7a, 0x21, 0x85, 0x21, 0x7a,
  0x21, 0x85, 0x21, 0x7a, 0x22, 0x85, 0x21, 0x7a, 0x21, 0x85, 0x21, 0x7a,
  0x21, 0x85, 0x21, 0x7a, 0x21, 0x85, 0x20, 0x7a, 0x20, 0x84, 0x20, 0x7a,
  0x20, 0x84, 0x20, 0x7a, 0x20, 0x84, 0x20, 0x7a, 0x1f, 0x85, 0x1f, 0x7a,
  0x1f, 0x84, 0x1e, 0x7a, 0x1e, 0x84, 0x1d, 0x7a, 0x1e, 0x84, 0x1d, 0x7a,
  0x1d, 0x84, 0x1d, 0x7a, 0x1d, 0x84, 0x1d, 0x7b, 0x1d, 0x84, 0x1e, 0x7a,
  0x1d, 0x84, 0x1d, 0x7a, 0x1d, 0x84, 0x1d, 0x7b, 0x1d, 0x84, 0x1d, 0x7b,
  0x1d, 0x83, 0x1c, 0x7b, 0x1c, 0x83, 0x1b, 0x7b, 0x1b, 0x83, 0x1c, 0x7b,
  0x1c, 0x83, 0x1d, 0x7b, 0x1e, 0x84, 0x1f, 0x7b, 0x1f, 0x84, 0x21, 0x7a,
  0x21, 0x85, 0x22, 0x7a, 0x23, 0x85, 0x24, 0x7a, 0x25, 0x85, 0x26, 0x7a,
  0x27, 0x86, 0x27, 0x7a, 0x28, 0x86, 0x28, 0x7a, 0x29, 0x86, 0x29, 0x79,
  0x29, 0x86, 0x29, 0x79, 0x29, 0x86, 0x29, 0x79, 0x2a, 0x86, 0x2a, 0x79,
  0x2a, 0x86, 0x2a, 0x79, 0x2a, 0x86, 0x2a, 0x79, 0x2a, 0x86, 0x2a, 0x79,
  0x2b, 0x86, 0x2b, 0x79, 0x2b, 0x86, 0x2b, 0x79, 0x2b, 0x86, 0x2b, 0x79,
  0x2b, 0x86, 0x2c, 0x79, 0x2c, 0x86, 0x2c, 0x79, 0x2c, 0x86, 0x2c, 0x79,
  0x2c, 0x86, 0x2c, 0x79, 0x2c, 0x87, 0x2c, 0x79, 0x2c, 0x86, 0x2b, 0x79,
  0x2b, 0x86, 0x2c, 0x79, 0x2b, 0x87, 0x2a, 0x79, 0x2a, 0x86, 0x2a, 0x79,
  0x2a, 0x86, 0x2a, 0x79, 0x2a, 0x86, 0x29, 0x79, 0x29, 0x86, 0x29, 0x79,
  0x29, 0x86, 0x29, 0x79, 0x29, 0x86, 0x29, 0x79, 0x2a, 0x86, 0x2a, 0x79,
  0x2a, 0x86, 0x2a, 0x79, 0x2a, 0x86, 0x29, 0x79, 0x29, 0x86, 0x29, 0x79,
  0x28, 0x86, 0x28, 0x79, 0x27, 0x86, 0x27, 0x79, 0x26, 0x86, 0x26, 0x7a,
  0x25, 0x85, 0x24, 0x7a, 0x24, 0x85, 0x23, 0x7a, 0x22, 0x85, 0x21, 0x7a,
  0x20, 0x84, 0x1f, 0x7a, 0x1f, 0x84, 0x1e, 0x7a, 0x1e, 0x84, 0x1e, 0x7b,
  0x1e, 0x84, 0x1e, 0x7a, 0x1e, 0x84, 0x1e, 0x7a, 0x1e, 0x84, 0x1e, 0x7a,
  0x1e, 0x84, 0x1e, 0x7a, 0x1e, 0x84, 0x1e, 0x7a, 0x1e, 0x84, 0x1e, 0x7a,
  0x1f, 0x84, 0x1e, 0x7a, 0x1e, 0x84, 0x1f, 0x7a, 0x1f, 0x84, 0x1f, 0x7a,
  0x1f, 0x84, 0x1e, 0x7a, 0x1f, 0x84, 0x1f, 0x7a, 0x1f, 0x84, 0x20, 0x7a,
  0x20, 0x85, 0x20, 0x7a, 0x20, 0x85, 0x21, 0x7a, 0x21, 0x85, 0x21, 0x7a,
  0x21, 0x85, 0x21, 0x7a, 0x21, 0x85, 0x21, 0x7a, 0x21, 0x85, 0x21, 0x7a,
  0x21, 0x85, 0x21, 0x7a, 0x21, 0x85, 0x21, 0x7a, 0x21, 0x85, 0x21, 0x7a,
  0x21, 0x85, 0x22, 0x7a, 0x21, 0x85, 0x22, 0x7a, 0x22, 0x85, 0x22, 0x7a,
  0x22, 0x85, 0x22, 0x7a, 0x22, 0x85, 0x22, 0x7a, 0x22, 0x85, 0x22, 0x7a,
  0x22, 0x85, 0x22, 0x7a, 0x21, 0x85, 0x21, 0x7a, 0x21, 0x85, 0x21, 0x7a,
  0x21, 0x85, 0x21, 0x7a, 0x21, 0x85, 0x21, 0x7a, 0x21, 0x85, 0x21, 0x7a,
  0x21, 0x85, 0x21, 0x7a, 0x21, 0x85, 0x20, 0x7a, 0x21, 0x85, 0x20, 0x7a,
  0x20, 0x85, 0x20, 0x7a, 0x20, 0x85, 0x20, 0x7a, 0x20, 0x85, 0x20, 0x7a,
  0x20, 0x85, 0x20, 0x7a, 0x20, 0x84, 0x20, 0x7a, 0x20, 0x84, 0x20, 0x7a,
  0x20, 0x84, 0x20, 0x7a, 0x20, 0x84, 0x1f, 0x7a, 0x1f, 0x84, 0x1f, 0x7a,
  0x1f, 0x84, 0x1f, 0x7a, 0x1f, 0x84, 0x1f, 0x7a, 0x1f, 0x85, 0x1f, 0x7a,
  0x1f, 0x84, 0x1f, 0x7a, 0x1f, 0x84, 0x1f, 0x7b, 0x1f, 0x84, 0x1f, 0x7a,
  0x1f, 0x84, 0x1f, 0x7a, 0x1f, 0x84, 0x1e, 0x7a, 0x1e, 0x84, 0x1e, 0x7a,
  0x1e, 0x84, 0x1e, 0x7a, 0x1e, 0x84, 0x1e, 0x7b, 0x1e, 0x84, 0x1e, 0x7a,
  0x1e, 0x85, 0x1e, 0x7a, 0x1e, 0x85, 0x1e, 0x7b, 0x1e, 0x85, 0x1e, 0x7b,
  0x1e, 0x85, 0x1e, 0x7a, 0x1e, 0x85, 0x1e, 0x7a, 0x1e, 0x85, 0x1e, 0x7a,
  0x1e, 0x85, 0x1f, 0x7a, 0x1f, 0x85, 0x1f, 0x7a, 0x1f, 0x85, 0x1f, 0x7a,
  0x1e, 0x85, 0x1f, 0x7a, 0x1f, 0x85, 0x1f, 0x7a, 0x1f, 0x85, 0x1f, 0x7a,
  0x1f, 0x85, 0x1f, 0x7a, 0x1f, 0x85, 0x1f, 0x7a, 0x1f, 0x85, 0x20, 0x7a,
  0x20, 0x85, 0x1f, 0x7a, 0x20, 0x85, 0x20, 0x7a, 0x20, 0x85, 0x20, 0x7a,
  0x20, 0x85, 0x20, 0x7a, 0x20, 0x85, 0x20, 0x7a, 0x20, 0x85, 0x20, 0x7a,
  0x20, 0x85, 0x20, 0x7a, 0x20, 0x85, 0x20, 0x7a, 0x20, 0x85, 0x20, 0x7a,
  0x20, 0x85, 0x20, 0x7a, 0x20, 0x85, 0x20, 0x7a, 0x21, 0x85, 0x21, 0x7a,
  0x21, 0x85, 0x20, 0x7a, 0x20, 0x85, 0x20, 0x7a, 0x21, 0x85, 0x21, 0x7a,
  0x21, 0x85, 0x21, 0x7a, 0x21, 0x85, 0x21, 0x7a, 0x21, 0x85, 0x21, 0x7a,
  0x21, 0x85, 0x21, 0x7a, 0x21, 0x85, 0x21, 0x7a, 0x21, 0x85, 0x22, 0x7a,
  0x22, 0x85, 0x21, 0x7a, 0x21, 0x85, 0x22, 0x7a, 0x22, 0x85, 0x22, 0x7a,
  0x22, 0x85, 0x22, 0x7a, 0x22, 0x85, 0x22, 0x7a, 0x22, 0x85, 0x21, 0x7a,
  0x22, 0x85, 0x21, 0x7a, 0x21, 0x85, 0x21, 0x7a, 0x21, 0x85, 0x21, 0x7a,
  0x20, 0x85, 0x20, 0x7a, 0x1f, 0x85, 0x1f, 0x7b, 0x1f, 0x85, 0x1e, 0x7a,
  0x1f, 0x85, 0x1f, 0x7a, 0x1e, 0x85, 0x1e, 0x7a, 0x1e, 0x85, 0x1e, 0x7a,
  0x1f, 0x85, 0x1f, 0x7a, 0x1f, 0x85, 0x1f, 0x7a, 0x1f, 0x85, 0x1f, 0x7a,
  0x1f, 0x84, 0x1f, 0x7a, 0x1f, 0x84, 0x1e, 0x7b, 0x1d, 0x84, 0x1d, 0x7b,
  0x1e, 0x84, 0x1e, 0x7b, 0x1f, 0x84, 0x20, 0x7b, 0x20, 0x85, 0x20, 0x7a,
  0x21, 0x85, 0x21, 0x7a, 0x22, 0x85, 0x23, 0x7a, 0x24, 0x85, 0x25, 0x7a,
  0x26, 0x86, 0x27, 0x7a, 0x27, 0x86, 0x27, 0x7a, 0x27, 0x86, 0x28, 0x7a,
  0x28, 0x86, 0x28, 0x79, 0x29, 0x86, 0x29, 0x79, 0x29, 0x86, 0x29, 0x79,
  0x2a, 0x86, 0x29, 0x79, 0x29, 0x86, 0x2a, 0x7a, 0x2a, 0x87, 0x2a, 0x79,
  0x2a, 0x87, 0x2a, 0x79, 0x2a, 0x87, 0x2b, 0x79, 0x2a, 0x86, 0x2a, 0x79,
  0x2a, 0x86, 0x2a, 0x79, 0x2b, 0x86, 0x2b, 0x79, 0x2b, 0x86, 0x2b, 0x79,
  0x2b, 0x86, 0x2b, 0x79, 0x2b, 0x87, 0x2b, 0x79, 0x2b, 0x86, 0x2b, 0x79,
  0x2b, 0x86, 0x2b, 0x79, 0x2b, 0x87, 0x2a, 0x79, 0x2a, 0x87, 0x2a, 0x79,
  0x29, 0x86, 0x2a, 0x79, 0x2a, 0x86, 0x2a, 0x79, 0x2a, 0x86, 0x2a, 0x79,
  0x2a, 0x86, 0x2a, 0x79, 0x29, 0x86, 0x29, 0x79, 0x29, 0x86, 0x29, 0x79,
  0x29, 0x86, 0x29, 0x79, 0x2a, 0x86, 0x2a, 0x79, 0x29, 0x87, 0x29, 0x79,
  0x29, 0x86, 0x29, 0x79, 0x28, 0x86, 0x27, 0x79, 0x27, 0x86, 0x27, 0x79,
  0x27, 0x86, 0x26, 0x7a, 0x26, 0x85, 0x25, 0x7a, 0x25, 0x85, 0x24, 0x7a,
  0x24, 0x85, 0x22, 0x7a, 0x22, 0x85, 0x21, 0x7a, 0x20, 0x85, 0x21, 0x7a,
  0x21, 0x85, 0x20, 0x7a, 0x20, 0x85, 0x20, 0x7a, 0x20, 0x85, 0x20, 0x7a,
  0x20, 0x85, 0x1f, 0x7a, 0x20, 0x84, 0x20, 0x7a, 0x20, 0x85, 0x1f, 0x7a,
  0x20, 0x85, 0x20, 0x7a, 0x20, 0x85, 0x20, 0x7a, 0x20, 0x85, 0x20, 0x7a,
  0x20, 0x85, 0x20, 0x7a, 0x20, 0x85, 0x20, 0x7a, 0x20, 0x85, 0x20, 0x7a,
  0x20, 0x85, 0x21, 0x7a, 0x21, 0x85, 0x21, 0x7a, 0x21, 0x85, 0x21, 0x7a,
  0x22, 0x85, 0x22, 0x7a, 0x22, 0x85, 0x22, 0x7a, 0x21, 0x85, 0x21, 0x7a,
  0x21, 0x85, 0x21, 0x7a, 0x21, 0x85, 0x21, 0x7a, 0x21, 0x85, 0x21, 0x7a,
  0x22, 0x85, 0x22, 0x7a, 0x22, 0x85, 0x22, 0x7a, 0x22, 0x85, 0x22, 0x7a,
  0x21, 0x85, 0x21, 0x7a, 0x22, 0x85, 0x22, 0x7a, 0x22, 0x85, 0x22, 0x7a,
  0x22, 0x85, 0x22, 0x7a, 0x22, 0x85, 0x21, 0x7a, 0x21, 0x85, 0x21, 0x7a,
  0x21, 0x85, 0x21, 0x7a, 0x21, 0x85, 0x21, 0x7a, 0x21, 0x85, 0x21, 0x7a,
  0x21, 0x85, 0x21, 0x7a, 0x21, 0x85, 0x21, 0x7a, 0x21, 0x85, 0x20, 0x7a,
  0x20, 0x85, 0x20, 0x7a, 0x20, 0x85, 0x20, 0x7a, 0x20, 0x85, 0x20, 0x7a,
  0x20, 0x85, 0x20, 0x7a, 0x21, 0x85, 0x20, 0x7a, 0x20, 0x85, 0x20, 0x7a,
  0x20, 0x85, 0x20, 0x7a, 0x20, 0x85, 0x1f, 0x7a, 0x1f, 0x85, 0x1f, 0x7a,
  0x1f, 0x85, 0x1f, 0x7a, 0x1f, 0x85, 0x1f, 0x7a, 0x1f, 0x85, 0x1e, 0x7a,
  0x1f, 0x85, 0x1f, 0x7a, 0x1f, 0x85, 0x1f, 0x7a, 0x1f, 0x85, 0x1f, 0x7a,
  0x1e, 0x85, 0x1e, 0x7a, 0x1f, 0x85, 0x1e, 0x7a, 0x1e, 0x85, 0x1e, 0x7a,
  0x1e, 0x85, 0x1e, 0x7a, 0x1e, 0x85, 0x1e, 0x7b, 0x1e, 0x84, 0x1d, 0x7a,
  0x1d, 0x84, 0x1e, 0x7a, 0x1e, 0x84, 0x1e, 0x7b, 0x1e, 0x84, 0x1e, 0x7b,
  0x1e, 0x84, 0x1e, 0x7b, 0x1f, 0x84, 0x1f, 0x7b, 0x1e, 0x84, 0x1f, 0x7a,
  0x1f, 0x84, 0x1f, 0x7b, 0x1f, 0x84, 0x1f, 0x7b, 0x1f, 0x85, 0x1f, 0x7a,
  0x1f, 0x85, 0x1f, 0x7b, 0x1e, 0x85, 0x1f, 0x7a, 0x1f, 0x85, 0x1f, 0x7a,
  0x1f, 0x85, 0x1f, 0x7a, 0x1f, 0x85, 0x1f, 0x7a, 0x1f, 0x85, 0x1f, 0x7a,
  0x1f, 0x85, 0x1f, 0x7a, 0x1f, 0x85, 0x1f, 0x7a, 0x1f, 0x85, 0x20, 0x7a,
  0x20, 0x84, 0x20, 0x7a, 0x20, 0x85, 0x20, 0x7a, 0x20, 0x85, 0x20, 0x7a,
  0x20, 0x85, 0x20, 0x7a, 0x20, 0x85, 0x20, 0x7a, 0x20, 0x85, 0x20, 0x7a,
  0x20, 0x85, 0x20, 0x7a, 0x20, 0x85, 0x20, 0x7a, 0x20, 0x85, 0x20, 0x7a,
  0x20, 0x85, 0x20, 0x7a, 0x20, 0x85, 0x20, 0x7a, 0x20, 0x85, 0x20, 0x7a,
  0x20, 0x85, 0x20, 0x7a, 0x21, 0x85, 0x21, 0x7a, 0x21, 0x85, 0x21, 0x7a,
  0x20, 0x85, 0x20, 0x7a, 0x21, 0x85, 0x21, 0x7a, 0x20, 0x85, 0x21, 0x7a,
  0x21, 0x85, 0x21, 0x7a, 0x21, 0x85, 0x21, 0x7a, 0x21, 0x85, 0x21, 0x7a,
  0x22, 0x85, 0x22, 0x7a, 0x22, 0x85, 0x22, 0x7a, 0x22, 0x85, 0x22, 0x7a,
  0x22, 0x85, 0x22, 0x7a, 0x21, 0x85, 0x21, 0x7a, 0x21, 0x85, 0x21, 0x7a,
  0x21, 0x85, 0x21, 0x7a, 0x21, 0x85, 0x21, 0x7a, 0x20, 0x85, 0x20, 0x7a,
  0x20, 0x85, 0x1f, 0x7a, 0x1f, 0x85, 0x1f, 0x7a, 0x1f, 0x84, 0x20, 0x7a,
  0x20, 0x84, 0x20, 0x7a, 0x20, 0x84, 0x20, 0x7a, 0x20, 0x84, 0x20, 0x7a,
  0x20, 0x84, 0x20, 0x7a, 0x20, 0x85, 0x20, 0x7a, 0x20, 0x85, 0x20, 0x7a,
  0x20, 0x84, 0x1f, 0x7a, 0x20, 0x84, 0x20, 0x7a, 0x21, 0x84, 0x21, 0x7a,
  0x22, 0x85, 0x22, 0x7a, 0x22, 0x85, 0x23, 0x7a, 0x23, 0x85, 0x24, 0x7a,
  0x25, 0x86, 0x25, 0x7a, 0x26, 0x86, 0x26, 0x7a, 0x27, 0x85, 0x27, 0x7a,
  0x27, 0x86, 0x27, 0x7a, 0x28, 0x86, 0x28, 0x79, 0x29, 0x86, 0x29, 0x7a,
  0x29, 0x86, 0x29, 0x7a, 0x29, 0x86, 0x29, 0x7a, 0x29, 0x86, 0x29, 0x7a,
  0x29, 0x86, 0x29, 0x7a, 0x2a, 0x86, 0x29, 0x7a, 0x29, 0x86, 0x29, 0x7a,
  0x29, 0x86, 0x29, 0x7a, 0x2a, 0x86, 0x2a, 0x7a, 0x2a, 0x86, 0x2a, 0x79,
  0x2a, 0x86, 0x2a, 0x79, 0x2a, 0x86, 0x2a, 0x7a, 0x2a, 0x86, 0x2a, 0x79,
  0x2a, 0x86, 0x2a, 0x7a, 0x2a, 0x86, 0x29, 0x7a, 0x2a, 0x86, 0x29, 0x7a,
  0x29, 0x86, 0x29, 0x7a, 0x29, 0x86, 0x29, 0x7a, 0x29, 0x86, 0x29, 0x7a,
  0x29, 0x86, 0x29, 0x7a, 0x29, 0x86, 0x29, 0x7a, 0x29, 0x86, 0x29, 0x7a,
  0x29, 0x86, 0x29, 0x79, 0x29, 0x86, 0x29, 0x7a, 0x29, 0x86, 0x29, 0x79,
  0x28, 0x86, 0x28, 0x79, 0x28, 0x86, 0x28, 0x7a, 0x28, 0x86, 0x28, 0x7a,
  0x27, 0x86, 0x27, 0x7a, 0x26, 0x85, 0x26, 0x7a, 0x26, 0x86, 0x25, 0x7a,
  0x25, 0x86, 0x25, 0x7a, 0x24, 0x85, 0x23, 0x7a, 0x22, 0x85, 0x22, 0x7a,
  0x22, 0x85, 0x22, 0x7a, 0x21, 0x85, 0x22, 0x7a, 0x22, 0x85, 0x21, 0x7a,
  0x21, 0x85, 0x21, 0x7a, 0x21, 0x85, 0x21, 0x7a, 0x21, 0x85, 0x21, 0x7a,
  0x20, 0x85, 0x20, 0x7a, 0x20, 0x85, 0x21, 0x7a, 0x21, 0x85, 0x21, 0x7a,
  0x21, 0x84, 0x21, 0x7a, 0x21, 0x85, 0x20, 0x7a, 0x21, 0x85, 0x21, 0x7a,
  0x21, 0x85, 0x21, 0x7a, 0x21, 0x85, 0x21, 0x7a, 0x21, 0x85, 0x21, 0x7a,
  0x21, 0x85, 0x22, 0x7a, 0x22, 0x85, 0x22, 0x7a, 0x22, 0x85, 0x22, 0x7a,
  0x22, 0x85, 0x22, 0x7a, 0x21, 0x85, 0x22, 0x7a, 0x21, 0x85, 0x21, 0x7a,
  0x21, 0x85, 0x21, 0x7a, 0x21, 0x85, 0x21, 0x7a, 0x21, 0x85, 0x21, 0x7a,
  0x21, 0x85, 0x21, 0x7a, 0x21, 0x85, 0x21, 0x7a, 0x21, 0x85, 0x21, 0x7a,
  0x21, 0x85, 0x21, 0x7a, 0x21, 0x85, 0x21, 0x7a, 0x21, 0x85, 0x21, 0x7a,
  0x21, 0x85, 0x21, 0x7a, 0x21, 0x85, 0x20, 0x7a, 0x21, 0x85, 0x21, 0x7a,
  0x21, 0x85, 0x21, 0x7a, 0x20, 0x85, 0x20, 0x7a, 0x20, 0x85, 0x20, 0x7a,
  0x20, 0x85, 0x20, 0x7a, 0x20, 0x85, 0x20, 0x7a, 0x20, 0x85, 0x20, 0x7a,
  0x20, 0x85, 0x20, 0x7a, 0x20, 0x85, 0x20, 0x7a, 0x20, 0x85, 0x20, 0x7a,
  0x20, 0x85, 0x20, 0x7a, 0x1f, 0x85, 0x20, 0x7a, 0x1f, 0x84, 0x1f, 0x7a,
  0x1f, 0x85, 0x1f, 0x7a, 0x1f, 0x85, 0x1f, 0x7b, 0x1f, 0x85, 0x1f, 0x7a,
  0x1f, 0x85, 0x1f, 0x7b, 0x1f, 0x84, 0x1f, 0x7a, 0x1f, 0x84, 0x1f, 0x7b,
  0x1f, 0x84, 0x1f, 0x7b, 0x1f, 0x84, 0x1f, 0x7b, 0x1f, 0x84, 0x1e, 0x7b,
  0x1e, 0x84, 0x1e, 0x7a, 0x1e, 0x84, 0x1e, 0x7b, 0x1e, 0x84, 0x1e, 0x7b,
  0x1e, 0x84, 0x1d, 0x7b, 0x1d, 0x84, 0x1e, 0x7b, 0x1d, 0x84, 0x1d, 0x7b,
  0x1e, 0x85, 0x1e, 0x7b, 0x1e, 0x84, 0x1e, 0x7b, 0x1e, 0x85, 0x1e, 0x7a,
  0x1e, 0x84, 0x1e, 0x7a, 0x1e, 0x85, 0x1e, 0x7a, 0x1e, 0x85, 0x1e, 0x7a,
  0x1e, 0x85, 0x1e, 0x7a, 0x1f, 0x85, 0x1f, 0x7a, 0x1f, 0x85, 0x1e, 0x7a,
  0x1f, 0x85, 0x1f, 0x7b, 0x1f, 0x85, 0x1f, 0x7a, 0x1f, 0x85, 0x1f, 0x7a,
  0x1f, 0x85, 0x1f, 0x7a, 0x1f, 0x85, 0x1f, 0x7a, 0x1f, 0x85, 0x1f, 0x7a,
  0x1f, 0x85, 0x1f, 0x7a, 0x20, 0x85, 0x1f, 0x7a, 0x1f, 0x85, 0x20, 0x7a,
  0x20, 0x85, 0x20, 0x7a, 0x20, 0x85, 0x20, 0x7a, 0x20, 0x85, 0x20, 0x7a,
  0x20, 0x85, 0x20, 0x7a, 0x20, 0x85, 0x20, 0x7a, 0x20, 0x85, 0x20, 0x7a,
  0x20, 0x85, 0x20, 0x7a, 0x20, 0x85, 0x20, 0x7a, 0x20, 0x85, 0x20, 0x7a,
  0x20, 0x85, 0x20, 0x7a, 0x20, 0x85, 0x20, 0x7a, 0x20, 0x85, 0x21, 0x7a,
  0x21, 0x85, 0x21, 0x7a, 0x21, 0x85, 0x20, 0x7a, 0x20, 0x85, 0x20, 0x7a,
  0x20, 0x85, 0x21, 0x7a, 0x21, 0x85, 0x21, 0x7a, 0x21, 0x85, 0x21, 0x7a,
  0x21, 0x85, 0x21, 0x7a, 0x22, 0x85, 0x22, 0x7a, 0x22, 0x85, 0x22, 0x7a,
  0x22, 0x85, 0x22, 0x7a, 0x22, 0x86, 0x22, 0x7a, 0x22, 0x86, 0x22, 0x7a,
  0x22, 0x85, 0x22, 0x7a, 0x21, 0x85, 0x21, 0x7a, 0x22, 0x85, 0x21, 0x7a,
  0x21, 0x85, 0x21, 0x7a, 0x21, 0x85, 0x21, 0x7a, 0x20, 0x85, 0x20, 0x7a,
  0x20, 0x85, 0x21, 0x7a, 0x21, 0x85, 0x21, 0x7a, 0x21, 0x85, 0x21, 0x7a,
  0x21, 0x85, 0x21, 0x7a, 0x21, 0x85, 0x21, 0x7a, 0x21, 0x85, 0x21, 0x7a,
  0x21, 0x85, 0x21, 0x7a, 0x21, 0x85, 0x21, 0x7a, 0x21, 0x85, 0x21, 0x7a,
  0x22, 0x85, 0x22, 0x7a, 0x22, 0x85, 0x23, 0x7a, 0x23, 0x85, 0x23, 0x7a,
  0x24, 0x86, 0x24, 0x7a, 0x26, 0x86, 0x26, 0x7a, 0x27, 0x86, 0x27, 0x7a,
  0x27, 0x86, 0x27, 0x7a, 0x27, 0x86, 0x27, 0x7a, 0x27, 0x86, 0x28, 0x7a,
  0x28, 0x86, 0x28, 0x79, 0x28, 0x86, 0x28, 0x7a, 0x28, 0x86, 0x28, 0x7a,
  0x29, 0x86, 0x29, 0x7a, 0x29, 0x86, 0x29, 0x7a, 0x29, 0x86, 0x29, 0x7a,
  0x29, 0x86, 0x28, 0x7a, 0x29, 0x86, 0x29, 0x7a, 0x29, 0x86, 0x29, 0x7a,
  0x29, 0x86, 0x2a, 0x7a, 0x2a, 0x86, 0x29, 0x7a, 0x29, 0x86, 0x29, 0x7a,
  0x29, 0x86, 0x29, 0x7a, 0x29, 0x86, 0x2a, 0x7a, 0x29, 0x86, 0x29, 0x7a,
  0x29, 0x86, 0x29, 0x7a, 0x28, 0x86, 0x29, 0x7a, 0x29, 0x86, 0x29, 0x7a,
  0x29, 0x86, 0x29, 0x7a, 0x28, 0x86, 0x28, 0x7a, 0x28, 0x86, 0x28, 0x7a,
  0x28, 0x86, 0x28, 0x7a, 0x28, 0x86, 0x28, 0x7a, 0x28, 0x86, 0x28, 0x7a,
  0x28, 0x86, 0x28, 0x7a, 0x28, 0x86, 0x28, 0x7a, 0x27, 0x86, 0x27, 0x7a,
  0x27, 0x86, 0x27, 0x7a, 0x27, 0x86, 0x26, 0x7a, 0x26, 0x86, 0x26, 0x7a,
  0x26, 0x86, 0x26, 0x7a, 0x25, 0x86, 0x25, 0x7a, 0x25, 0x86, 0x24, 0x7a,
  0x23, 0x86, 0x23, 0x7a, 0x23, 0x85, 0x23, 0x7a, 0x23, 0x85, 0x22, 0x7a,
  0x22, 0x85, 0x22, 0x7a, 0x22, 0x85, 0x22, 0x7a, 0x22, 0x85, 0x21, 0x7a,
  0x22, 0x85, 0x21, 0x7a, 0x21, 0x85, 0x21, 0x7a, 0x21, 0x85, 0x21, 0x7a,
  0x21, 0x85, 0x22, 0x7a, 0x22, 0x85, 0x21, 0x7a, 0x21, 0x85, 0x21, 0x7a,
  0x21, 0x85, 0x21, 0x7a, 0x22, 0x85, 0x22, 0x7a, 0x21, 0x85, 0x21, 0x7a,
  0x22, 0x85, 0x21, 0x7a, 0x21, 0x85, 0x22, 0x7a, 0x22, 0x86, 0x22, 0x7a,
  0x22, 0x86, 0x22, 0x7a, 0x22, 0x86, 0x22, 0x7a, 0x22, 0x86, 0x22, 0x7a,
  0x22, 0x86, 0x22, 0x7a, 0x21, 0x85, 0x21, 0x7a, 0x21, 0x85, 0x22, 0x7a,
  0x21, 0x85, 0x21, 0x7a, 0x21, 0x85, 0x21, 0x7a, 0x22, 0x85, 0x21, 0x7a,
  0x21, 0x85, 0x21, 0x7a, 0x21, 0x85, 0x21, 0x7a, 0x21, 0x85, 0x22, 0x7a,
  0x21, 0x85, 0x21, 0x7a, 0x21, 0x85, 0x21, 0x7a, 0x21, 0x85, 0x21, 0x7a,
  0x21, 0x85, 0x20, 0x7a, 0x21, 0x85, 0x21, 0x7a, 0x20, 0x85, 0x20, 0x7a,
  0x20, 0x85, 0x20, 0x7a, 0x20, 0x85, 0x20, 0x7a, 0x20, 0x85, 0x20, 0x7a,
  0x20, 0x85, 0x21, 0x7a, 0x20, 0x85, 0x20, 0x7a, 0x20, 0x85, 0x20, 0x7a,
  0x20, 0x85, 0x20, 0x7a, 0x20, 0x85, 0x20, 0x7a, 0x1f, 0x85, 0x1f, 0x7a,
  0x1f, 0x85, 0x1f, 0x7a, 0x1f, 0x85, 0x1f, 0x7b, 0x1f, 0x85, 0x1e, 0x7b,
  0x1e, 0x85, 0x1e, 0x7a, 0x1e, 0x85, 0x1e, 0x7b, 0x1e, 0x85, 0x1e, 0x7b,
  0x1e, 0x85, 0x1e, 0x7a, 0x1e, 0x85, 0x1e, 0x7b, 0x1e, 0x85, 0x1e, 0x7b,
  0x1e, 0x85, 0x1e, 0x7b, 0x1e, 0x84, 0x1e, 0x7b, 0x1e, 0x84, 0x1e, 0x7a,
  0x1e, 0x84, 0x1e, 0x7b, 0x1d, 0x84, 0x1e, 0x7b, 0x1d, 0x84, 0x1d, 0x7b,
  0x1e, 0x84, 0x1e, 0x7b, 0x1e, 0x84, 0x1e, 0x7b, 0x1e, 0x84, 0x1e, 0x7b,
  0x1f, 0x84, 0x1e, 0x7b, 0x1e, 0x84, 0x1f, 0x7b, 0x1e, 0x84, 0x1e, 0x7b,
  0x1e, 0x85, 0x1f, 0x7b, 0x1f, 0x84, 0x1f, 0x7b, 0x1f, 0x85, 0x1f, 0x7b,
  0x1f, 0x85, 0x1f, 0x7b, 0x1f, 0x85, 0x1f, 0x7b, 0x1f, 0x85, 0x1f, 0x7b,
  0x1f, 0x85, 0x1f, 0x7a, 0x1f, 0x85, 0x1f, 0x7b, 0x1f, 0x85, 0x1f, 0x7b,
  0x1f, 0x85, 0x1f, 0x7b, 0x1f, 0x85, 0x1f, 0x7a, 0x20, 0x85, 0x20, 0x7a,
  0x1f, 0x85, 0x20, 0x7a, 0x20, 0x85, 0x20, 0x7a, 0x20, 0x85, 0x20, 0x7a,
  0x20, 0x85, 0x20, 0x7a, 0x20, 0x85, 0x20, 0x7a, 0x20, 0x85, 0x20, 0x7a,
  0x20, 0x85, 0x20, 0x7a, 0x20, 0x85, 0x20, 0x7a, 0x20, 0x85, 0x20, 0x7a,
  0x20, 0x85, 0x20, 0x7a, 0x20, 0x85, 0x20, 0x7a, 0x20, 0x85, 0x20, 0x7a,
  0x20, 0x85, 0x20, 0x7a, 0x20, 0x85, 0x21, 0x7a, 0x21, 0x85, 0x21, 0x7a,
  0x20, 0x85, 0x20, 0x7a, 0x21, 0x85, 0x21, 0x7a, 0x21, 0x85, 0x21, 0x7a,
  0x21, 0x85, 0x21, 0x7a, 0x21, 0x85, 0x21, 0x7a, 0x22, 0x85, 0x22, 0x7a,
  0x22, 0x85, 0x22, 0x7a, 0x22, 0x85, 0x22, 0x7a, 0x22, 0x85, 0x22, 0x7a,
  0x22, 0x85, 0x22, 0x7a, 0x22, 0x85, 0x22, 0x7a, 0x22, 0x85, 0x22, 0x7a,
  0x22, 0x85, 0x22, 0x7a, 0x22, 0x85, 0x22, 0x7a, 0x21, 0x85, 0x21, 0x7a,
  0x21, 0x85, 0x21, 0x7a, 0x21, 0x85, 0x21, 0x7a, 0x21, 0x85, 0x21, 0x7a,
  0x21, 0x85, 0x21, 0x7a, 0x22, 0x85, 0x22, 0x7a, 0x22, 0x85, 0x22, 0x7a,
  0x22, 0x85, 0x22, 0x7a, 0x22, 0x85, 0x23, 0x7a, 0x23, 0x85, 0x23, 0x7a,
  0x23, 0x85, 0x23, 0x7a, 0x23, 0x85, 0x23, 0x7a, 0x23, 0x85, 0x24, 0x7a,
  0x24, 0x85, 0x24, 0x7a, 0x25, 0x86, 0x25, 0x7a, 0x26, 0x86, 0x26, 0x7a,
  0x26, 0x86, 0x26, 0x7a, 0x26, 0x86, 0x27, 0x7a, 0x27, 0x86, 0x27, 0x79,
  0x27, 0x86, 0x27, 0x7a, 0x27, 0x86, 0x27, 0x7a, 0x28, 0x86, 0x28, 0x7a,
  0x28, 0x86, 0x28, 0x7a, 0x28, 0x86, 0x28, 0x7a, 0x28, 0x86, 0x28, 0x7a,
  0x28, 0x86, 0x28, 0x7a, 0x28, 0x86, 0x28, 0x7a, 0x28, 0x86, 0x28, 0x7a,
  0x28, 0x86, 0x29, 0x7a, 0x29, 0x86, 0x29, 0x7a, 0x29, 0x86, 0x28, 0x7a,
  0x28, 0x86, 0x29, 0x7a, 0x28, 0x86, 0x29, 0x7a, 0x28, 0x86, 0x28, 0x7a,
  0x28, 0x86, 0x28, 0x7a, 0x28, 0x86, 0x28, 0x7a, 0x28, 0x86, 0x28, 0x79,
  0x28, 0x86, 0x28, 0x7a, 0x28, 0x86, 0x28, 0x7a, 0x28, 0x86, 0x28, 0x7a,
  0x27, 0x86, 0x28, 0x7a, 0x27, 0x86, 0x28, 0x7a, 0x27, 0x86, 0x27, 0x7a,
  0x27, 0x86, 0x27, 0x7a, 0x27, 0x86, 0x28, 0x7a, 0x27, 0x86, 0x27, 0x7a,
  0x27, 0x86, 0x27, 0x7a, 0x26, 0x86, 0x26, 0x7a, 0x26, 0x86, 0x26, 0x7a,
  0x26, 0x86, 0x26, 0x7a, 0x25, 0x86, 0x25, 0x7a, 0x25, 0x86, 0x25, 0x7a,
  0x24, 0x85, 0x24, 0x7a, 0x24, 0x85, 0x24, 0x7a, 0x24, 0x85, 0x23, 0x7a,
  0x23, 0x85, 0x23, 0x7a, 0x22, 0x85, 0x23, 0x7a, 0x22, 0x85, 0x22, 0x7a,
  0x22, 0x85, 0x22, 0x7a, 0x22, 0x85, 0x22, 0x7a, 0x22, 0x85, 0x22, 0x7a,
  0x22, 0x85, 0x22, 0x7a, 0x23, 0x85, 0x22, 0x7a, 0x22, 0x85, 0x22, 0x7a,
  0x22, 0x85, 0x22, 0x7a, 0x22, 0x85, 0x22, 0x7a, 0x22, 0x85, 0x22, 0x7a,
  0x22, 0x85, 0x22, 0x7a, 0x22, 0x85, 0x21, 0x7a, 0x21, 0x85, 0x21, 0x7a,
  0x22, 0x85, 0x22, 0x7a, 0x22, 0x85, 0x22, 0x7a, 0x22, 0x85, 0x22, 0x7a,
  0x22, 0x85, 0x22, 0x7a, 0x21, 0x85, 0x22, 0x7a, 0x21, 0x85, 0x22, 0x7a,
  0x21, 0x85, 0x22, 0x7a, 0x22, 0x85, 0x21, 0x7a, 0x21, 0x85, 0x22, 0x7a,
  0x21, 0x85, 0x21, 0x7a, 0x21, 0x85, 0x21, 0x7a, 0x21, 0x85, 0x21, 0x7a,
  0x21, 0x85, 0x22, 0x7a, 0x21, 0x85, 0x21, 0x7a, 0x21, 0x85, 0x21, 0x7a,
  0x20, 0x85, 0x20, 0x7a, 0x20, 0x85, 0x20, 0x7a, 0x21, 0x85, 0x20, 0x7a,
  0x20, 0x85, 0x20, 0x7b, 0x20, 0x85, 0x20, 0x7a, 0x20, 0x85, 0x20, 0x7a,
  0x20, 0x85, 0x20, 0x7a, 0x20, 0x85, 0x20, 0x7a, 0x20, 0x85, 0x20, 0x7a,
  0x20, 0x85, 0x20, 0x7a, 0x20, 0x85, 0x20, 0x7a, 0x20, 0x84, 0x1f, 0x7b,
  0x1f, 0x85, 0x1f, 0x7b, 0x1f, 0x85, 0x1f, 0x7b, 0x1f, 0x85, 0x1f, 0x7b,
  0x1f, 0x85, 0x1f, 0x7b, 0x1f, 0x85, 0x1f, 0x7b, 0x1f, 0x84, 0x1f, 0x7b,
  0x1f, 0x84, 0x1f, 0x7b, 0x1f, 0x85, 0x1e, 0x7b, 0x1e, 0x84, 0x1f, 0x7b,
  0x1f, 0x84, 0x1e, 0x7b, 0x1e, 0x84, 0x1e, 0x7b, 0x1f, 0x84, 0x1e, 0x7b,
  0x1e, 0x84, 0x1e, 0x7b, 0x1e, 0x84, 0x1e, 0x7b, 0x1e, 0x84, 0x1e, 0x7b,
  0x1d, 0x84, 0x1e, 0x7b, 0x1d, 0x84, 0x1d, 0x7b, 0x1e, 0x84, 0x1e, 0x7b,
  0x1e, 0x84, 0x1e, 0x7b, 0x1e, 0x84, 0x1e, 0x7b, 0x1e, 0x84, 0x1e, 0x7b,
  0x1e, 0x84, 0x1e, 0x7b, 0x1e, 0x84, 0x1e, 0x7a, 0x1e, 0x84, 0x1f, 0x7b,
  0x1f, 0x85, 0x1f, 0x7b, 0x1f, 0x85, 0x1f, 0x7a, 0x1f, 0x85, 0x1f, 0x7a,
  0x1f, 0x85, 0x1f, 0x7a, 0x1e, 0x85, 0x1e, 0x7a, 0x1f, 0x85, 0x1f, 0x7a,
  0x1f, 0x84, 0x1f, 0x7a, 0x1f, 0x85, 0x1f, 0x7a, 0x20, 0x85, 0x20, 0x7a,
  0x1f, 0x85, 0x1f, 0x7a, 0x20, 0x85, 0x1f, 0x7a, 0x20, 0x85, 0x20, 0x7a,
  0x20, 0x85, 0x20, 0x7a, 0x20, 0x85, 0x20, 0x7a, 0x1f, 0x85, 0x20, 0x7a,
  0x20, 0x85, 0x20, 0x7a, 0x20, 0x85, 0x20, 0x7a, 0x20, 0x85, 0x20, 0x7a,
  0x20, 0x85, 0x20, 0x7a, 0x20, 0x85, 0x20, 0x7a, 0x20, 0x85, 0x20, 0x7a,
  0x20, 0x85, 0x20, 0x7a, 0x20, 0x85, 0x20, 0x7a, 0x20, 0x85, 0x20, 0x7a,
  0x20, 0x85, 0x21, 0x7a, 0x21, 0x85, 0x21, 0x7a, 0x20, 0x85, 0x21, 0x7a,
  0x21, 0x85, 0x21, 0x7a, 0x20, 0x85, 0x21, 0x7a, 0x21, 0x85, 0x21, 0x7a,
  0x21, 0x85, 0x21, 0x7a, 0x22, 0x85, 0x21, 0x7a, 0x21, 0x85, 0x22, 0x7a,
  0x22, 0x85, 0x22, 0x7a, 0x22, 0x85, 0x21, 0x7a, 0x22, 0x85, 0x22, 0x7a,
  0x22, 0x85, 0x22, 0x7a, 0x22, 0x85, 0x22, 0x7a, 0x22, 0x85, 0x22, 0x7a,
  0x22, 0x85, 0x21, 0x7a, 0x22, 0x85, 0x21, 0x7a, 0x21, 0x85, 0x21, 0x7a,
  0x21, 0x85, 0x21, 0x7a, 0x21, 0x85, 0x21, 0x7a, 0x22, 0x85, 0x22, 0x7a,
  0x22, 0x85, 0x22, 0x7a, 0x22, 0x85, 0x22, 0x7a, 0x22, 0x85, 0x23, 0x7a,
  0x23, 0x85, 0x23, 0x7a, 0x23, 0x85, 0x23, 0x7a, 0x23, 0x85, 0x23, 0x7a,
  0x24, 0x85, 0x24, 0x7a, 0x24, 0x85, 0x24, 0x7a, 0x25, 0x86, 0x25, 0x7a,
  0x26, 0x86, 0x26, 0x7a, 0x26, 0x86, 0x26, 0x7a, 0x26, 0x86, 0x27, 0x7a,
  0x26, 0x86, 0x27, 0x7a, 0x27, 0x86, 0x27, 0x7a, 0x27, 0x86, 0x27, 0x7a,
  0x27, 0x86, 0x27, 0x7a, 0x27, 0x86, 0x27, 0x7a, 0x27, 0x86, 0x27, 0x7a,
  0x27, 0x86, 0x27, 0x7a, 0x27, 0x86, 0x27, 0x7a, 0x28, 0x86, 0x28, 0x7a,
  0x27, 0x86, 0x28, 0x7a, 0x28, 0x86, 0x28, 0x7a, 0x28, 0x86, 0x28, 0x7a,
  0x28, 0x86, 0x28, 0x7a, 0x28, 0x86, 0x28, 0x79, 0x28, 0x86, 0x28, 0x79,
  0x27, 0x86, 0x27, 0x7a, 0x28, 0x86, 0x27, 0x7a, 0x28, 0x86, 0x27, 0x7a,
  0x27, 0x86, 0x27, 0x7a, 0x27, 0x86, 0x27, 0x7a, 0x27, 0x86, 0x27, 0x79,
  0x27, 0x86, 0x27, 0x7a, 0x27, 0x86, 0x27, 0x7a, 0x27, 0x86, 0x27, 0x7a,
  0x27, 0x86, 0x27, 0x79, 0x27, 0x86, 0x27, 0x7a, 0x27, 0x86, 0x27, 0x7a,
  0x27, 0x86, 0x27, 0x7a, 0x27, 0x86, 0x27, 0x7a, 0x26, 0x86, 0x26, 0x7a,
  0x26, 0x85, 0x26, 0x7a, 0x26, 0x86, 0x26, 0x7a, 0x25, 0x86, 0x25, 0x7a,
  0x25, 0x85, 0x24, 0x7a, 0x24, 0x86, 0x24, 0x7a, 0x24, 0x85, 0x24, 0x7a,
  0x23, 0x85, 0x23, 0x7a, 0x23, 0x86, 0x23, 0x7a, 0x22, 0x85, 0x22, 0x7a,
  0x22, 0x85, 0x23, 0x7a, 0x22, 0x85, 0x22, 0x7a, 0x22, 0x85, 0x22, 0x7a,
  0x22, 0x85, 0x21, 0x7a, 0x22, 0x85, 0x22, 0x7a, 0x22, 0x85, 0x22, 0x7a,
  0x22, 0x85, 0x22, 0x7a, 0x21, 0x85, 0x21, 0x7a, 0x22, 0x85, 0x22, 0x7a,
  0x22, 0x85, 0x22, 0x7a, 0x22, 0x85, 0x22, 0x7a, 0x21, 0x85, 0x21, 0x7a,
  0x21, 0x85, 0x21, 0x7a, 0x21, 0x85, 0x21, 0x7a, 0x22, 0x85, 0x22, 0x7a,
  0x21, 0x85, 0x21, 0x7a, 0x21, 0x85, 0x21, 0x7a, 0x21, 0x85, 0x21, 0x7a,
  0x21, 0x85, 0x22, 0x7a, 0x21, 0x85, 0x21, 0x7a, 0x21, 0x85, 0x21, 0x7a,
  0x21, 0x85, 0x21, 0x7a, 0x21, 0x85, 0x21, 0x7a, 0x21, 0x85, 0x20, 0x7a,
  0x21, 0x85, 0x20, 0x7a, 0x20, 0x85, 0x21, 0x7a, 0x21, 0x85, 0x21, 0x7a,
  0x20, 0x85, 0x20, 0x7a, 0x20, 0x85, 0x20, 0x7a, 0x20, 0x85, 0x20, 0x7a,
  0x20, 0x85, 0x20, 0x7a, 0x20, 0x84, 0x20, 0x7a, 0x20, 0x85, 0x20, 0x7a,
  0x20, 0x85, 0x20, 0x7a, 0x20, 0x85, 0x20, 0x7a, 0x20, 0x85, 0x20, 0x7a,
  0x20, 0x85, 0x20, 0x7a, 0x20, 0x85, 0x20, 0x7a, 0x20, 0x85, 0x20, 0x7a,
  0x1f, 0x84, 0x1f, 0x7b, 0x1f, 0x84, 0x1f, 0x7b, 0x1f, 0x85, 0x1f, 0x7b,
  0x1f, 0x85, 0x1e, 0x7b, 0x1f, 0x85, 0x1e, 0x7b, 0x1e, 0x84, 0x1e, 0x7b,
  0x1e, 0x84, 0x1e, 0x7b, 0x1e, 0x84, 0x1e, 0x7b, 0x1e, 0x84, 0x1e, 0x7a,
  0x1e, 0x84, 0x1e, 0x7a, 0x1e, 0x84, 0x1e, 0x7b, 0x1e, 0x84, 0x1e, 0x7b,
  0x1d, 0x84, 0x1d, 0x7b, 0x1e, 0x84, 0x1e, 0x7b, 0x1e, 0x84, 0x1e, 0x7b,
  0x1d, 0x84, 0x1d, 0x7b, 0x1d, 0x84, 0x1e, 0x7b, 0x1e, 0x84, 0x1e, 0x7b,
  0x1e, 0x84, 0x1e, 0x7b, 0x1e, 0x84, 0x1e, 0x7b, 0x1e, 0x84, 0x1e, 0x7b,
  0x1e, 0x84, 0x1e, 0x7b, 0x1e, 0x84, 0x1e, 0x7b, 0x1e, 0x84, 0x1e, 0x7a,
  0x1e, 0x84, 0x1f, 0x7a, 0x1e, 0x84, 0x1f, 0x7b, 0x1f, 0x84, 0x1f, 0x7b,
  0x1f, 0x84, 0x1f, 0x7b, 0x1f, 0x84, 0x1f, 0x7b, 0x1e, 0x84, 0x1e, 0x7b,
  0x1f, 0x84, 0x1e, 0x7b, 0x1f, 0x84, 0x1f, 0x7b, 0x1f, 0x84, 0x1f, 0x7a,
  0x1f, 0x84, 0x1f, 0x7a, 0x1f, 0x84, 0x1f, 0x7a, 0x1f, 0x84, 0x1f, 0x7b,
  0x1f, 0x84, 0x1f, 0x7b, 0x20, 0x84, 0x20, 0x7a, 0x20, 0x84, 0x1f, 0x7a,
  0x20, 0x84, 0x20, 0x7a, 0x20, 0x84, 0x20, 0x7a, 0x20, 0x84, 0x20, 0x7a,
  0x20, 0x84, 0x20, 0x7a, 0x20, 0x84, 0x20, 0x7a, 0x20, 0x84, 0x20, 0x7a,
  0x1f, 0x84, 0x20, 0x7a, 0x20, 0x84, 0x20, 0x7a, 0x20, 0x85, 0x20, 0x7a,
  0x20, 0x85, 0x20, 0x7a, 0x20, 0x85, 0x20, 0x7a, 0x20, 0x84, 0x21, 0x7a,
  0x20, 0x84, 0x21, 0x7a, 0x20, 0x85, 0x20, 0x7a, 0x20, 0x85, 0x21, 0x7a,
  0x21, 0x85, 0x21, 0x7a, 0x21, 0x85, 0x21, 0x7a, 0x21, 0x85, 0x21, 0x7a,
  0x21, 0x85, 0x21, 0x7a, 0x21, 0x85, 0x21, 0x7a, 0x22, 0x85, 0x22, 0x7a,
  0x22, 0x85, 0x22, 0x7a, 0x22, 0x85, 0x23, 0x7a, 0x23, 0x85, 0x23, 0x7a,
  0x22, 0x85, 0x22, 0x7a, 0x22, 0x85, 0x22, 0x7a, 0x22, 0x85, 0x22, 0x7a,
  0x22, 0x85, 0x22, 0x7a, 0x22, 0x85, 0x22, 0x7a, 0x22, 0x85, 0x22, 0x7a,
  0x22, 0x85, 0x22, 0x7a, 0x23, 0x85, 0x23, 0x7a, 0x23, 0x85, 0x23, 0x7a,
  0x23, 0x85, 0x23, 0x7a, 0x23, 0x85, 0x23, 0x7a, 0x24, 0x85, 0x24, 0x7a,
  0x24, 0x85, 0x24, 0x7a, 0x24, 0x85, 0x24, 0x7a, 0x24, 0x85, 0x24, 0x7a,
  0x24, 0x86, 0x25, 0x7a, 0x25, 0x86, 0x26, 0x7a, 0x25, 0x86, 0x26, 0x7a,
  0x26, 0x86, 0x26, 0x7a, 0x26, 0x86, 0x26, 0x7a, 0x26, 0x86, 0x26, 0x7a,
  0x27, 0x86, 0x27, 0x7a, 0x27, 0x86, 0x27, 0x7a, 0x26, 0x86, 0x27, 0x7a,
  0x27, 0x86, 0x27, 0x7a, 0x27, 0x86, 0x27, 0x7a, 0x27, 0x86, 0x27, 0x7a,
  0x27, 0x86, 0x27, 0x7a, 0x27, 0x86, 0x27, 0x7a, 0x28, 0x86, 0x27, 0x7a,
  0x27, 0x86, 0x28, 0x7a, 0x28, 0x86, 0x28, 0x7a, 0x28, 0x86, 0x27, 0x7a,
  0x27, 0x86, 0x27, 0x7a, 0x27, 0x86, 0x27, 0x7a, 0x27, 0x86, 0x27, 0x7a,
  0x28, 0x86, 0x27, 0x7a, 0x27, 0x86, 0x27, 0x7a, 0x27, 0x86, 0x27, 0x7a,
  0x27, 0x86, 0x26, 0x7a, 0x26, 0x86, 0x26, 0x7a, 0x26, 0x86, 0x27, 0x7a,
  0x27, 0x86, 0x27, 0x7a, 0x26, 0x86, 0x26, 0x7a, 0x26, 0x86, 0x26, 0x7a,
  0x26, 0x86, 0x27, 0x7a, 0x26, 0x86, 0x26, 0x7a, 0x26, 0x86, 0x26, 0x7a,
  0x25, 0x85, 0x25, 0x7a, 0x25, 0x86, 0x25, 0x7a, 0x25, 0x86, 0x25, 0x7a,
  0x25, 0x85, 0x25, 0x7a, 0x25, 0x85, 0x24, 0x7a, 0x24, 0x85, 0x24, 0x7a,
  0x24, 0x86, 0x24, 0x7a, 0x23, 0x85, 0x23, 0x7a, 0x23, 0x85, 0x23, 0x7a,
  0x23, 0x85, 0x23, 0x7a, 0x23, 0x85, 0x23, 0x7a, 0x23, 0x85, 0x23, 0x7a,
  0x23, 0x85, 0x23, 0x7a, 0x22, 0x85, 0x22, 0x7a, 0x22, 0x85, 0x22, 0x7a,
  0x22, 0x85, 0x22, 0x7a, 0x22, 0x85, 0x22, 0x7a, 0x22, 0x85, 0x22, 0x7a,
  0x22, 0x85, 0x23, 0x7a, 0x22, 0x85, 0x22, 0x7a, 0x22, 0x85, 0x22, 0x7a,
  0x21, 0x85, 0x21, 0x7a, 0x21, 0x85, 0x21, 0x7a, 0x21, 0x85, 0x22, 0x7a,
  0x22, 0x85, 0x22, 0x7a, 0x22, 0x85, 0x21, 0x7a, 0x21, 0x85, 0x21, 0x7a,
  0x21, 0x85, 0x22, 0x7a, 0x22, 0x85, 0x21, 0x7a, 0x21, 0x85, 0x21, 0x7a,
  0x21, 0x85, 0x21, 0x7a, 0x21, 0x84, 0x21, 0x7a, 0x21, 0x85, 0x20, 0x7a,
  0x21, 0x85, 0x21, 0x7a, 0x20, 0x85, 0x21, 0x7a, 0x21, 0x85, 0x20, 0x7a,
  0x21, 0x85, 0x20, 0x7a, 0x21, 0x85, 0x20, 0x7a, 0x20, 0x84, 0x20, 0x7a,
  0x20, 0x84, 0x21, 0x7a, 0x20, 0x84, 0x20, 0x7a, 0x20, 0x84, 0x20, 0x7a,
  0x20, 0x84, 0x20, 0x7a, 0x20, 0x84, 0x20, 0x7a, 0x20, 0x84, 0x20, 0x7a,
  0x20, 0x84, 0x20, 0x7a, 0x20, 0x84, 0x20, 0x7a, 0x20, 0x84, 0x1f, 0x7b,
  0x20, 0x84, 0x1f, 0x7a, 0x1f, 0x84, 0x1f, 0x7b, 0x1f, 0x84, 0x1f, 0x7b,
  0x1f, 0x84, 0x1f, 0x7a, 0x1f, 0x84, 0x1e, 0x7b, 0x1e, 0x84, 0x1e, 0x7a,
  0x1e, 0x84, 0x1e, 0x7b, 0x1e, 0x84, 0x1e, 0x7b, 0x1e, 0x84, 0x1e, 0x7b,
  0x1e, 0x84, 0x1e, 0x7b, 0x1e, 0x84, 0x1e, 0x7b, 0x1e, 0x84, 0x1e, 0x7b,
  0x1e, 0x84, 0x1e, 0x7b, 0x1e, 0x84, 0x1e, 0x7b, 0x1e, 0x84, 0x1e, 0x7b,
  0x1e, 0x84, 0x1d, 0x7b, 0x1e, 0x84, 0x1e, 0x7b, 0x1d, 0x84, 0x1e, 0x7b,
  0x1e, 0x85, 0x1e, 0x7b, 0x1e, 0x85, 0x1e, 0x7b, 0x1e, 0x85, 0x1e, 0x7b,
  0x1e, 0x85, 0x1e, 0x7b, 0x1e, 0x85, 0x1e, 0x7b, 0x1e, 0x85, 0x1e, 0x7b,
  0x1e, 0x85, 0x1f, 0x7b, 0x1e, 0x85, 0x1e, 0x7a, 0x1e, 0x85, 0x1e, 0x7b,
  0x1f, 0x85, 0x1f, 0x7b, 0x1e, 0x85, 0x1f, 0x7b, 0x1f, 0x85, 0x1f, 0x7b,
  0x1e, 0x85, 0x1f, 0x7b, 0x1e, 0x85, 0x1f, 0x7b, 0x1e, 0x85, 0x1f, 0x7b,
  0x1f, 0x85, 0x1e, 0x7b, 0x1f, 0x85, 0x1f, 0x7a, 0x1f, 0x85, 0x1f, 0x7b,
  0x20, 0x85, 0x1f, 0x7b, 0x1f, 0x85, 0x20, 0x7a, 0x20, 0x85, 0x20, 0x7a,
  0x20, 0x85, 0x20, 0x7a, 0x20, 0x85, 0x20, 0x7a, 0x20, 0x85, 0x20, 0x7a,
  0x20, 0x85, 0x20, 0x7a, 0x20, 0x85, 0x20, 0x7a, 0x20, 0x85, 0x20, 0x7a,
  0x20, 0x85, 0x20, 0x7a, 0x20, 0x85, 0x20, 0x7a, 0x20, 0x85, 0x20, 0x7a,
  0x20, 0x85, 0x20, 0x7a, 0x1f, 0x85, 0x20, 0x7a, 0x20, 0x85, 0x20, 0x7a,
  0x20, 0x85, 0x20, 0x7a, 0x20, 0x85, 0x20, 0x7a, 0x20, 0x85, 0x20, 0x7a,
  0x20, 0x85, 0x21, 0x7a, 0x21, 0x85, 0x21, 0x7a, 0x21, 0x86, 0x21, 0x7a,
  0x21, 0x86, 0x21, 0x7a, 0x21, 0x85, 0x21, 0x7a, 0x21, 0x86, 0x21, 0x7a,
  0x22, 0x85, 0x22, 0x7a, 0x22, 0x85, 0x22, 0x7a, 0x22, 0x85, 0x22, 0x7a,
  0x22, 0x86, 0x22, 0x7a, 0x22, 0x85, 0x22, 0x7a, 0x22, 0x86, 0x22, 0x7a,
  0x22, 0x86, 0x23, 0x7a, 0x23, 0x86, 0x23, 0x7a, 0x23, 0x86, 0x23, 0x7a,
  0x23, 0x86, 0x23, 0x7a, 0x22, 0x86, 0x22, 0x7a, 0x22, 0x86, 0x23, 0x7a,
  0x23, 0x86, 0x23, 0x7a, 0x23, 0x86, 0x23, 0x7a, 0x23, 0x86, 0x24, 0x7a,
  0x24, 0x86, 0x24, 0x7a, 0x24, 0x86, 0x24, 0x7a, 0x24, 0x86, 0x25, 0x7a,
  0x25, 0x86, 0x24, 0x7a, 0x25, 0x86, 0x25, 0x7a, 0x26, 0x86, 0x26, 0x7a,
  0x26, 0x86, 0x26, 0x79, 0x26, 0x86, 0x26, 0x7a, 0x26, 0x86, 0x26, 0x7a,
  0x27, 0x86, 0x27, 0x7a, 0x27, 0x86, 0x27, 0x7a, 0x27, 0x86, 0x26, 0x7a,
  0x26, 0x86, 0x27, 0x79, 0x27, 0x86, 0x27, 0x79, 0x27, 0x86, 0x27, 0x7a,
  0x27, 0x86, 0x27, 0x79, 0x27, 0x86, 0x27, 0x79, 0x27, 0x86, 0x27, 0x79,
  0x27, 0x86, 0x27, 0x79, 0x27, 0x86, 0x27, 0x79, 0x27, 0x86, 0x27, 0x79,
  0x27, 0x86, 0x27, 0x79, 0x27, 0x86, 0x27, 0x79, 0x27, 0x86, 0x26, 0x79,
  0x26, 0x86, 0x27, 0x79, 0x27, 0x86, 0x27, 0x79, 0x27, 0x86, 0x26, 0x7a,
  0x27, 0x86, 0x27, 0x79, 0x26, 0x86, 0x26, 0x79, 0x26, 0x86, 0x26, 0x79,
  0x26, 0x86, 0x27, 0x79, 0x26, 0x86, 0x26, 0x79, 0x26, 0x86, 0x26, 0x7a,
  0x26, 0x86, 0x26, 0x79, 0x26, 0x86, 0x26, 0x79, 0x26, 0x86, 0x26, 0x79,
  0x26, 0x86, 0x26, 0x79, 0x26, 0x86, 0x25, 0x7a, 0x25, 0x86, 0x25, 0x7a,
  0x25, 0x86, 0x25, 0x79, 0x25, 0x86, 0x25, 0x7a, 0x25, 0x86, 0x24, 0x7a,
  0x24, 0x86, 0x24, 0x7a, 0x24, 0x86, 0x23, 0x7a, 0x24, 0x86, 0x23, 0x7a,
  0x24, 0x86, 0x24, 0x7a, 0x24, 0x86, 0x24, 0x7a, 0x24, 0x86, 0x24, 0x7a,
  0x23, 0x86, 0x23, 0x7a, 0x23, 0x86, 0x23, 0x7a, 0x23, 0x86, 0x23, 0x7a,
  0x22, 0x86, 0x22, 0x7a, 0x22, 0x86, 0x22, 0x7a, 0x22, 0x86, 0x22, 0x7a,
  0x22, 0x86, 0x22, 0x7a, 0x22, 0x86, 0x22, 0x7a, 0x22, 0x86, 0x22, 0x7a,
  0x22, 0x86, 0x22, 0x7a, 0x22, 0x86, 0x22, 0x7a, 0x22, 0x85, 0x22, 0x7a,
  0x22, 0x85, 0x22, 0x7a, 0x22, 0x85, 0x22, 0x7a, 0x22, 0x85, 0x21, 0x7a,
  0x21, 0x85, 0x22, 0x7a, 0x21, 0x85, 0x22, 0x7a, 0x22, 0x86, 0x22, 0x7a,
  0x22, 0x85, 0x22, 0x7a, 0x21, 0x85, 0x21, 0x7a, 0x21, 0x85, 0x21, 0x7a,
  0x21, 0x85, 0x21, 0x7a, 0x21, 0x85, 0x21, 0x7a, 0x21, 0x85, 0x20, 0x7a,
  0x20, 0x85, 0x21, 0x7a, 0x21, 0x85, 0x20, 0x7a, 0x21, 0x85, 0x21, 0x7a,
  0x20, 0x85, 0x21, 0x7a, 0x20, 0x85, 0x20, 0x7a, 0x20, 0x85, 0x20, 0x7a,
  0x20, 0x85, 0x20, 0x7a, 0x21, 0x85, 0x20, 0x7a, 0x20, 0x85, 0x20, 0x7a,
  0x21, 0x85, 0x20, 0x7a, 0x20, 0x85, 0x20, 0x7a, 0x20, 0x85, 0x20, 0x7a,
  0x20, 0x85, 0x1f, 0x7b, 0x1f, 0x85, 0x1f, 0x7b, 0x1f, 0x85, 0x1f, 0x7b,
  0x1f, 0x85, 0x1f, 0x7b, 0x1f, 0x85, 0x1e, 0x7b, 0x1e, 0x85, 0x1f, 0x7b,
  0x1e, 0x85, 0x1e, 0x7b, 0x1e, 0x85, 0x1e, 0x7b, 0x1e, 0x85, 0x1e, 0x7b,
  0x1e, 0x85, 0x1e, 0x7b, 0x1e, 0x85, 0x1e, 0x7b, 0x1e, 0x85, 0x1e, 0x7b,
  0x1e, 0x85, 0x1e, 0x7b, 0x1e, 0x85, 0x1e, 0x7b, 0x1d, 0x85, 0x1e, 0x7b,
  0x1e, 0x85, 0x1d, 0x7b, 0x1e, 0x84, 0x1e, 0x7b, 0x1e, 0x85, 0x1d, 0x7b,
  0x1d, 0x85, 0x1e, 0x7b, 0x20, 0x86, 0x1f, 0x7c, 0x1f, 0x86, 0x1f, 0x7d,
  0x20, 0x86, 0x1f, 0x7c, 0x20, 0x86, 0x20, 0x7c, 0x1f, 0x86, 0x20, 0x7c,
  0x20, 0x86, 0x20, 0x7c, 0x20, 0x86, 0x20, 0x7c, 0x20, 0x86, 0x20, 0x7c,
  0x20, 0x86, 0x20, 0x7c, 0x20, 0x86, 0x20, 0x7c, 0x20, 0x86, 0x20, 0x7c,
  0x20, 0x86, 0x20, 0x7c, 0x20, 0x86, 0x20, 0x7c, 0x20, 0x86, 0x20, 0x7c,
  0x20, 0x86, 0x20, 0x7c, 0x20, 0x86, 0x20, 0x7c, 0x21, 0x86, 0x20, 0x7c,
  0x21, 0x86, 0x20, 0x7c, 0x21, 0x87, 0x20, 0x7c, 0x20, 0x87, 0x21, 0x7c,
  0x21, 0x86, 0x22, 0x7c, 0x21, 0x87, 0x22, 0x7c, 0x22, 0x87, 0x22, 0x7c,
  0x22, 0x86, 0x22, 0x7c, 0x22, 0x86, 0x21, 0x7c, 0x21, 0x87, 0x21, 0x7c,
  0x22, 0x86, 0x22, 0x7c, 0x22, 0x86, 0x21, 0x7c, 0x21, 0x87, 0x21, 0x7c,
  0x21, 0x87, 0x21, 0x7c, 0x21, 0x87, 0x21, 0x7c, 0x21, 0x87, 0x21, 0x7c,
  0x21, 0x87, 0x21, 0x7c, 0x21, 0x87, 0x22, 0x7c, 0x22, 0x87, 0x22, 0x7c,
  0x22, 0x87, 0x22, 0x7c, 0x22, 0x87, 0x22, 0x7c, 0x22, 0x87, 0x22, 0x7c,
  0x22, 0x87, 0x22, 0x7c, 0x22, 0x87, 0x22, 0x7c, 0x22, 0x87, 0x23, 0x7c,
  0x22, 0x87, 0x23, 0x7c, 0x23, 0x87, 0x23, 0x7c, 0x23, 0x87, 0x23, 0x7c,
  0x23, 0x87, 0x23, 0x7c, 0x24, 0x87, 0x24, 0x7c, 0x23, 0x87, 0x24, 0x7c,
  0x24, 0x87, 0x24, 0x7c, 0x24, 0x87, 0x24, 0x7c, 0x24, 0x87, 0x25, 0x7c,
  0x25, 0x87, 0x25, 0x7c, 0x25, 0x87, 0x24, 0x7b, 0x24, 0x87, 0x24, 0x7c,
  0x24, 0x87, 0x24, 0x7c, 0x25, 0x87, 0x25, 0x7c, 0x25, 0x87, 0x25, 0x7b,
  0x25, 0x87, 0x25, 0x7c, 0x25, 0x87, 0x25, 0x7c, 0x25, 0x87, 0x26, 0x7c,
  0x26, 0x87, 0x26, 0x7c, 0x26, 0x87, 0x26, 0x7c, 0x27, 0x87, 0x26, 0x7c,
  0x27, 0x88, 0x27, 0x7b, 0x27, 0x88, 0x27, 0x7b, 0x27, 0x88, 0x27, 0x7b,
  0x27, 0x88, 0x28, 0x7c, 0x27, 0x87, 0x28, 0x7b, 0x29, 0x87, 0x28, 0x7b,
  0x28, 0x88, 0x28, 0x7b, 0x28, 0x88, 0x28, 0x7b, 0x28, 0x88, 0x28, 0x7b,
  0x28, 0x88, 0x28, 0x7b, 0x28, 0x88, 0x28, 0x7b, 0x28, 0x88, 0x28, 0x7b,
  0x28, 0x88, 0x28, 0x7b, 0x28, 0x88, 0x28, 0x7b, 0x28, 0x88, 0x27, 0x7b,
  0x28, 0x88, 0x28, 0x7b, 0x28, 0x88, 0x28, 0x7b, 0x28, 0x88, 0x28, 0x7b,
  0x28, 0x88, 0x27, 0x7c, 0x28, 0x88, 0x28, 0x7b, 0x28, 0x88, 0x28, 0x7b,
  0x28, 0x88, 0x28, 0x7b, 0x28, 0x88, 0x28, 0x7b, 0x27, 0x88, 0x27, 0x7b,
  0x27, 0x88, 0x28, 0x7b, 0x27, 0x88, 0x27, 0x7b, 0x28, 0x88, 0x27, 0x7b,
  0x27, 0x88, 0x27, 0x7b, 0x27, 0x88, 0x27, 0x7b, 0x27, 0x88, 0x27, 0x7b,
  0x27, 0x88, 0x27, 0x7b, 0x27, 0x88, 0x27, 0x7b, 0x27, 0x88, 0x27, 0x7b,
  0x26, 0x88, 0x26, 0x7b, 0x26, 0x88, 0x26, 0x7c, 0x26, 0x87, 0x26, 0x7c,
  0x25, 0x87, 0x26, 0x7c, 0x25, 0x87, 0x25, 0x7c, 0x25, 0x87, 0x25, 0x7c,
  0x25, 0x87, 0x25, 0x7b, 0x25, 0x88, 0x25, 0x7b, 0x26, 0x88, 0x26, 0x7c,
  0x26, 0x87, 0x25, 0x7c, 0x25, 0x87, 0x25, 0x7c, 0x24, 0x87, 0x24, 0x7c,
  0x24, 0x87, 0x24, 0x7c, 0x24, 0x87, 0x23, 0x7c, 0x24, 0x87, 0x23, 0x7c,
  0x23, 0x87, 0x24, 0x7c, 0x24, 0x87, 0x23, 0x7c, 0x23, 0x87, 0x23, 0x7c,
  0x23, 0x87, 0x23, 0x7c, 0x23, 0x87, 0x23, 0x7c, 0x23, 0x87, 0x23, 0x7c,
  0x23, 0x87, 0x23, 0x7c, 0x23, 0x87, 0x23, 0x7c, 0x23, 0x87, 0x23, 0x7c,
  0x23, 0x87, 0x23, 0x7c, 0x23, 0x87, 0x22, 0x7c, 0x22, 0x87, 0x23, 0x7c,
  0x23, 0x87, 0x23, 0x7c, 0x23, 0x87, 0x23, 0x7c, 0x23, 0x87, 0x22, 0x7c,
  0x22, 0x87, 0x22, 0x7c, 0x22, 0x87, 0x23, 0x7c, 0x22, 0x87, 0x22, 0x7c,
  0x22, 0x86, 0x22, 0x7c, 0x22, 0x87, 0x22, 0x7c, 0x22, 0x87, 0x22, 0x7c,
  0x22, 0x87, 0x22, 0x7c, 0x22, 0x87, 0x22, 0x7c, 0x21, 0x87, 0x21, 0x7c,
  0x21, 0x86, 0x22, 0x7c, 0x22, 0x86, 0x22, 0x7c, 0x22, 0x86, 0x22, 0x7c,
  0x22, 0x86, 0x22, 0x7c, 0x22, 0x86, 0x22, 0x7c, 0x22, 0x86, 0x22, 0x7c,
  0x22, 0x86, 0x21, 0x7c, 0x21, 0x86, 0x21, 0x7c, 0x21, 0x86, 0x20, 0x7c,
  0x21, 0x86, 0x21, 0x7c, 0x21, 0x86, 0x21, 0x7c, 0x21, 0x86, 0x20, 0x7c,
  0x20, 0x86, 0x20, 0x7c, 0x20, 0x86, 0x20, 0x7c, 0x20, 0x86, 0x20, 0x7c,
  0x20, 0x86, 0x20, 0x7c, 0x20, 0x86, 0x20, 0x7c, 0x20, 0x86, 0x20, 0x7c,
  0x20, 0x86, 0x20, 0x7c, 0x20, 0x86, 0x20, 0x7d, 0x1f, 0x86, 0x1f, 0x7c,
  0x20, 0x86, 0x1f, 0x7c, 0x1f, 0x86, 0x1f, 0x7c, 0x1f, 0x86, 0x1f, 0x7d,
  0x1f, 0x86, 0x1f, 0x7d, 0x1f, 0x86, 0x1f, 0x7d, 0x1f, 0x86, 0x1f, 0x7c,
  0x1f, 0x86, 0x1f, 0x7c, 0x1f, 0x86, 0x1f, 0x7c, 0x1f, 0x86, 0x1f, 0x7c,
  0x20, 0x86, 0x1f, 0x7c, 0x20, 0x86, 0x20, 0x7c, 0x20, 0x86, 0x20, 0x7c,
  0x20, 0x86, 0x1f, 0x7c, 0x1f, 0x86, 0x1f, 0x7c, 0x20, 0x86, 0x20, 0x7c,
  0x20, 0x86, 0x20, 0x7c, 0x20, 0x86, 0x20, 0x7c, 0x20, 0x86, 0x20, 0x7c,
  0x1f, 0x86, 0x20, 0x7c, 0x20, 0x86, 0x20, 0x7c, 0x20, 0x86, 0x20, 0x7c,
  0x20, 0x87, 0x20, 0x7c, 0x20, 0x86, 0x20, 0x7c, 0x20, 0x87, 0x20, 0x7c,
  0x21, 0x86, 0x21, 0x7c, 0x21, 0x86, 0x21, 0x7c, 0x22, 0x87, 0x22, 0x7c,
  0x22, 0x87, 0x22, 0x7c, 0x22, 0x87, 0x22, 0x7c, 0x22, 0x87, 0x22, 0x7c,
  0x21, 0x87, 0x21, 0x7c, 0x21, 0x87, 0x22, 0x7c, 0x21, 0x87, 0x21, 0x7c,
  0x21, 0x87, 0x21, 0x7c, 0x21, 0x87, 0x21, 0x7c, 0x21, 0x87, 0x21, 0x7c,
  0x21, 0x87, 0x21, 0x7c, 0x21, 0x87, 0x21, 0x7c, 0x21, 0x87, 0x22, 0x7c,
  0x22, 0x87, 0x22, 0x7c, 0x22, 0x87, 0x22, 0x7c, 0x22, 0x87, 0x22, 0x7c,
  0x23, 0x87, 0x22, 0x7c, 0x22, 0x87, 0x22, 0x7c, 0x22, 0x87, 0x22, 0x7c,
  0x23, 0x87, 0x22, 0x7c, 0x23, 0x87, 0x23, 0x7c, 0x23, 0x87, 0x22, 0x7c,
  0x23, 0x87, 0x22, 0x7c, 0x22, 0x87, 0x23, 0x7c, 0x24, 0x87, 0x24, 0x7c,
  0x24, 0x87, 0x24, 0x7c, 0x23, 0x87, 0x23, 0x7c, 0x24, 0x87, 0x24, 0x7c,
  0x24, 0x87, 0x25, 0x7b, 0x25, 0x87, 0x25, 0x7b, 0x25, 0x87, 0x24, 0x7b,
  0x24, 0x87, 0x24, 0x7c, 0x24, 0x87, 0x24, 0x7c, 0x25, 0x87, 0x24, 0x7c,
  0x25, 0x87, 0x25, 0x7c, 0x25, 0x87, 0x25, 0x7b, 0x25, 0x87, 0x25, 0x7c,
  0x25, 0x87, 0x25, 0x7c, 0x25, 0x87, 0x26, 0x7c, 0x26, 0x88, 0x26, 0x7b,
  0x26, 0x88, 0x26, 0x7b, 0x27, 0x87, 0x27, 0x7b, 0x27, 0x87, 0x27, 0x7b,
  0x27, 0x88, 0x27, 0x7b, 0x27, 0x88, 0x27, 0x7b, 0x27, 0x88, 0x27, 0x7b,
  0x28, 0x87, 0x28, 0x7c, 0x28, 0x87, 0x28, 0x7b, 0x28, 0x87, 0x28, 0x7b,
  0x28, 0x87, 0x28, 0x7b, 0x28, 0x87, 0x28, 0x7b, 0x28, 0x88, 0x28, 0x7b,
  0x28, 0x88, 0x28, 0x7b, 0x27, 0x88, 0x27, 0x7b, 0x28, 0x87, 0x27, 0x7b,
  0x28, 0x88, 0x27, 0x7c, 0x27, 0x88, 0x27, 0x7b, 0x27, 0x88, 0x28, 0x7b,
  0x28, 0x88, 0x28, 0x7b, 0x27, 0x88, 0x27, 0x7b, 0x27, 0x88, 0x28, 0x7b,
  0x28, 0x88, 0x28, 0x7b, 0x28, 0x88, 0x28, 0x7b, 0x28, 0x88, 0x28, 0x7b,
  0x27, 0x88, 0x27, 0x7b, 0x27, 0x88, 0x27, 0x7b, 0x27, 0x88, 0x27, 0x7b,
  0x27, 0x88, 0x27, 0x7b, 0x27, 0x88, 0x27, 0x7b, 0x27, 0x88, 0x27, 0x7b,
  0x27, 0x88, 0x27, 0x7c, 0x27, 0x88, 0x27, 0x7b, 0x27, 0x88, 0x27, 0x7b,
  0x27, 0x88, 0x27, 0x7b, 0x27, 0x88, 0x26, 0x7b, 0x26, 0x87, 0x25, 0x7c,
  0x25, 0x87, 0x25, 0x7c, 0x26, 0x87, 0x26, 0x7c, 0x26, 0x87, 0x25, 0x7c,
  0x25, 0x87, 0x25, 0x7c, 0x25, 0x88, 0x25, 0x7b, 0x25, 0x88, 0x25, 0x7b,
  0x26, 0x88, 0x26, 0x7b, 0x25, 0x87, 0x25, 0x7b, 0x25, 0x87, 0x24, 0x7c,
  0x25, 0x87, 0x24, 0x7c, 0x24, 0x87, 0x24, 0x7c, 0x23, 0x87, 0x23, 0x7c,
  0x24, 0x87, 0x23, 0x7c, 0x24, 0x87, 0x24, 0x7c, 0x23, 0x87, 0x23, 0x7c,
  0x23, 0x87, 0x23, 0x7c, 0x24, 0x87, 0x23, 0x7c, 0x23, 0x87, 0x23, 0x7c,
  0x23, 0x87, 0x23, 0x7c, 0x23, 0x87, 0x23, 0x7c, 0x23, 0x87, 0x23, 0x7c,
  0x23, 0x87, 0x23, 0x7c, 0x23, 0x87, 0x23, 0x7c, 0x23, 0x87, 0x22, 0x7c,
  0x23, 0x87, 0x23, 0x7c, 0x23, 0x87, 0x23, 0x7c, 0x23, 0x87, 0x23, 0x7c,
  0x23, 0x87, 0x22, 0x7c, 0x22, 0x87, 0x23, 0x7c, 0x23, 0x87, 0x22, 0x7c,
  0x22, 0x87, 0x22, 0x7c, 0x22, 0x87, 0x22, 0x7c, 0x22, 0x87, 0x22, 0x7c,
  0x22, 0x87, 0x22, 0x7c, 0x22, 0x87, 0x22, 0x7c, 0x22, 0x87, 0x22, 0x7c,
  0x21, 0x87, 0x21, 0x7c, 0x21, 0x86, 0x21, 0x7c, 0x22, 0x86, 0x22, 0x7c,
  0x22, 0x87, 0x22, 0x7c, 0x22, 0x86, 0x22, 0x7c, 0x22, 0x87, 0x22, 0x7c,
  0x22, 0x87, 0x21, 0x7c, 0x21, 0x86, 0x21, 0x7c, 0x21, 0x86, 0x21, 0x7c,
  0x21, 0x86, 0x21, 0x7c, 0x20, 0x86, 0x21, 0x7c, 0x21, 0x86, 0x21, 0x7c,
  0x20, 0x86, 0x20, 0x7c, 0x20, 0x86, 0x20, 0x7c, 0x20, 0x86, 0x20, 0x7c,
  0x20, 0x86, 0x1f, 0x7c, 0x20, 0x86, 0x20, 0x7c, 0x20, 0x86, 0x20, 0x7c,
  0x20, 0x86, 0x1f, 0x7c, 0x20, 0x86, 0x20, 0x7c, 0x20, 0x86, 0x1f, 0x7c,
  0x1f, 0x86, 0x1f, 0x7c, 0x1f, 0x86, 0x1f, 0x7c, 0x1f, 0x86, 0x1f, 0x7c,
  0x1f, 0x86, 0x1f, 0x7c, 0x1f, 0x86, 0x1f, 0x7c, 0x1f, 0x86, 0x1f, 0x7c
};
static const unsigned int gc570d_no_signal_yuyv_len = 115200;
